name,ticker,cap_tier,sector,sub_segment,close_price,ret_1y,ret_2y,ret_3y,ret_4y,ret_5y,ret_6y,re_mw,re_pct,annual_mu,grid_tariff,solar_cost,unit_shield,annual_shield_cr,primary_model,targets
Adani Green Energy Ltd,ADANIGREEN,Large Cap,Power Utilities & Cleantech,Pure-Play Renewable IPP,1301.3,88.5,95.0,55.4,210.0,580.0,3200.0,11200.0,100.0,21500.0,7.5,3.0,4.5,9675.0,Khavda 30 GW Mega Renewable Energy Park,50 GW Renewable Capacity by 2030
Adani Power,ADANIPOWER,Large Cap,Power Utilities & Cleantech,Renewable Energy & Power,207.2,0.0,15.0,45.0,80.0,125.0,180.0,599.4,30.0,899.1,8.2,3.8,4.4,3956.0,Group Captive Solar & Rooftop PV (SEBI Rank #15),Targeting >55% clean electricity mix
TCS,TCS,Large Cap,IT & Software Services,IT & Digital Services,2304.0,-9.0,-3.0,18.0,44.0,80.0,126.0,416.8,51.0,625.2,9.2,3.6,5.6,3501.1,Group Captive Solar & Rooftop PV (SEBI Rank #6),Targeting >76% clean electricity mix
Tata Power Co Ltd,TATAPOWER,Large Cap,Power Utilities & Cleantech,Utility RE + Group Captive Solar Developer,368.0,-5.3,-23.7,40.3,70.0,131.8,590.4,5500.0,40.0,7200.0,7.8,3.3,4.5,3240.0,Utility RE + Group Captive Solar Developer,100% Clean Energy by 2045
Coal India,COALINDIA,Large Cap,Metals & Mining,Metals & Mining,415.35,18.0,51.0,99.0,152.0,215.0,288.0,384.0,18.0,576.0,8.2,3.8,4.4,2534.4,Group Captive Solar & Rooftop PV (SEBI Rank #33),Targeting >43% clean electricity mix
Hindustan Zinc,HINDZINC,Large Cap,Metals & Mining,Metals & Mining,601.0,19.0,53.0,102.0,156.0,220.0,294.0,380.9,19.0,571.3,8.2,3.8,4.4,2513.7,Group Captive Solar & Rooftop PV (SEBI Rank #34),Targeting >44% clean electricity mix
Power Grid Corpn,POWERGRID,Large Cap,Power Utilities & Cleantech,Renewable Energy & Power,266.0,20.0,55.0,105.0,160.0,225.0,300.0,371.1,20.0,556.7,8.2,3.8,4.4,2449.5,Group Captive Solar & Rooftop PV (SEBI Rank #35),Targeting >45% clean electricity mix
JSW Energy Ltd,JSWENERGY,Large Cap,Power Utilities & Cleantech,"Solar, Wind & Pumped Hydro Developer",539.85,1.7,-26.4,23.4,79.7,38.5,857.2,3200.0,45.0,4800.0,7.7,3.25,4.45,2136.0,"Solar, Wind & Pumped Hydro Developer","20 GW by 2030, 85% RE share"
Solar Industries,SOLARINDS,Large Cap,Power Utilities & Cleantech,Renewable Energy & Power,21445.0,32.0,34.0,96.0,163.0,240.0,327.0,291.1,32.0,436.7,8.2,3.8,4.4,1921.5,Group Captive Solar & Rooftop PV (SEBI Rank #47),Targeting >57% clean electricity mix
HDFC Bank,HDFCBANK,Large Cap,Banking & Financial Services,BFSI,712.1,-12.0,-9.0,9.0,32.0,65.0,108.0,219.5,13.0,329.2,8.9,3.7,5.2,1711.8,Group Captive Solar & Rooftop PV (SEBI Rank #3),Targeting >38% clean electricity mix
Adani Energy Sol,ADANIENSOL,Large Cap,Power Utilities & Cleantech,Renewable Energy & Power,1409.6,38.0,46.0,114.0,187.0,270.0,363.0,258.6,38.0,387.9,8.2,3.8,4.4,1706.8,Group Captive Solar & Rooftop PV (SEBI Rank #53),Targeting >63% clean electricity mix
Vedanta Aluminium Metal,VAML,Large Cap,Metals & Mining,Metals & Mining,437.75,39.0,48.0,117.0,191.0,275.0,369.0,256.8,39.0,385.2,8.2,3.8,4.4,1694.9,Group Captive Solar & Rooftop PV (SEBI Rank #54),Targeting >64% clean electricity mix
ICICI Bank,ICICIBANK,Large Cap,Banking & Financial Services,BFSI,1423.2,-11.0,-7.0,12.0,36.0,70.0,114.0,204.3,14.0,306.5,8.9,3.7,5.2,1593.8,Group Captive Solar & Rooftop PV (SEBI Rank #4),Targeting >39% clean electricity mix
UltraTech Cement Ltd,ULTRACEMCO,Large Cap,Cement & Building Materials,Group Captive Solar/Wind + WHRS,11408.0,-6.7,-3.3,38.2,82.4,54.2,181.7,1363.0,32.0,3600.0,8.2,3.8,4.4,1584.0,Group Captive Solar/Wind + WHRS,"85% Green by 2030, RE100 (100% by 2050)"
NTPC Ltd (Captive & Green),NTPC,Large Cap,Power Utilities & Cleantech,Utility Solar + Floating Solar at Reservoirs,332.5,-2.3,-25.0,35.4,108.3,134.4,290.7,3500.0,12.0,4500.0,6.5,3.1,3.4,1530.0,Utility Solar + Floating Solar at Reservoirs,60 GW RE by 2032 (NTPC Green Energy)
SBI,SBIN,Large Cap,Banking & Financial Services,BFSI,1016.1,-10.0,-5.0,15.0,40.0,75.0,120.0,187.6,15.0,281.4,8.9,3.7,5.2,1463.3,Group Captive Solar & Rooftop PV (SEBI Rank #5),Targeting >40% clean electricity mix
Hitachi Energy,POWERINDIA,Large Cap,Power Utilities & Cleantech,Renewable Energy & Power,31650.0,-10.0,15.0,40.0,130.0,230.0,340.0,211.6,25.0,317.4,8.2,3.8,4.4,1396.6,Group Captive Solar & Rooftop PV (SEBI Rank #70),Targeting >50% clean electricity mix
CG Power & Ind,CGPOWER,Large Cap,Power Utilities & Cleantech,Renewable Energy & Power,891.0,-9.0,17.0,43.0,134.0,235.0,346.0,210.6,26.0,315.9,8.2,3.8,4.4,1390.0,Group Captive Solar & Rooftop PV (SEBI Rank #71),Targeting >51% clean electricity mix
Power Fin.Corpn.,PFC,Large Cap,Power Utilities & Cleantech,Renewable Energy & Power,355.6,11.0,12.0,58.0,89.0,210.0,341.0,176.0,16.0,264.0,8.2,3.8,4.4,1161.6,Group Captive Solar & Rooftop PV (SEBI Rank #91),Targeting >41% clean electricity mix
Vedanta,VEDL,Large Cap,Metals & Mining,Metals & Mining,272.1,25.0,40.0,100.0,145.0,280.0,425.0,159.6,30.0,239.4,8.2,3.8,4.4,1053.4,Group Captive Solar & Rooftop PV (SEBI Rank #105),Targeting >55% clean electricity mix
Hyundai Motor I,HYUNDAI,Large Cap,Automotive & 2W/3W,Auto Ancillary & Components,2205.0,35.0,40.0,105.0,175.0,255.0,345.0,143.3,25.0,215.0,8.6,3.75,4.85,1042.8,Group Captive Solar & Rooftop PV (SEBI Rank #50),Targeting >50% clean electricity mix
Bajaj Finance,BAJFINANCE,Large Cap,Banking & Financial Services,BFSI,1060.5,-8.0,-1.0,21.0,48.0,85.0,132.0,132.1,17.0,198.1,8.9,3.7,5.2,1030.1,Group Captive Solar & Rooftop PV (SEBI Rank #7),Targeting >42% clean electricity mix
Lloyds Metals,LLOYDSME,Large Cap,Metals & Mining,Metals & Mining,1823.0,32.0,54.0,121.0,173.0,315.0,467.0,153.9,37.0,230.9,8.2,3.8,4.4,1016.0,Group Captive Solar & Rooftop PV (SEBI Rank #112),Targeting >62% clean electricity mix
Samvardh. Mothe.,MOTHERSON,Large Cap,Automotive & 2W/3W,Auto Ancillary & Components,160.7,40.0,50.0,120.0,195.0,280.0,375.0,135.7,30.0,203.5,8.6,3.75,4.85,987.0,Group Captive Solar & Rooftop PV (SEBI Rank #55),Targeting >55% clean electricity mix
Tata Motors,TMCV,Large Cap,Automotive & 2W/3W,Auto Ancillary & Components,458.2,42.0,54.0,126.0,203.0,290.0,387.0,135.0,32.0,202.5,8.6,3.75,4.85,982.1,Group Captive Solar & Rooftop PV (SEBI Rank #57),Targeting >57% clean electricity mix
Divi's Lab.,DIVISLAB,Large Cap,Pharmaceuticals & Healthcare,Pharma & Healthcare,9100.0,24.0,63.0,117.0,176.0,245.0,324.0,134.2,24.0,201.3,8.4,3.8,4.6,926.0,Group Captive Solar & Rooftop PV (SEBI Rank #39),Targeting >49% clean electricity mix
Shree Cement Ltd,SHREECEM,Large Cap,Cement & Building Materials,Captive Solar/Wind parks + WHRS integration,23855.0,-18.5,-9.3,-6.3,13.4,-17.5,17.8,666.5,58.0,1950.0,8.1,3.6,4.5,877.5,Captive Solar/Wind parks + WHRS integration,Reach >65% Green Power by 2027
Tata Steel Ltd,TATASTEEL,Large Cap,Metals & Mining,Group Captive PPA with TPREL,188.79,11.9,12.0,46.5,90.1,46.5,424.8,1036.0,16.0,2100.0,8.0,3.9,4.1,861.0,Group Captive PPA with TPREL,"50% Green by 2030, Net Zero 2045"
Life Insurance,LICI,Large Cap,Banking & Financial Services,BFSI,415.35,-6.0,3.0,27.0,56.0,95.0,144.0,105.1,19.0,157.6,8.9,3.7,5.2,819.5,Group Captive Solar & Rooftop PV (SEBI Rank #9),Targeting >44% clean electricity mix
S A I L,SAIL,Large Cap,Metals & Mining,Metals & Mining,196.8,-4.0,2.0,38.0,119.0,170.0,351.0,121.9,36.0,182.9,8.2,3.8,4.4,804.8,Group Captive Solar & Rooftop PV (SEBI Rank #141),Targeting >61% clean electricity mix
Bosch,BOSCHLTD,Large Cap,Automotive & 2W/3W,Auto Ancillary & Components,46820.0,-6.0,23.0,52.0,146.0,250.0,364.0,110.5,49.0,165.8,8.6,3.75,4.85,804.1,Group Captive Solar & Rooftop PV (SEBI Rank #74),Targeting >74% clean electricity mix
NHPC Ltd,NHPC,Large Cap,Power Utilities & Cleantech,Renewable Energy & Power,76.25,2.0,14.0,56.0,143.0,200.0,387.0,114.9,42.0,172.4,8.2,3.8,4.4,758.6,Group Captive Solar & Rooftop PV (SEBI Rank #147),Targeting >67% clean electricity mix
Waaree Energies,WAAREEENER,Large Cap,Power Utilities & Cleantech,Renewable Energy & Power,2635.0,5.0,20.0,65.0,155.0,215.0,255.0,113.7,15.0,170.6,8.2,3.8,4.4,750.6,Group Captive Solar & Rooftop PV (SEBI Rank #150),Targeting >40% clean electricity mix
NTPC Green Ene.,NTPCGREEN,Large Cap,Power Utilities & Cleantech,Renewable Energy & Power,89.36,8.0,26.0,74.0,167.0,230.0,273.0,112.9,18.0,169.4,8.2,3.8,4.4,745.4,Group Captive Solar & Rooftop PV (SEBI Rank #153),Targeting >43% clean electricity mix
NMDC,NMDC,Large Cap,Metals & Mining,Metals & Mining,84.7,11.0,32.0,83.0,179.0,245.0,291.0,111.7,21.0,167.6,8.2,3.8,4.4,737.4,Group Captive Solar & Rooftop PV (SEBI Rank #156),Targeting >46% clean electricity mix
Hind. Unilever,HINDUNILVR,Large Cap,Diversified & Manufacturing,Diversified Conglomerates,1973.4,-5.0,5.0,30.0,60.0,100.0,150.0,92.7,20.0,139.1,8.9,3.7,5.2,723.3,Group Captive Solar & Rooftop PV (SEBI Rank #10),Targeting >45% clean electricity mix
JSW Steel Ltd,JSWSTEEL,Large Cap,Metals & Mining,Group Captive PPA with JSW Energy,1325.0,16.0,28.6,70.0,109.8,98.3,377.0,782.0,14.0,1750.0,7.9,3.85,4.05,708.8,Group Captive PPA with JSW Energy,"1,000 MW Phase 1 + 1,500 MW Ph 2, Net Zero 2050"
Torrent Pharma.,TORNTPHARM,Large Cap,Pharmaceuticals & Healthcare,Pharma & Healthcare,4857.0,34.0,38.0,102.0,171.0,250.0,339.0,102.6,34.0,153.9,8.4,3.8,4.6,707.9,Group Captive Solar & Rooftop PV (SEBI Rank #49),Targeting >59% clean electricity mix
Vodafone Idea,IDEA,Large Cap,Telecom & Data Centers,Telecom & Connectivity,15.02,44.0,58.0,132.0,211.0,300.0,399.0,81.4,64.0,122.1,9.2,3.6,5.6,683.8,Group Captive Solar & Rooftop PV (SEBI Rank #59),Targeting >89% clean electricity mix
Tata Motors PVeh,TMPV,Large Cap,Automotive & 2W/3W,Auto Ancillary & Components,311.5,13.0,16.0,64.0,97.0,220.0,353.0,91.8,68.0,137.7,8.6,3.75,4.85,667.8,Group Captive Solar & Rooftop PV (SEBI Rank #93),Targeting >93% clean electricity mix
Kotak Mah. Bank,KOTAKBANK,Large Cap,Banking & Financial Services,BFSI,424.5,-1.0,13.0,42.0,76.0,120.0,174.0,84.5,24.0,126.8,8.9,3.7,5.2,659.4,Group Captive Solar & Rooftop PV (SEBI Rank #14),Targeting >49% clean electricity mix
Torrent Power,TORNTPOWER,Large Cap,Power Utilities & Cleantech,Renewable Energy & Power,1299.1,31.0,72.0,143.0,179.0,265.0,331.0,98.2,41.0,147.3,8.2,3.8,4.4,648.1,Group Captive Solar & Rooftop PV (SEBI Rank #176),Targeting >66% clean electricity mix
Ambuja Cements Ltd,AMBUJACEM,Large Cap,Cement & Building Materials,Cement,405.0,22.0,45.0,80.0,120.0,160.0,195.0,600.0,36.0,1450.0,8.1,3.7,4.4,638.0,Group Captive Solar & Wind + High WHRS Integration,60% Green Energy Mix by 2028; Net Zero 2050
Maruti Suzuki,MARUTI,Large Cap,Diversified & Manufacturing,Diversified Conglomerates,12694.0,1.0,17.0,48.0,84.0,130.0,186.0,79.8,26.0,119.7,8.9,3.7,5.2,622.4,Group Captive Solar & Rooftop PV (SEBI Rank #16),Targeting >51% clean electricity mix
Ather Energy,ATHERENERG,Large Cap,Power Utilities & Cleantech,Renewable Energy & Power,1584.0,36.0,37.0,53.0,94.0,185.0,256.0,94.2,16.0,141.3,8.2,3.8,4.4,621.7,Group Captive Solar & Rooftop PV (SEBI Rank #181),Targeting >41% clean electricity mix
Adani Enterp.,ADANIENT,Large Cap,Diversified & Manufacturing,Diversified Conglomerates,2938.0,2.0,19.0,51.0,88.0,135.0,192.0,79.5,27.0,119.2,8.9,3.7,5.2,619.8,Group Captive Solar & Rooftop PV (SEBI Rank #17),Targeting >52% clean electricity mix
Axis Bank,AXISBANK,Large Cap,Banking & Financial Services,BFSI,1273.0,3.0,21.0,54.0,92.0,140.0,198.0,79.3,28.0,118.9,8.9,3.7,5.2,618.3,Group Captive Solar & Rooftop PV (SEBI Rank #18),Targeting >53% clean electricity mix
Jindal Stain.,JSL,Large Cap,Metals & Mining,Metals & Mining,737.85,44.0,53.0,77.0,126.0,225.0,304.0,91.2,24.0,136.8,8.2,3.8,4.4,601.9,Group Captive Solar & Rooftop PV (SEBI Rank #189),Targeting >49% clean electricity mix
Reliance Industries Ltd,RELIANCE,Large Cap,Conglomerates & Diversified,Captive Mega-Hubs + 28k Tower Solar,1322.0,-3.1,-10.5,12.8,20.5,13.7,28.2,247.0,10.0,1200.0,7.8,3.4,4.4,528.0,Captive Mega-Hubs + 28k Tower Solar,"100 GW RE by 2030, Net Zero 2035"
Coforge,COFORGE,Large Cap,Automotive & 2W/3W,Auto Ancillary & Components,1972.8,-12.0,31.0,59.0,132.0,175.0,348.0,69.9,58.0,104.9,8.6,3.75,4.85,508.8,Group Captive Solar & Rooftop PV (SEBI Rank #133),Targeting >83% clean electricity mix
Hind.Aeronautics,HAL,Large Cap,Capital Goods & Engineering,Heavy Engineering & Capital Goods,4856.0,10.0,35.0,75.0,120.0,175.0,240.0,65.0,10.0,97.5,8.9,3.7,5.2,507.0,Group Captive Solar & Rooftop PV (SEBI Rank #25),Targeting >35% clean electricity mix
Bajaj Finserv,BAJAJFINSV,Large Cap,Banking & Financial Services,BFSI,1970.0,13.0,41.0,84.0,132.0,190.0,258.0,63.1,13.0,94.7,8.9,3.7,5.2,492.4,Group Captive Solar & Rooftop PV (SEBI Rank #28),Targeting >38% clean electricity mix
Eternal,ETERNAL,Large Cap,Diversified & Manufacturing,Diversified Conglomerates,322.75,14.0,43.0,87.0,136.0,195.0,264.0,62.3,14.0,93.4,8.9,3.7,5.2,485.7,Group Captive Solar & Rooftop PV (SEBI Rank #29),Targeting >39% clean electricity mix
Apollo Hospitals,APOLLOHOSP,Large Cap,Pharmaceuticals & Healthcare,Pharma & Healthcare,8650.0,0.0,35.0,70.0,90.0,200.0,320.0,69.1,30.0,103.6,8.4,3.8,4.6,476.6,Group Captive Solar & Rooftop PV (SEBI Rank #80),Targeting >55% clean electricity mix
Bharat Electron,BEL,Large Cap,Capital Goods & Engineering,Heavy Engineering & Capital Goods,405.35,15.0,45.0,90.0,140.0,200.0,270.0,59.3,15.0,88.9,8.9,3.7,5.2,462.3,Group Captive Solar & Rooftop PV (SEBI Rank #30),Targeting >40% clean electricity mix
O N G C,ONGC,Large Cap,Diversified & Manufacturing,Diversified Conglomerates,234.65,16.0,47.0,93.0,144.0,205.0,276.0,59.0,16.0,88.5,8.9,3.7,5.2,460.2,Group Captive Solar & Rooftop PV (SEBI Rank #31),Targeting >41% clean electricity mix
Oracle Fin.Serv.,OFSS,Large Cap,IT & Software Services,IT & Digital Services,12058.0,30.0,50.0,115.0,165.0,305.0,455.0,52.5,75.0,78.8,9.2,3.6,5.6,441.3,Group Captive Solar & Rooftop PV (SEBI Rank #110),Targeting >100% clean electricity mix
Zydus Lifesci.,ZYDUSLIFE,Large Cap,Pharmaceuticals & Healthcare,Pharma & Healthcare,1120.0,18.0,26.0,79.0,117.0,245.0,383.0,62.1,48.0,93.2,8.4,3.8,4.6,428.7,Group Captive Solar & Rooftop PV (SEBI Rank #98),Targeting >73% clean electricity mix
Nestle India,NESTLEIND,Large Cap,FMCG & Consumer Goods,FMCG & Consumer Packaged Goods,1410.5,17.0,49.0,96.0,148.0,210.0,282.0,54.4,17.0,81.6,8.9,3.7,5.2,424.3,Group Captive Solar & Rooftop PV (SEBI Rank #32),Targeting >42% clean electricity mix
Uno Minda,UNOMINDA,Large Cap,Automotive & 2W/3W,Auto Ancillary & Components,1249.7,15.0,40.0,95.0,115.0,185.0,235.0,57.7,35.0,86.6,8.6,3.75,4.85,420.0,Group Captive Solar & Rooftop PV (SEBI Rank #160),Targeting >60% clean electricity mix
Indus Towers,INDUSTOWER,Large Cap,Telecom & Data Centers,Telecom & Connectivity,376.8,38.0,66.0,139.0,197.0,345.0,503.0,49.7,83.0,74.6,9.2,3.6,5.6,417.8,Group Captive Solar & Rooftop PV (SEBI Rank #118),Targeting >100% clean electricity mix
Phoenix Mills,PHOENIXLTD,Large Cap,Textiles & Apparel,Textiles & Apparel,1942.0,18.0,46.0,104.0,127.0,200.0,253.0,55.6,38.0,83.4,8.6,3.75,4.85,404.5,Group Captive Solar & Rooftop PV (SEBI Rank #163),Targeting >63% clean electricity mix
Welspun Corp,WELCORP,Large Cap,Textiles & Apparel,Textiles & Apparel,2590.6,24.0,58.0,122.0,151.0,230.0,289.0,54.7,44.0,82.1,8.6,3.75,4.85,398.2,Group Captive Solar & Rooftop PV (SEBI Rank #169),Targeting >69% clean electricity mix
J K Cements,JKCEMENT,Mid Cap,Cement & Building Materials,Cement & Building Materials,5083.5,31.0,47.0,63.0,84.0,115.0,246.0,58.9,16.0,88.3,8.2,3.8,4.4,388.5,Group Captive Solar & Rooftop PV (SEBI Rank #241),Targeting >41% clean electricity mix
Avenue Super.,DMART,Large Cap,Diversified & Manufacturing,Diversified Conglomerates,3770.0,21.0,57.0,108.0,164.0,230.0,306.0,49.2,21.0,73.8,8.9,3.7,5.2,383.8,Group Captive Solar & Rooftop PV (SEBI Rank #36),Targeting >46% clean electricity mix
Shriram Finance,SHRIRAMFIN,Large Cap,Banking & Financial Services,BFSI,1041.0,22.0,59.0,111.0,168.0,235.0,312.0,49.0,22.0,73.5,8.9,3.7,5.2,382.2,Group Captive Solar & Rooftop PV (SEBI Rank #37),Targeting >47% clean electricity mix
Laurus Labs,LAURUSLABS,Large Cap,Pharmaceuticals & Healthcare,Pharma & Healthcare,1840.0,37.0,64.0,136.0,193.0,340.0,497.0,55.2,32.0,82.8,8.4,3.8,4.6,380.9,Group Captive Solar & Rooftop PV (SEBI Rank #117),Targeting >57% clean electricity mix
Persistent Systems,PERSISTENT,Large Cap,IT & Software Services,IT & Digital Services,5643.0,-13.0,29.0,56.0,128.0,170.0,342.0,44.5,57.0,66.8,9.2,3.6,5.6,374.1,Group Captive Solar & Rooftop PV (SEBI Rank #132),Targeting >82% clean electricity mix
Lupin,LUPIN,Large Cap,Pharmaceuticals & Healthcare,Pharma & Healthcare,2110.0,43.0,76.0,94.0,157.0,190.0,353.0,53.6,38.0,80.4,8.4,3.8,4.6,369.8,Group Captive Solar & Rooftop PV (SEBI Rank #123),Targeting >63% clean electricity mix
Mankind Pharma,MANKIND,Large Cap,Pharmaceuticals & Healthcare,Pharma & Healthcare,2327.9,44.0,78.0,97.0,161.0,195.0,359.0,53.4,39.0,80.1,8.4,3.8,4.6,368.5,Group Captive Solar & Rooftop PV (SEBI Rank #124),Targeting >64% clean electricity mix
Max Healthcare,MAXHEALTH,Large Cap,Pharmaceuticals & Healthcare,Pharma & Healthcare,984.8,46.0,82.0,103.0,169.0,205.0,371.0,53.3,41.0,79.9,8.4,3.8,4.6,367.5,Group Captive Solar & Rooftop PV (SEBI Rank #126),Targeting >66% clean electricity mix
Dixon Technolog.,DIXON,Large Cap,IT & Software Services,IT & Digital Services,14240.0,-11.0,33.0,62.0,136.0,180.0,354.0,43.6,59.0,65.4,9.2,3.6,5.6,366.2,Group Captive Solar & Rooftop PV (SEBI Rank #134),Targeting >84% clean electricity mix
Dalmia Bharat Ltd,DALBHARAT,Mid Cap,Cement & Building Materials,"RE100, Captive Solar + Open Access",1749.3,-21.3,-9.4,-27.1,9.6,-16.8,124.2,410.0,47.0,850.0,8.0,3.7,4.3,365.5,"RE100, Captive Solar + Open Access","100% RE by 2030, Carbon Negative 2040"
Aurobindo Pharma,AUROPHARMA,Large Cap,Pharmaceuticals & Healthcare,Pharma & Healthcare,1653.1,49.0,88.0,112.0,181.0,220.0,389.0,52.8,44.0,79.2,8.4,3.8,4.6,364.3,Group Captive Solar & Rooftop PV (SEBI Rank #129),Targeting >69% clean electricity mix
PB Fintech.,POLICYBZR,Large Cap,IT & Software Services,IT & Digital Services,1836.0,-8.0,-6.0,26.0,103.0,150.0,327.0,42.5,62.0,63.8,9.2,3.6,5.6,357.3,Group Captive Solar & Rooftop PV (SEBI Rank #137),Targeting >87% clean electricity mix
Sai Life,SAILIFE,Mid Cap,Metals & Mining,Metals & Mining,1584.3,-5.0,-5.0,40.0,90.0,150.0,310.0,50.5,15.0,75.8,8.2,3.8,4.4,333.5,Group Captive Solar & Rooftop PV (SEBI Rank #270),Targeting >40% clean electricity mix
ACC Limited,ACC,Mid Cap,Cement & Building Materials,Cement,1283.8,14.0,26.0,48.0,75.0,92.0,125.0,320.0,30.0,780.0,8.0,3.75,4.25,331.5,Onsite WHRS + Group Captive Solar PPA,50% Green Power by 2028
MRF,MRF,Large Cap,Automotive & 2W/3W,Auto Ancillary & Components,129945.0,-14.0,2.0,33.0,89.0,195.0,281.0,44.1,71.0,66.2,8.6,3.75,4.85,321.1,Group Captive Solar & Rooftop PV (SEBI Rank #196),Targeting >96% clean electricity mix
Indian Renewable,IREDA,Mid Cap,Power Utilities & Cleantech,Renewable Energy & Power,113.64,10.0,25.0,85.0,150.0,225.0,400.0,47.9,30.0,71.8,8.2,3.8,4.4,315.9,Group Captive Solar & Rooftop PV (SEBI Rank #285),Targeting >55% clean electricity mix
I O C L,IOC,Large Cap,Diversified & Manufacturing,Diversified Conglomerates,137.6,31.0,32.0,93.0,159.0,235.0,321.0,38.9,31.0,58.3,8.9,3.7,5.2,303.2,Group Captive Solar & Rooftop PV (SEBI Rank #46),Targeting >56% clean electricity mix
Interglobe Aviat,INDIGO,Large Cap,Diversified & Manufacturing,Diversified Conglomerates,4977.0,33.0,36.0,99.0,167.0,245.0,333.0,38.5,33.0,57.8,8.9,3.7,5.2,300.6,Group Captive Solar & Rooftop PV (SEBI Rank #48),Targeting >58% clean electricity mix
Shyam Metalics,SHYAMMETL,Mid Cap,Metals & Mining,Metals & Mining,1065.3,25.0,55.0,70.0,150.0,240.0,280.0,44.6,15.0,66.9,8.2,3.8,4.4,294.4,Group Captive Solar & Rooftop PV (SEBI Rank #300),Targeting >40% clean electricity mix
ACME Solar Hold.,ACMESOLAR,Mid Cap,Power Utilities & Cleantech,Renewable Energy & Power,418.0,26.0,57.0,73.0,154.0,245.0,286.0,44.3,16.0,66.4,8.2,3.8,4.4,292.2,Group Captive Solar & Rooftop PV (SEBI Rank #301),Targeting >41% clean electricity mix
Sona BLW Precis.,SONACOMS,Mid Cap,Automotive & 2W/3W,Auto Ancillary & Components,789.0,4.0,38.0,87.0,161.0,285.0,389.0,39.4,39.0,59.1,8.6,3.75,4.85,286.6,Group Captive Solar & Rooftop PV (SEBI Rank #214),Targeting >64% clean electricity mix
SBI Life Insuran,SBILIFE,Large Cap,Banking & Financial Services,BFSI,1775.0,36.0,42.0,108.0,179.0,260.0,351.0,35.6,11.0,53.4,8.9,3.7,5.2,277.7,Group Captive Solar & Rooftop PV (SEBI Rank #51),Targeting >36% clean electricity mix
Orient Green Power Co,GREENPOWER,Small Cap,Power Utilities & Cleantech,Independent Power Producer (IPP),9.24,-28.0,-54.9,-28.6,20.2,223.7,457.5,402.0,100.0,620.0,7.6,3.3,4.3,266.6,Independent Power Producer (IPP),1 GW green energy portfolio
DLF,DLF,Large Cap,Diversified & Manufacturing,Diversified Conglomerates,681.9,41.0,52.0,123.0,199.0,285.0,381.0,33.8,16.0,50.7,8.9,3.7,5.2,263.6,Group Captive Solar & Rooftop PV (SEBI Rank #56),Targeting >41% clean electricity mix
Glenmark Pharma.,GLENMARK,Large Cap,Pharmaceuticals & Healthcare,Pharma & Healthcare,2437.2,20.0,50.0,110.0,135.0,210.0,265.0,38.2,45.0,57.3,8.4,3.8,4.6,263.6,Group Captive Solar & Rooftop PV (SEBI Rank #165),Targeting >70% clean electricity mix
Fortis Health.,FORTIS,Large Cap,Pharmaceuticals & Healthcare,Pharma & Healthcare,905.0,25.0,60.0,125.0,155.0,235.0,295.0,38.0,50.0,57.0,8.4,3.8,4.6,262.2,Group Captive Solar & Rooftop PV (SEBI Rank #170),Targeting >75% clean electricity mix
Jindal Stainless Ltd,JINDALSTEL,Large Cap,Metals & Mining,Captive Hybrid PPA with ReNew & Rooftop,1165.0,9.5,12.1,66.1,171.8,199.3,523.5,300.0,18.0,650.0,7.8,3.8,4.0,260.0,Captive Hybrid PPA with ReNew & Rooftop,50% Carbon Reduction by 2035
Pidilite Inds.,PIDILITIND,Large Cap,Diversified & Manufacturing,Diversified Conglomerates,1629.5,43.0,56.0,129.0,207.0,295.0,393.0,33.2,18.0,49.8,8.9,3.7,5.2,259.0,Group Captive Solar & Rooftop PV (SEBI Rank #58),Targeting >43% clean electricity mix
Balkrishna Inds,BALKRISIND,Mid Cap,Automotive & 2W/3W,Auto Ancillary & Components,2284.6,15.0,15.0,75.0,160.0,295.0,410.0,35.3,50.0,52.9,8.6,3.75,4.85,256.6,Group Captive Solar & Rooftop PV (SEBI Rank #225),Targeting >75% clean electricity mix
Bharti Airtel Ltd (Nxtra),BHARTIARTL,Large Cap,Telecom & Data Centers,Open Access Solar/Wind + Distributed Rooftop,1840.0,-2.0,7.6,98.6,130.0,167.3,345.3,120.0,49.0,483.0,9.5,4.2,5.3,256.0,Open Access Solar/Wind + Distributed Rooftop,RE100 (100% RE in Nxtra Data Centers by 2030)
SJVN,SJVN,Mid Cap,Power Utilities & Cleantech,Renewable Energy & Power,65.23,-12.0,1.0,44.0,72.0,190.0,258.0,38.5,43.0,57.8,8.2,3.8,4.4,254.3,Group Captive Solar & Rooftop PV (SEBI Rank #328),Targeting >68% clean electricity mix
Tata Capital,TATACAP,Large Cap,Diversified & Manufacturing,Diversified Conglomerates,375.05,45.0,60.0,75.0,155.0,245.0,345.0,31.8,20.0,47.7,8.9,3.7,5.2,248.0,Group Captive Solar & Rooftop PV (SEBI Rank #60),Targeting >45% clean electricity mix
Jio Financial,JIOFIN,Large Cap,Diversified & Manufacturing,Diversified Conglomerates,239.5,46.0,62.0,78.0,159.0,250.0,351.0,31.6,21.0,47.4,8.9,3.7,5.2,246.5,Group Captive Solar & Rooftop PV (SEBI Rank #61),Targeting >46% clean electricity mix
Gujarat Energy,GUJENERGY,Mid Cap,Power Utilities & Cleantech,Renewable Energy & Power,263.59,-7.0,11.0,59.0,92.0,215.0,288.0,37.1,18.0,55.7,8.2,3.8,4.4,245.1,Group Captive Solar & Rooftop PV (SEBI Rank #333),Targeting >43% clean electricity mix
Cholaman.Inv.&Fn,CHOLAFIN,Large Cap,Diversified & Manufacturing,Diversified Conglomerates,1839.0,47.0,64.0,81.0,163.0,255.0,357.0,31.4,22.0,47.1,8.9,3.7,5.2,244.9,Group Captive Solar & Rooftop PV (SEBI Rank #62),Targeting >47% clean electricity mix
A B B,ABB,Large Cap,Capital Goods & Engineering,Heavy Engineering & Capital Goods,7410.0,48.0,66.0,84.0,167.0,260.0,363.0,31.4,23.0,47.1,8.9,3.7,5.2,244.9,Group Captive Solar & Rooftop PV (SEBI Rank #63),Targeting >48% clean electricity mix
Hindalco Industries Ltd,HINDALCO,Large Cap,Metals & Mining,RTC RE PPA with Greenko (Pumped Hydro),1011.0,32.7,33.7,105.2,158.9,107.2,476.9,190.0,8.0,650.0,7.5,3.8,3.7,240.5,RTC RE PPA with Greenko (Pumped Hydro),"350 MW RTC RE for smelters, Net Zero 2050"
Alkem Lab,ALKEM,Large Cap,Pharmaceuticals & Healthcare,Pharma & Healthcare,5190.0,40.0,45.0,65.0,110.0,205.0,280.0,34.5,30.0,51.8,8.4,3.8,4.6,238.3,Group Captive Solar & Rooftop PV (SEBI Rank #185),Targeting >55% clean electricity mix
Trent,TRENT,Large Cap,Diversified & Manufacturing,Diversified Conglomerates,2853.0,-15.0,5.0,25.0,110.0,205.0,310.0,30.4,25.0,45.6,8.9,3.7,5.2,237.1,Group Captive Solar & Rooftop PV (SEBI Rank #65),Targeting >50% clean electricity mix
Page Industries,PAGEIND,Mid Cap,Textiles & Apparel,Textiles & Apparel,36300.0,26.0,37.0,108.0,204.0,350.0,476.0,32.4,61.0,48.6,8.6,3.75,4.85,235.7,Group Captive Solar & Rooftop PV (SEBI Rank #236),Targeting >86% clean electricity mix
B H E L,BHEL,Large Cap,Capital Goods & Engineering,Heavy Engineering & Capital Goods,431.1,-14.0,7.0,28.0,114.0,210.0,316.0,30.0,26.0,45.0,8.9,3.7,5.2,234.0,Group Captive Solar & Rooftop PV (SEBI Rank #66),Targeting >51% clean electricity mix
ICICI AMC,ICICIAMC,Large Cap,Banking & Financial Services,BFSI,2970.9,-13.0,9.0,31.0,118.0,215.0,322.0,29.4,27.0,44.1,8.9,3.7,5.2,229.3,Group Captive Solar & Rooftop PV (SEBI Rank #67),Targeting >52% clean electricity mix
CreditAcc. Gram.,CREDITACC,Mid Cap,Cement & Building Materials,Cement & Building Materials,1443.1,12.0,49.0,116.0,168.0,310.0,402.0,34.7,37.0,52.1,8.2,3.8,4.4,229.2,Group Captive Solar & Rooftop PV (SEBI Rank #352),Targeting >62% clean electricity mix
TD Power Systems,TDPOWERSYS,Mid Cap,Power Utilities & Cleantech,Renewable Energy & Power,740.1,13.0,51.0,119.0,172.0,315.0,408.0,34.7,38.0,52.1,8.2,3.8,4.4,229.2,Group Captive Solar & Rooftop PV (SEBI Rank #353),Targeting >63% clean electricity mix
Altius Telecom,543225,Large Cap,Telecom & Data Centers,Telecom & Connectivity,178.0,-13.0,4.0,36.0,93.0,200.0,287.0,27.1,82.0,40.7,9.2,3.6,5.6,227.9,Group Captive Solar & Rooftop PV (SEBI Rank #197),Targeting >100% clean electricity mix
Endurance Tech.,ENDURANCE,Mid Cap,Automotive & 2W/3W,Auto Ancillary & Components,2782.8,33.0,51.0,69.0,92.0,125.0,258.0,31.3,68.0,47.0,8.6,3.75,4.85,227.9,Group Captive Solar & Rooftop PV (SEBI Rank #243),Targeting >93% clean electricity mix
Union Bank (I),UNIONBANK,Large Cap,Banking & Financial Services,BFSI,187.22,-12.0,11.0,34.0,122.0,220.0,328.0,28.6,28.0,42.9,8.9,3.7,5.2,223.1,Group Captive Solar & Rooftop PV (SEBI Rank #68),Targeting >53% clean electricity mix
Siemens,SIEMENS,Large Cap,Capital Goods & Engineering,Heavy Engineering & Capital Goods,3977.0,-11.0,13.0,37.0,126.0,225.0,334.0,28.3,29.0,42.5,8.9,3.7,5.2,221.0,Group Captive Solar & Rooftop PV (SEBI Rank #69),Targeting >54% clean electricity mix
The Ramco Cements Ltd,RAMCOCEM,Mid Cap,Cement & Building Materials,Captive Wind farms in TN + Rooftop Solar,884.5,-10.5,1.7,-3.1,16.9,-10.4,17.1,215.0,42.0,480.0,8.3,3.75,4.55,218.4,Captive Wind farms in TN + Rooftop Solar,60% RE by 2030
BSE,BSE,Large Cap,Diversified & Manufacturing,Diversified Conglomerates,3409.8,-7.0,21.0,49.0,142.0,245.0,358.0,27.8,33.0,41.7,8.9,3.7,5.2,216.8,Group Captive Solar & Rooftop PV (SEBI Rank #73),Targeting >58% clean electricity mix
KPR Mill Ltd,KPRMILL,Mid Cap,Textiles & Apparel,Captive Wind & Solar Parks (100% self-reliant),1186.3,11.2,24.1,57.2,120.9,178.4,810.6,191.9,100.0,450.0,8.2,3.4,4.8,216.0,Captive Wind & Solar Parks (100% self-reliant),100% RE achieved in FY26
Varun Beverages,VBL,Large Cap,FMCG & Consumer Goods,FMCG & Consumer Packaged Goods,407.6,-5.0,25.0,55.0,150.0,255.0,370.0,27.6,10.0,41.4,8.9,3.7,5.2,215.3,Group Captive Solar & Rooftop PV (SEBI Rank #75),Targeting >35% clean electricity mix
B P C L,BPCL,Large Cap,Diversified & Manufacturing,Diversified Conglomerates,315.7,-4.0,27.0,58.0,154.0,260.0,376.0,27.4,11.0,41.1,8.9,3.7,5.2,213.7,Group Captive Solar & Rooftop PV (SEBI Rank #76),Targeting >36% clean electricity mix
LTM,LTM,Large Cap,Diversified & Manufacturing,Diversified Conglomerates,4554.0,-3.0,29.0,61.0,158.0,265.0,382.0,27.0,12.0,40.5,8.9,3.7,5.2,210.6,Group Captive Solar & Rooftop PV (SEBI Rank #77),Targeting >37% clean electricity mix
Tata Comm,TATACOMM,Large Cap,Telecom & Data Centers,Telecom & Connectivity,1756.1,-2.0,26.0,69.0,137.0,255.0,353.0,25.0,53.0,37.5,9.2,3.6,5.6,210.0,Group Captive Solar & Rooftop PV (SEBI Rank #208),Targeting >78% clean electricity mix
Punjab Natl.Bank,PNB,Large Cap,Banking & Financial Services,BFSI,117.0,-2.0,31.0,64.0,162.0,270.0,388.0,26.9,13.0,40.3,8.9,3.7,5.2,209.6,Group Captive Solar & Rooftop PV (SEBI Rank #78),Targeting >38% clean electricity mix
ITC Limited,ITC,Large Cap,FMCG & Consumer Goods,Offsite Solar/Wind + Biomass boilers,264.1,-34.2,-47.1,-38.3,-17.4,16.1,59.7,195.0,52.0,420.0,8.5,3.75,4.75,199.5,Offsite Solar/Wind + Biomass boilers,>50% RE maintained; Sustainability 2.0
Diamond Power,DIACABS,Mid Cap,Power Utilities & Cleantech,Renewable Energy & Power,331.8,43.0,66.0,104.0,187.0,240.0,363.0,29.8,38.0,44.7,8.2,3.8,4.4,196.7,Group Captive Solar & Rooftop PV (SEBI Rank #383),Targeting >63% clean electricity mix
Mphasis,MPHASIS,Mid Cap,IT & Software Services,IT & Digital Services,2422.0,10.0,50.0,105.0,185.0,315.0,425.0,23.1,65.0,34.7,9.2,3.6,5.6,194.3,Group Captive Solar & Rooftop PV (SEBI Rank #220),Targeting >90% clean electricity mix
Jindal Saw,JINDALSAW,Mid Cap,Metals & Mining,Metals & Mining,305.3,47.0,74.0,116.0,203.0,260.0,387.0,29.3,42.0,44.0,8.2,3.8,4.4,193.6,Group Captive Solar & Rooftop PV (SEBI Rank #387),Targeting >67% clean electricity mix
Bajaj Holdings,BAJAJHLDNG,Large Cap,Diversified & Manufacturing,Diversified Conglomerates,11162.0,1.0,37.0,73.0,94.0,205.0,326.0,24.8,16.0,37.2,8.9,3.7,5.2,193.4,Group Captive Solar & Rooftop PV (SEBI Rank #81),Targeting >41% clean electricity mix
Bank of Baroda,BANKBARODA,Large Cap,Banking & Financial Services,BFSI,239.0,2.0,39.0,76.0,98.0,210.0,332.0,24.7,17.0,37.0,8.9,3.7,5.2,192.4,Group Captive Solar & Rooftop PV (SEBI Rank #82),Targeting >42% clean electricity mix
Britannia Inds.,BRITANNIA,Large Cap,FMCG & Consumer Goods,FMCG & Consumer Packaged Goods,5101.5,3.0,41.0,79.0,102.0,215.0,338.0,24.6,18.0,36.9,8.9,3.7,5.2,191.9,Group Captive Solar & Rooftop PV (SEBI Rank #83),Targeting >43% clean electricity mix
Glaxosmi. Pharma,GLAXO,Large Cap,Pharmaceuticals & Healthcare,Pharma & Healthcare,2958.1,-3.0,24.0,66.0,133.0,250.0,347.0,27.8,52.0,41.7,8.4,3.8,4.6,191.8,Group Captive Solar & Rooftop PV (SEBI Rank #207),Targeting >77% clean electricity mix
Gujarat Fluoroch,FLUOROCHEM,Large Cap,Chemicals & Petrochemicals,Specialty Chemicals,4554.0,-1.0,28.0,72.0,141.0,260.0,359.0,27.8,54.0,41.7,8.4,3.8,4.6,191.8,Group Captive Solar & Rooftop PV (SEBI Rank #209),Targeting >79% clean electricity mix
Ipca Labs.,IPCALAB,Mid Cap,Pharmaceuticals & Healthcare,Pharma & Healthcare,1965.3,1.0,32.0,78.0,149.0,270.0,371.0,27.7,21.0,41.5,8.4,3.8,4.6,190.9,Group Captive Solar & Rooftop PV (SEBI Rank #211),Targeting >46% clean electricity mix
Lodha Developers,LODHA,Large Cap,Diversified & Manufacturing,Diversified Conglomerates,1222.0,4.0,43.0,82.0,106.0,220.0,344.0,24.4,19.0,36.6,8.9,3.7,5.2,190.3,Group Captive Solar & Rooftop PV (SEBI Rank #84),Targeting >44% clean electricity mix
Billionbrains,GROWW,Large Cap,Diversified & Manufacturing,Diversified Conglomerates,194.0,5.0,45.0,85.0,110.0,225.0,350.0,24.3,20.0,36.5,8.9,3.7,5.2,189.8,Group Captive Solar & Rooftop PV (SEBI Rank #85),Targeting >45% clean electricity mix
Ratnamani Metals,RATNAMANI,Mid Cap,Metals & Mining,Metals & Mining,2727.0,-12.0,21.0,69.0,162.0,225.0,358.0,28.7,18.0,43.0,8.2,3.8,4.4,189.2,Group Captive Solar & Rooftop PV (SEBI Rank #393),Targeting >43% clean electricity mix
UPL,UPL,Mid Cap,Chemicals & Petrochemicals,Specialty Chemicals,582.15,5.0,40.0,90.0,165.0,290.0,395.0,27.3,25.0,41.0,8.4,3.8,4.6,188.6,Group Captive Solar & Rooftop PV (SEBI Rank #215),Targeting >50% clean electricity mix
Lenskart Solut.,LENSKART,Large Cap,Diversified & Manufacturing,Diversified Conglomerates,684.9,6.0,47.0,88.0,114.0,230.0,356.0,23.8,21.0,35.7,8.9,3.7,5.2,185.6,Group Captive Solar & Rooftop PV (SEBI Rank #86),Targeting >46% clean electricity mix
Gland Pharma,GLAND,Mid Cap,Pharmaceuticals & Healthcare,Pharma & Healthcare,2932.4,6.0,42.0,93.0,169.0,295.0,401.0,26.9,26.0,40.3,8.4,3.8,4.6,185.4,Group Captive Solar & Rooftop PV (SEBI Rank #216),Targeting >51% clean electricity mix
HDFC Life Insur.,HDFCLIFE,Large Cap,Banking & Financial Services,BFSI,546.4,8.0,51.0,94.0,122.0,240.0,368.0,23.7,23.0,35.5,8.9,3.7,5.2,184.6,Group Captive Solar & Rooftop PV (SEBI Rank #88),Targeting >48% clean electricity mix
Indian Bank,INDIANB,Large Cap,Banking & Financial Services,BFSI,879.7,9.0,53.0,97.0,126.0,245.0,374.0,23.7,24.0,35.5,8.9,3.7,5.2,184.6,Group Captive Solar & Rooftop PV (SEBI Rank #89),Targeting >49% clean electricity mix
Grasim Industries Ltd,GRASIM,Large Cap,Chemicals & Petrochemicals,Group Captive Solar/Wind + Biomass,3322.0,20.5,18.8,71.7,99.1,99.8,348.2,185.0,24.0,450.0,7.9,3.8,4.1,184.5,Group Captive Solar/Wind + Biomass,50% RE by 2030
Aditya Infotech,CPPLUS,Mid Cap,IT & Software Services,IT & Digital Services,3704.6,19.0,23.0,87.0,176.0,315.0,434.0,21.9,74.0,32.8,9.2,3.6,5.6,183.7,Group Captive Solar & Rooftop PV (SEBI Rank #229),Targeting >99% clean electricity mix
Honeywell Auto,HONAUT,Mid Cap,Automotive & 2W/3W,Auto Ancillary & Components,35655.0,14.0,33.0,97.0,166.0,245.0,424.0,25.2,64.0,37.8,8.6,3.75,4.85,183.3,Group Captive Solar & Rooftop PV (SEBI Rank #289),Targeting >89% clean electricity mix
Muthoot Finance,MUTHOOTFIN,Large Cap,Banking & Financial Services,BFSI,2913.8,12.0,14.0,61.0,93.0,215.0,347.0,23.4,27.0,35.1,8.9,3.7,5.2,182.5,Group Captive Solar & Rooftop PV (SEBI Rank #92),Targeting >52% clean electricity mix
SBI Funds Mgt.,SBIFUNDS,Large Cap,Banking & Financial Services,BFSI,562.1,14.0,18.0,67.0,101.0,225.0,359.0,22.9,29.0,34.3,8.9,3.7,5.2,178.4,Group Captive Solar & Rooftop PV (SEBI Rank #94),Targeting >54% clean electricity mix
GAIL (India),GAIL,Large Cap,Diversified & Manufacturing,Diversified Conglomerates,173.4,15.0,20.0,70.0,105.0,230.0,365.0,22.8,30.0,34.2,8.9,3.7,5.2,177.8,Group Captive Solar & Rooftop PV (SEBI Rank #95),Targeting >55% clean electricity mix
Canara Bank,CANBK,Large Cap,Banking & Financial Services,BFSI,125.5,16.0,22.0,73.0,109.0,235.0,371.0,22.8,31.0,34.2,8.9,3.7,5.2,177.8,Group Captive Solar & Rooftop PV (SEBI Rank #96),Targeting >56% clean electricity mix
Sarda Energy,SARDAEN,Mid Cap,Power Utilities & Cleantech,Renewable Energy & Power,508.55,5.0,10.0,75.0,105.0,185.0,335.0,26.9,35.0,40.3,8.2,3.8,4.4,177.3,Group Captive Solar & Rooftop PV (SEBI Rank #410),Targeting >60% clean electricity mix
LG Electronics,LGEINDIA,Large Cap,Diversified & Manufacturing,Diversified Conglomerates,1640.7,19.0,28.0,82.0,121.0,250.0,389.0,22.3,34.0,33.5,8.9,3.7,5.2,174.2,Group Captive Solar & Rooftop PV (SEBI Rank #99),Targeting >59% clean electricity mix
Siemens Ener.Ind,ENRIN,Large Cap,Capital Goods & Engineering,Heavy Engineering & Capital Goods,3115.7,20.0,30.0,85.0,125.0,255.0,395.0,22.2,10.0,33.3,8.9,3.7,5.2,173.2,Group Captive Solar & Rooftop PV (SEBI Rank #100),Targeting >35% clean electricity mix
Aditya Birla Cap,ABCAPITAL,Large Cap,Diversified & Manufacturing,Diversified Conglomerates,404.9,21.0,32.0,88.0,129.0,260.0,401.0,22.2,11.0,33.3,8.9,3.7,5.2,173.2,Group Captive Solar & Rooftop PV (SEBI Rank #101),Targeting >36% clean electricity mix
Craftsman Auto,CRAFTSMAN,Mid Cap,Automotive & 2W/3W,Auto Ancillary & Components,11398.0,24.0,53.0,127.0,206.0,295.0,484.0,23.8,74.0,35.7,8.6,3.75,4.85,173.1,Group Captive Solar & Rooftop PV (SEBI Rank #299),Targeting >99% clean electricity mix
GE Vernova T&D,GVT&D,Large Cap,Diversified & Manufacturing,Diversified Conglomerates,4306.3,22.0,34.0,91.0,133.0,265.0,407.0,22.1,12.0,33.2,8.9,3.7,5.2,172.6,Group Captive Solar & Rooftop PV (SEBI Rank #102),Targeting >37% clean electricity mix
I R F C,IRFC,Large Cap,Diversified & Manufacturing,Diversified Conglomerates,83.4,23.0,36.0,94.0,137.0,270.0,413.0,21.8,13.0,32.7,8.9,3.7,5.2,170.0,Group Captive Solar & Rooftop PV (SEBI Rank #103),Targeting >38% clean electricity mix
Navin Fluo.Intl.,NAVINFLUOR,Mid Cap,Chemicals & Petrochemicals,Specialty Chemicals,8557.5,18.0,21.0,84.0,172.0,310.0,428.0,24.4,38.0,36.6,8.4,3.8,4.6,168.4,Group Captive Solar & Rooftop PV (SEBI Rank #228),Targeting >63% clean electricity mix
JSW Cement,JSWCEMENT,Mid Cap,Cement & Building Materials,Cement & Building Materials,124.07,24.0,48.0,72.0,121.0,220.0,389.0,25.4,24.0,38.1,8.2,3.8,4.4,167.6,Group Captive Solar & Rooftop PV (SEBI Rank #429),Targeting >49% clean electricity mix
United Spirits,UNITDSPR,Large Cap,FMCG & Consumer Goods,FMCG & Consumer Packaged Goods,1471.7,24.0,38.0,97.0,141.0,275.0,419.0,21.4,14.0,32.1,8.9,3.7,5.2,166.9,Group Captive Solar & Rooftop PV (SEBI Rank #104),Targeting >39% clean electricity mix
Ajanta Pharma,AJANTPHARM,Mid Cap,Pharmaceuticals & Healthcare,Pharma & Healthcare,3464.8,21.0,27.0,93.0,184.0,325.0,446.0,24.1,41.0,36.2,8.4,3.8,4.6,166.5,Group Captive Solar & Rooftop PV (SEBI Rank #231),Targeting >66% clean electricity mix
One 97,PAYTM,Large Cap,Diversified & Manufacturing,Diversified Conglomerates,1659.5,26.0,42.0,103.0,149.0,285.0,431.0,21.3,16.0,32.0,8.9,3.7,5.2,166.4,Group Captive Solar & Rooftop PV (SEBI Rank #106),Targeting >41% clean electricity mix
HDFC AMC,HDFCAMC,Large Cap,Banking & Financial Services,BFSI,2458.3,29.0,48.0,112.0,161.0,300.0,449.0,21.1,19.0,31.7,8.9,3.7,5.2,164.8,Group Captive Solar & Rooftop PV (SEBI Rank #109),Targeting >44% clean electricity mix
Infosys Ltd,INFY,Large Cap,IT & Software Services,Campus Rooftop PV + Green Tariffs,1130.0,-21.6,-39.8,-21.3,-20.1,-32.5,12.1,60.0,77.7,285.0,9.2,3.5,5.7,162.5,Campus Rooftop PV + Green Tariffs,"RE100 Signatory, 100% RE electricity target"
Sterlite Tech.,STLTECH,Mid Cap,IT & Software Services,IT & Digital Services,748.9,36.0,57.0,78.0,104.0,140.0,276.0,19.2,51.0,28.8,9.2,3.6,5.6,161.3,Group Captive Solar & Rooftop PV (SEBI Rank #246),Targeting >76% clean electricity mix
GMR Airports,GMRAIRPORT,Large Cap,Diversified & Manufacturing,Diversified Conglomerates,97.45,31.0,52.0,118.0,169.0,310.0,461.0,20.6,21.0,30.9,8.9,3.7,5.2,160.7,Group Captive Solar & Rooftop PV (SEBI Rank #111),Targeting >46% clean electricity mix
Godawari Power,GPIL,Mid Cap,Power Utilities & Cleantech,Renewable Energy & Power,240.67,41.0,82.0,123.0,189.0,305.0,491.0,24.3,41.0,36.5,8.2,3.8,4.4,160.6,Group Captive Solar & Rooftop PV (SEBI Rank #446),Targeting >66% clean electricity mix
Indian Hotels Co,INDHOTEL,Large Cap,Diversified & Manufacturing,Diversified Conglomerates,720.0,33.0,56.0,124.0,177.0,320.0,473.0,20.5,23.0,30.8,8.9,3.7,5.2,160.2,Group Captive Solar & Rooftop PV (SEBI Rank #113),Targeting >48% clean electricity mix
Tata Consumer,TATACONSUM,Large Cap,FMCG & Consumer Goods,FMCG & Consumer Packaged Goods,1010.0,35.0,60.0,130.0,185.0,330.0,485.0,20.0,25.0,30.0,8.9,3.7,5.2,156.0,Group Captive Solar & Rooftop PV (SEBI Rank #115),Targeting >50% clean electricity mix
Mazagon Dock,MAZDOCK,Large Cap,Capital Goods & Engineering,Heavy Engineering & Capital Goods,2475.0,36.0,62.0,133.0,189.0,335.0,491.0,20.0,26.0,30.0,8.9,3.7,5.2,156.0,Group Captive Solar & Rooftop PV (SEBI Rank #116),Targeting >51% clean electricity mix
L&T Technology,LTTS,Mid Cap,IT & Software Services,IT & Digital Services,3493.3,44.0,73.0,102.0,136.0,180.0,324.0,18.5,59.0,27.8,9.2,3.6,5.6,155.7,Group Captive Solar & Rooftop PV (SEBI Rank #254),Targeting >84% clean electricity mix
IDBI Bank,IDBI,Large Cap,Banking & Financial Services,BFSI,90.63,41.0,72.0,88.0,149.0,180.0,341.0,19.5,31.0,29.2,8.9,3.7,5.2,151.8,Group Captive Solar & Rooftop PV (SEBI Rank #121),Targeting >56% clean electricity mix
Meesho,MEESHO,Large Cap,Diversified & Manufacturing,Diversified Conglomerates,209.0,42.0,74.0,91.0,153.0,185.0,347.0,19.3,32.0,29.0,8.9,3.7,5.2,150.8,Group Captive Solar & Rooftop PV (SEBI Rank #122),Targeting >57% clean electricity mix
Manipal Health,MANIPALHOS,Large Cap,Diversified & Manufacturing,Diversified Conglomerates,725.2,47.0,84.0,106.0,173.0,210.0,377.0,19.1,12.0,28.7,8.9,3.7,5.2,149.2,Group Captive Solar & Rooftop PV (SEBI Rank #127),Targeting >37% clean electricity mix
Juniper Green,JNPR,Mid Cap,Power Utilities & Cleantech,Renewable Energy & Power,265.1,2.0,24.0,91.0,183.0,325.0,387.0,22.6,37.0,33.9,8.2,3.8,4.4,149.2,Group Captive Solar & Rooftop PV (SEBI Rank #472),Targeting >62% clean electricity mix
Sundram Fasten.,SUNDRMFAST,Mid Cap,Automotive & 2W/3W,Auto Ancillary & Components,1212.3,-11.0,3.0,47.0,76.0,195.0,264.0,20.4,54.0,30.6,8.6,3.75,4.85,148.4,Group Captive Solar & Rooftop PV (SEBI Rank #329),Targeting >79% clean electricity mix
FSN E-Commerce,NYKAA,Large Cap,Diversified & Manufacturing,Diversified Conglomerates,332.5,48.0,86.0,109.0,177.0,215.0,383.0,19.0,13.0,28.5,8.9,3.7,5.2,148.2,Group Captive Solar & Rooftop PV (SEBI Rank #128),Targeting >38% clean electricity mix
Vedanta Oil and Gas,VOGL,Small Cap,Metals & Mining,Metals & Mining,38.02,8.0,36.0,109.0,207.0,355.0,423.0,22.3,43.0,33.5,8.2,3.8,4.4,147.4,Group Captive Solar & Rooftop PV (SEBI Rank #478),Targeting >68% clean electricity mix
Motherson Wiring,MSUMI,Mid Cap,Automotive & 2W/3W,Auto Ancillary & Components,36.52,-3.0,19.0,71.0,108.0,235.0,312.0,19.4,62.0,29.1,8.6,3.75,4.85,141.1,Group Captive Solar & Rooftop PV (SEBI Rank #337),Targeting >87% clean electricity mix
Emcure Pharma,EMCURE,Mid Cap,Pharmaceuticals & Healthcare,Pharma & Healthcare,1927.6,48.0,81.0,114.0,152.0,200.0,348.0,20.3,33.0,30.5,8.4,3.8,4.6,140.3,Group Captive Solar & Rooftop PV (SEBI Rank #258),Targeting >58% clean electricity mix
Vedanta Iron & Steel,VISL,Small Cap,Metals & Mining,Metals & Mining,35.39,43.0,61.0,109.0,162.0,225.0,328.0,20.8,18.0,31.2,8.2,3.8,4.4,137.3,Group Captive Solar & Rooftop PV (SEBI Rank #513),Targeting >43% clean electricity mix
Tata Technolog.,TATATECH,Mid Cap,IT & Software Services,IT & Digital Services,800.0,4.0,13.0,67.0,126.0,195.0,364.0,16.2,84.0,24.3,9.2,3.6,5.6,136.1,Group Captive Solar & Rooftop PV (SEBI Rank #279),Targeting >100% clean electricity mix
Hexaware Tech.,HEXT,Mid Cap,IT & Software Services,IT & Digital Services,528.6,5.0,15.0,70.0,130.0,200.0,370.0,16.1,45.0,24.2,9.2,3.6,5.6,135.5,Group Captive Solar & Rooftop PV (SEBI Rank #280),Targeting >70% clean electricity mix
Force Motors,FORCEMOT,Mid Cap,Automotive & 2W/3W,Auto Ancillary & Components,17500.0,14.0,53.0,122.0,176.0,320.0,414.0,18.4,29.0,27.6,8.6,3.75,4.85,133.9,Group Captive Solar & Rooftop PV (SEBI Rank #354),Targeting >54% clean electricity mix
Info Edg.(India),NAUKRI,Large Cap,Diversified & Manufacturing,Diversified Conglomerates,1319.8,-9.0,-8.0,23.0,99.0,145.0,321.0,17.1,21.0,25.7,8.9,3.7,5.2,133.6,Group Captive Solar & Rooftop PV (SEBI Rank #136),Targeting >46% clean electricity mix
Jyoti CNC Auto.,JYOTICNC,Mid Cap,Automotive & 2W/3W,Auto Ancillary & Components,1003.9,16.0,57.0,128.0,184.0,330.0,426.0,18.3,31.0,27.5,8.6,3.75,4.85,133.4,Group Captive Solar & Rooftop PV (SEBI Rank #356),Targeting >56% clean electricity mix
NMDC Steel,NSLNISP,Small Cap,Metals & Mining,Metals & Mining,46.02,48.0,71.0,124.0,182.0,250.0,358.0,20.2,23.0,30.3,8.2,3.8,4.4,133.3,Group Captive Solar & Rooftop PV (SEBI Rank #518),Targeting >48% clean electricity mix
Vedanta Power,VEDPOWER,Small Cap,Power Utilities & Cleantech,Renewable Energy & Power,34.2,-12.0,16.0,74.0,137.0,210.0,323.0,20.1,28.0,30.2,8.2,3.8,4.4,132.9,Group Captive Solar & Rooftop PV (SEBI Rank #523),Targeting >53% clean electricity mix
Federal Bank,FEDERALBNK,Large Cap,Banking & Financial Services,BFSI,343.0,-7.0,-4.0,29.0,107.0,155.0,333.0,17.0,23.0,25.5,8.9,3.7,5.2,132.6,Group Captive Solar & Rooftop PV (SEBI Rank #138),Targeting >48% clean electricity mix
KPI Green Energy Ltd,KPIGREEN,Small Cap,Power Utilities & Cleantech,Developer of Solar Parks & Group Captive,307.0,-29.9,-46.6,68.2,221.0,2072.3,1919.3,165.0,95.0,280.0,7.8,3.1,4.7,131.6,Developer of Solar Parks & Group Captive,Reach 2.5 GW green capacity by 2026
REC Ltd,RECLTD,Large Cap,Diversified & Manufacturing,Diversified Conglomerates,318.7,-6.0,-2.0,32.0,111.0,160.0,339.0,16.8,24.0,25.2,8.9,3.7,5.2,131.0,Group Captive Solar & Rooftop PV (SEBI Rank #139),Targeting >49% clean electricity mix
Fujiyama Power,UTLSOLAR,Small Cap,Power Utilities & Cleantech,Renewable Energy & Power,429.75,-8.0,24.0,86.0,153.0,230.0,347.0,19.8,32.0,29.7,8.2,3.8,4.4,130.7,Group Captive Solar & Rooftop PV (SEBI Rank #527),Targeting >57% clean electricity mix
Wockhardt,WOCKPHARMA,Mid Cap,Pharmaceuticals & Healthcare,Pharma & Healthcare,2088.7,-9.0,32.0,73.0,119.0,175.0,331.0,18.9,41.0,28.3,8.4,3.8,4.6,130.2,Group Captive Solar & Rooftop PV (SEBI Rank #266),Targeting >66% clean electricity mix
Multi Comm. Exc.,MCX,Large Cap,Diversified & Manufacturing,Diversified Conglomerates,3275.4,-5.0,0.0,35.0,115.0,165.0,345.0,16.7,25.0,25.0,8.9,3.7,5.2,130.0,Group Captive Solar & Rooftop PV (SEBI Rank #140),Targeting >50% clean electricity mix
Netweb Technol.,NETWEB,Mid Cap,IT & Software Services,IT & Digital Services,5193.0,18.0,41.0,109.0,182.0,265.0,448.0,15.4,58.0,23.1,9.2,3.6,5.6,129.4,Group Captive Solar & Rooftop PV (SEBI Rank #293),Targeting >83% clean electricity mix
AU Small Finance,AUBANK,Large Cap,Banking & Financial Services,BFSI,1065.0,-3.0,4.0,41.0,123.0,175.0,357.0,16.0,27.0,24.0,8.9,3.7,5.2,124.8,Group Captive Solar & Rooftop PV (SEBI Rank #142),Targeting >52% clean electricity mix
Oil India,OIL,Large Cap,Diversified & Manufacturing,Diversified Conglomerates,488.3,-2.0,6.0,44.0,127.0,180.0,363.0,15.9,28.0,23.9,8.9,3.7,5.2,124.3,Group Captive Solar & Rooftop PV (SEBI Rank #143),Targeting >53% clean electricity mix
Happy Forgings,HAPPYFORGE,Mid Cap,Automotive & 2W/3W,Auto Ancillary & Components,2238.5,33.0,46.0,74.0,147.0,190.0,303.0,16.9,48.0,25.3,8.6,3.75,4.85,122.7,Group Captive Solar & Rooftop PV (SEBI Rank #373),Targeting >73% clean electricity mix
L&T Finance Ltd,LTF,Large Cap,Banking & Financial Services,BFSI,314.0,-1.0,8.0,47.0,131.0,185.0,369.0,15.7,29.0,23.5,8.9,3.7,5.2,122.2,Group Captive Solar & Rooftop PV (SEBI Rank #144),Targeting >54% clean electricity mix
IndusInd Bank,INDUSINDBK,Large Cap,Banking & Financial Services,BFSI,1008.5,0.0,10.0,50.0,135.0,190.0,375.0,15.7,30.0,23.5,8.9,3.7,5.2,122.2,Group Captive Solar & Rooftop PV (SEBI Rank #145),Targeting >55% clean electricity mix
SPR Auto Technologies,SHRIPISTON,Mid Cap,Automotive & 2W/3W,Auto Ancillary & Components,4536.9,35.0,50.0,80.0,155.0,200.0,315.0,16.8,50.0,25.2,8.6,3.75,4.85,122.2,Group Captive Solar & Rooftop PV (SEBI Rank #375),Targeting >75% clean electricity mix
JSW Infrast,JSWINFRA,Large Cap,Diversified & Manufacturing,Diversified Conglomerates,333.0,1.0,12.0,53.0,139.0,195.0,381.0,15.5,31.0,23.2,8.9,3.7,5.2,120.6,Group Captive Solar & Rooftop PV (SEBI Rank #146),Targeting >56% clean electricity mix
Dr Lal Pathlabs,LALPATHLAB,Mid Cap,Pharmaceuticals & Healthcare,Pharma & Healthcare,1877.5,15.0,35.0,100.0,170.0,250.0,430.0,17.5,30.0,26.2,8.4,3.8,4.6,120.5,Group Captive Solar & Rooftop PV (SEBI Rank #290),Targeting >55% clean electricity mix
Swiggy,SWIGGY,Large Cap,Diversified & Manufacturing,Diversified Conglomerates,276.1,3.0,16.0,59.0,147.0,205.0,393.0,15.2,33.0,22.8,8.9,3.7,5.2,118.6,Group Captive Solar & Rooftop PV (SEBI Rank #148),Targeting >58% clean electricity mix
H P C L,HINDPETRO,Large Cap,Diversified & Manufacturing,Diversified Conglomerates,356.5,4.0,18.0,62.0,151.0,210.0,399.0,15.2,34.0,22.8,8.9,3.7,5.2,118.6,Group Captive Solar & Rooftop PV (SEBI Rank #149),Targeting >59% clean electricity mix
Syrma SGS Tech.,SYRMA,Mid Cap,IT & Software Services,IT & Digital Services,1457.3,38.0,81.0,109.0,202.0,305.0,358.0,14.1,78.0,21.1,9.2,3.6,5.6,118.2,Group Captive Solar & Rooftop PV (SEBI Rank #313),Targeting >100% clean electricity mix
ICICI Lombard,ICICIGI,Large Cap,Banking & Financial Services,BFSI,1510.0,7.0,24.0,71.0,163.0,225.0,267.0,15.1,12.0,22.6,8.9,3.7,5.2,117.5,Group Captive Solar & Rooftop PV (SEBI Rank #152),Targeting >37% clean electricity mix
Bharti Hexacom,BHARTIHEXA,Large Cap,Diversified & Manufacturing,Diversified Conglomerates,1495.4,9.0,28.0,77.0,171.0,235.0,279.0,15.0,14.0,22.5,8.9,3.7,5.2,117.0,Group Captive Solar & Rooftop PV (SEBI Rank #154),Targeting >39% clean electricity mix
IDFC First Bank,IDFCFIRSTB,Large Cap,Banking & Financial Services,BFSI,86.71,10.0,30.0,80.0,175.0,240.0,285.0,15.0,15.0,22.5,8.9,3.7,5.2,117.0,Group Captive Solar & Rooftop PV (SEBI Rank #155),Targeting >40% clean electricity mix
Nippon Life Ind.,NAM-INDIA,Large Cap,Diversified & Manufacturing,Diversified Conglomerates,1159.9,12.0,34.0,86.0,183.0,250.0,297.0,14.8,17.0,22.2,8.9,3.7,5.2,115.4,Group Captive Solar & Rooftop PV (SEBI Rank #157),Targeting >42% clean electricity mix
Quality Power El,QPOWER,Small Cap,Power Utilities & Cleantech,Renewable Energy & Power,1495.3,30.0,55.0,95.0,120.0,235.0,390.0,17.4,40.0,26.1,8.2,3.8,4.4,114.8,Group Captive Solar & Rooftop PV (SEBI Rank #565),Targeting >65% clean electricity mix
Apar Inds.,APARINDS,Large Cap,Diversified & Manufacturing,Diversified Conglomerates,17421.0,13.0,36.0,89.0,187.0,255.0,303.0,14.6,18.0,21.9,8.9,3.7,5.2,113.9,Group Captive Solar & Rooftop PV (SEBI Rank #158),Targeting >43% clean electricity mix
ICICI Pru Life,ICICIPRULI,Large Cap,Banking & Financial Services,BFSI,494.55,16.0,42.0,98.0,119.0,190.0,241.0,14.4,21.0,21.6,8.9,3.7,5.2,112.3,Group Captive Solar & Rooftop PV (SEBI Rank #161),Targeting >46% clean electricity mix
Neuland Labs.,NEULANDLAB,Mid Cap,Pharmaceuticals & Healthcare,Pharma & Healthcare,22660.0,30.0,65.0,85.0,170.0,265.0,310.0,16.2,45.0,24.3,8.4,3.8,4.6,111.8,Group Captive Solar & Rooftop PV (SEBI Rank #305),Targeting >70% clean electricity mix
India Cements,INDIACEM,Small Cap,Cement & Building Materials,Cement & Building Materials,362.5,39.0,73.0,122.0,156.0,280.0,444.0,16.9,19.0,25.3,8.2,3.8,4.4,111.3,Group Captive Solar & Rooftop PV (SEBI Rank #574),Targeting >44% clean electricity mix
Tata Motors Ltd,TATAMOTORS,Large Cap,Automotive & Ancillary,Rooftop Solar on Pune/Sanand + TPREL Hybrid,500.0,12.5,28.0,45.0,65.0,95.0,130.0,152.0,51.0,220.0,8.8,3.8,5.0,110.0,Rooftop Solar on Pune/Sanand + TPREL Hybrid,100% RE in manufacturing by 2030
JP Power Ven.,JPPOWER,Small Cap,Power Utilities & Cleantech,Renewable Energy & Power,16.29,42.0,79.0,131.0,168.0,295.0,462.0,16.7,22.0,25.0,8.2,3.8,4.4,110.0,Group Captive Solar & Rooftop PV (SEBI Rank #577),Targeting >47% clean electricity mix
Yes Bank,YESBANK,Large Cap,Banking & Financial Services,BFSI,22.5,17.0,44.0,101.0,123.0,195.0,247.0,14.1,22.0,21.1,8.9,3.7,5.2,109.7,Group Captive Solar & Rooftop PV (SEBI Rank #162),Targeting >47% clean electricity mix
Piramal Pharma,PPLPHARMA,Mid Cap,Pharmaceuticals & Healthcare,Pharma & Healthcare,214.22,35.0,75.0,100.0,190.0,290.0,340.0,15.8,50.0,23.7,8.4,3.8,4.6,109.0,Group Captive Solar & Rooftop PV (SEBI Rank #310),Targeting >75% clean electricity mix
Bajaj Housing,BAJAJHFL,Large Cap,Diversified & Manufacturing,Diversified Conglomerates,83.08,19.0,48.0,107.0,131.0,205.0,259.0,13.8,24.0,20.7,8.9,3.7,5.2,107.6,Group Captive Solar & Rooftop PV (SEBI Rank #164),Targeting >49% clean electricity mix
Natl. Aluminium,NATIONALUM,Large Cap,Diversified & Manufacturing,Diversified Conglomerates,374.1,21.0,52.0,113.0,139.0,215.0,271.0,13.7,26.0,20.5,8.9,3.7,5.2,106.6,Group Captive Solar & Rooftop PV (SEBI Rank #166),Targeting >51% clean electricity mix
Aster DM Quality,ASTERDM,Large Cap,Diversified & Manufacturing,Diversified Conglomerates,785.75,22.0,54.0,116.0,143.0,220.0,277.0,13.7,27.0,20.5,8.9,3.7,5.2,106.6,Group Captive Solar & Rooftop PV (SEBI Rank #167),Targeting >52% clean electricity mix
Prestige Estates,PRESTIGE,Large Cap,Diversified & Manufacturing,Diversified Conglomerates,1587.0,23.0,56.0,119.0,147.0,225.0,283.0,13.7,28.0,20.5,8.9,3.7,5.2,106.6,Group Captive Solar & Rooftop PV (SEBI Rank #168),Targeting >53% clean electricity mix
Oberoi Realty,OBEROIRLTY,Large Cap,Diversified & Manufacturing,Diversified Conglomerates,1875.6,26.0,62.0,128.0,159.0,240.0,301.0,13.6,31.0,20.4,8.9,3.7,5.2,106.1,Group Captive Solar & Rooftop PV (SEBI Rank #171),Targeting >56% clean electricity mix
Indian Energy Ex,IEX,Small Cap,Power Utilities & Cleantech,Renewable Energy & Power,118.91,-8.0,-1.0,66.0,118.0,260.0,442.0,15.9,37.0,23.9,8.2,3.8,4.4,105.2,Group Captive Solar & Rooftop PV (SEBI Rank #592),Targeting >62% clean electricity mix
Dabur India,DABUR,Large Cap,FMCG & Consumer Goods,FMCG & Consumer Packaged Goods,380.9,27.0,64.0,131.0,163.0,245.0,307.0,13.5,32.0,20.2,8.9,3.7,5.2,105.0,Group Captive Solar & Rooftop PV (SEBI Rank #172),Targeting >57% clean electricity mix
Adani Total Gas,ATGL,Large Cap,Diversified & Manufacturing,Diversified Conglomerates,612.35,28.0,66.0,134.0,167.0,250.0,313.0,13.5,33.0,20.2,8.9,3.7,5.2,105.0,Group Captive Solar & Rooftop PV (SEBI Rank #173),Targeting >58% clean electricity mix
Wipro Ltd,WIPRO,Large Cap,IT & Software Services,PPA Open Access Solar + Campus Rooftop,176.4,-26.3,-34.8,-13.1,-10.5,-44.4,12.5,45.0,68.0,190.0,9.1,3.6,5.5,104.5,PPA Open Access Solar + Campus Rooftop,"RE100, Net Zero GHG by 2040"
Bank of Maha,MAHABANK,Large Cap,Banking & Financial Services,BFSI,85.95,29.0,68.0,137.0,171.0,255.0,319.0,13.2,34.0,19.8,8.9,3.7,5.2,103.0,Group Captive Solar & Rooftop PV (SEBI Rank #174),Targeting >59% clean electricity mix
Bank of India,BANKINDIA,Large Cap,Banking & Financial Services,BFSI,145.0,30.0,70.0,140.0,175.0,260.0,325.0,13.2,10.0,19.8,8.9,3.7,5.2,103.0,Group Captive Solar & Rooftop PV (SEBI Rank #175),Targeting >35% clean electricity mix
Kennametal India,KENNAMET,Small Cap,Metals & Mining,Metals & Mining,4688.5,7.0,29.0,51.0,118.0,155.0,202.0,15.5,22.0,23.2,8.2,3.8,4.4,102.1,Group Captive Solar & Rooftop PV (SEBI Rank #607),Targeting >47% clean electricity mix
Genus Power,GENUSPOWER,Small Cap,Power Utilities & Cleantech,Renewable Energy & Power,337.8,8.0,31.0,54.0,122.0,160.0,208.0,15.4,23.0,23.1,8.2,3.8,4.4,101.6,Group Captive Solar & Rooftop PV (SEBI Rank #608),Targeting >48% clean electricity mix
Kaynes Tech,KAYNES,Mid Cap,IT & Software Services,IT & Digital Services,3598.0,-2.0,21.0,74.0,112.0,240.0,318.0,12.1,63.0,18.1,9.2,3.6,5.6,101.4,Group Captive Solar & Rooftop PV (SEBI Rank #338),Targeting >88% clean electricity mix
Vardhman Textile,VTL,Mid Cap,Textiles & Apparel,Textiles & Apparel,598.2,14.0,28.0,102.0,141.0,230.0,389.0,13.9,44.0,20.9,8.6,3.75,4.85,101.4,Group Captive Solar & Rooftop PV (SEBI Rank #419),Targeting >69% clean electricity mix
I O B,IOB,Large Cap,Diversified & Manufacturing,Diversified Conglomerates,33.55,33.0,76.0,149.0,187.0,275.0,343.0,12.9,13.0,19.4,8.9,3.7,5.2,100.9,Group Captive Solar & Rooftop PV (SEBI Rank #178),Targeting >38% clean electricity mix
RBL Bank,RBLBANK,Large Cap,Banking & Financial Services,BFSI,414.35,34.0,78.0,152.0,191.0,280.0,349.0,12.9,14.0,19.4,8.9,3.7,5.2,100.9,Group Captive Solar & Rooftop PV (SEBI Rank #179),Targeting >39% clean electricity mix
Acutaas Chemical,ACUTAAS,Mid Cap,Chemicals & Petrochemicals,Specialty Chemicals,3168.5,-14.0,-3.0,38.0,64.0,180.0,246.0,14.4,31.0,21.6,8.4,3.8,4.6,99.4,Group Captive Solar & Rooftop PV (SEBI Rank #326),Targeting >56% clean electricity mix
Olectra Greentec,OLECTRA,Small Cap,Power Utilities & Cleantech,Renewable Energy & Power,1229.0,10.0,35.0,60.0,130.0,170.0,220.0,15.1,25.0,22.6,8.2,3.8,4.4,99.4,Group Captive Solar & Rooftop PV (SEBI Rank #610),Targeting >50% clean electricity mix
General Insuranc,GICRE,Large Cap,Diversified & Manufacturing,Diversified Conglomerates,358.45,35.0,35.0,50.0,90.0,180.0,250.0,12.6,15.0,18.9,8.9,3.7,5.2,98.3,Group Captive Solar & Rooftop PV (SEBI Rank #180),Targeting >40% clean electricity mix
SBI Cards,SBICARD,Large Cap,Banking & Financial Services,BFSI,658.25,37.0,39.0,56.0,98.0,190.0,262.0,12.5,17.0,18.8,8.9,3.7,5.2,97.8,Group Captive Solar & Rooftop PV (SEBI Rank #182),Targeting >42% clean electricity mix
APL Apollo Tubes,APLAPOLLO,Large Cap,Diversified & Manufacturing,Diversified Conglomerates,2250.0,38.0,41.0,59.0,102.0,195.0,268.0,12.5,18.0,18.8,8.9,3.7,5.2,97.8,Group Captive Solar & Rooftop PV (SEBI Rank #183),Targeting >43% clean electricity mix
Motil.Oswal.Fin.,MOTILALOFS,Large Cap,Diversified & Manufacturing,Diversified Conglomerates,1037.0,39.0,43.0,62.0,106.0,200.0,274.0,12.5,19.0,18.8,8.9,3.7,5.2,97.8,Group Captive Solar & Rooftop PV (SEBI Rank #184),Targeting >44% clean electricity mix
Minda Corp,MINDACORP,Mid Cap,Automotive & 2W/3W,Auto Ancillary & Components,702.8,25.0,50.0,75.0,125.0,225.0,395.0,13.4,55.0,20.1,8.6,3.75,4.85,97.5,Group Captive Solar & Rooftop PV (SEBI Rank #430),Targeting >80% clean electricity mix
Kalyan Jewellers,KALYANKJIL,Large Cap,Diversified & Manufacturing,Diversified Conglomerates,598.8,41.0,47.0,68.0,114.0,210.0,286.0,12.4,21.0,18.6,8.9,3.7,5.2,96.7,Group Captive Solar & Rooftop PV (SEBI Rank #186),Targeting >46% clean electricity mix
Schaeffler India,SCHAEFFLER,Large Cap,Diversified & Manufacturing,Diversified Conglomerates,3956.4,42.0,49.0,71.0,118.0,215.0,292.0,12.4,22.0,18.6,8.9,3.7,5.2,96.7,Group Captive Solar & Rooftop PV (SEBI Rank #187),Targeting >47% clean electricity mix
Suzlon Energy Ltd,SUZLON,Large Cap,Power Utilities & Cleantech,Wind OEM powering manufacturing green,45.35,-17.6,-43.3,75.8,467.7,665.7,1603.1,120.0,75.0,210.0,7.8,3.2,4.6,96.6,Wind OEM powering manufacturing green,100% RE in own plants by 2028
Sumitomo Chemi.,SUMICHEM,Mid Cap,Chemicals & Petrochemicals,Specialty Chemicals,493.4,-6.0,13.0,62.0,96.0,220.0,294.0,13.7,39.0,20.5,8.4,3.8,4.6,94.3,Group Captive Solar & Rooftop PV (SEBI Rank #334),Targeting >64% clean electricity mix
Radico Khaitan,RADICO,Large Cap,Diversified & Manufacturing,Diversified Conglomerates,4494.0,45.0,55.0,80.0,130.0,230.0,310.0,12.0,25.0,18.0,8.9,3.7,5.2,93.6,Group Captive Solar & Rooftop PV (SEBI Rank #190),Targeting >50% clean electricity mix
Godrej Propert.,GODREJPROP,Large Cap,Diversified & Manufacturing,Diversified Conglomerates,1982.0,46.0,57.0,83.0,134.0,235.0,316.0,11.9,26.0,17.9,8.9,3.7,5.2,93.1,Group Captive Solar & Rooftop PV (SEBI Rank #191),Targeting >51% clean electricity mix
Tata Elxsi,TATAELXSI,Mid Cap,IT & Software Services,IT & Digital Services,3558.0,22.0,24.0,41.0,103.0,135.0,237.0,11.1,47.0,16.6,9.2,3.6,5.6,93.0,Group Captive Solar & Rooftop PV (SEBI Rank #362),Targeting >72% clean electricity mix
MTAR Technologie,MTARTECH,Mid Cap,IT & Software Services,IT & Digital Services,7161.0,24.0,28.0,47.0,111.0,145.0,249.0,11.0,49.0,16.5,9.2,3.6,5.6,92.4,Group Captive Solar & Rooftop PV (SEBI Rank #364),Targeting >74% clean electricity mix
Amara Raja Ener.,ARE&M,Mid Cap,Automotive & 2W/3W,Auto Ancillary & Components,864.2,-13.0,-6.0,46.0,123.0,250.0,297.0,12.7,32.0,19.0,8.6,3.75,4.85,92.1,Group Captive Solar & Rooftop PV (SEBI Rank #457),Targeting >57% clean electricity mix
Powergrid Infra.,PGINVIT,Small Cap,Power Utilities & Cleantech,Renewable Energy & Power,101.17,38.0,46.0,99.0,197.0,265.0,343.0,13.8,23.0,20.7,8.2,3.8,4.4,91.1,Group Captive Solar & Rooftop PV (SEBI Rank #638),Targeting >48% clean electricity mix
Mah. Scooters,MAHSCOOTER,Mid Cap,Automotive & 2W/3W,2W & 3W OEM,13602.0,-6.0,8.0,67.0,151.0,285.0,339.0,12.4,39.0,18.6,8.6,3.75,4.85,90.2,Group Captive Solar & Rooftop PV (SEBI Rank #464),Targeting >64% clean electricity mix
Reliance Power,RPOWER,Small Cap,Power Utilities & Cleantech,Renewable Energy & Power,22.08,40.0,50.0,105.0,125.0,195.0,275.0,13.7,25.0,20.5,8.2,3.8,4.4,90.2,Group Captive Solar & Rooftop PV (SEBI Rank #640),Targeting >50% clean electricity mix
Deepak Nitrite,DEEPAKNTR,Mid Cap,Chemicals & Petrochemicals,Specialty Chemicals,1712.4,10.0,45.0,110.0,160.0,300.0,390.0,13.0,20.0,19.5,8.4,3.8,4.6,89.7,Group Captive Solar & Rooftop PV (SEBI Rank #350),Targeting >45% clean electricity mix
Coromandel Inter,COROMANDEL,Large Cap,Diversified & Manufacturing,Diversified Conglomerates,1938.8,47.0,59.0,86.0,138.0,240.0,322.0,11.4,27.0,17.1,8.9,3.7,5.2,88.9,Group Captive Solar & Rooftop PV (SEBI Rank #192),Targeting >52% clean electricity mix
HDB FINANC SER,HDBFS,Large Cap,Diversified & Manufacturing,Diversified Conglomerates,682.7,48.0,61.0,89.0,142.0,245.0,328.0,11.3,28.0,17.0,8.9,3.7,5.2,88.4,Group Captive Solar & Rooftop PV (SEBI Rank #193),Targeting >53% clean electricity mix
Berger Paints,BERGEPAINT,Large Cap,Diversified & Manufacturing,Diversified Conglomerates,485.3,49.0,63.0,92.0,146.0,250.0,334.0,11.3,29.0,17.0,8.9,3.7,5.2,88.4,Group Captive Solar & Rooftop PV (SEBI Rank #194),Targeting >54% clean electricity mix
Waaree Renewab.,WAAREERTL,Small Cap,Power Utilities & Cleantech,Renewable Energy & Power,858.95,44.0,58.0,117.0,141.0,215.0,299.0,13.4,29.0,20.1,8.2,3.8,4.4,88.4,Group Captive Solar & Rooftop PV (SEBI Rank #644),Targeting >54% clean electricity mix
Abbott India,ABBOTINDIA,Large Cap,Capital Goods & Engineering,Heavy Engineering & Capital Goods,26065.0,-15.0,0.0,30.0,85.0,190.0,275.0,11.1,30.0,16.6,8.9,3.7,5.2,86.3,Group Captive Solar & Rooftop PV (SEBI Rank #195),Targeting >55% clean electricity mix
JBM Auto,JBMA,Small Cap,Automotive & 2W/3W,Auto Ancillary & Components,625.6,14.0,48.0,67.0,91.0,125.0,199.0,11.8,59.0,17.7,8.6,3.75,4.85,85.8,Group Captive Solar & Rooftop PV (SEBI Rank #484),Targeting >84% clean electricity mix
CIE Automotive,CIEINDIA,Small Cap,Automotive & 2W/3W,Auto Ancillary & Components,385.35,23.0,66.0,94.0,127.0,170.0,253.0,11.7,68.0,17.5,8.6,3.75,4.85,84.9,Group Captive Solar & Rooftop PV (SEBI Rank #493),Targeting >93% clean electricity mix
Linde India,LINDEINDIA,Large Cap,Diversified & Manufacturing,Diversified Conglomerates,6346.0,-12.0,6.0,39.0,97.0,205.0,293.0,10.8,33.0,16.2,8.9,3.7,5.2,84.2,Group Captive Solar & Rooftop PV (SEBI Rank #198),Targeting >58% clean electricity mix
Max Financial,MFSL,Large Cap,Diversified & Manufacturing,Diversified Conglomerates,1548.4,-11.0,8.0,42.0,101.0,210.0,299.0,10.7,34.0,16.0,8.9,3.7,5.2,83.2,Group Captive Solar & Rooftop PV (SEBI Rank #199),Targeting >59% clean electricity mix
Caplin Point Lab,CAPLIPOINT,Mid Cap,Pharmaceuticals & Healthcare,Pharma & Healthcare,2810.8,30.0,40.0,65.0,135.0,175.0,285.0,11.9,40.0,17.9,8.4,3.8,4.6,82.3,Group Captive Solar & Rooftop PV (SEBI Rank #370),Targeting >65% clean electricity mix
Piramal Finance.,PIRAMALFIN,Large Cap,Banking & Financial Services,BFSI,2225.0,-10.0,10.0,45.0,105.0,215.0,305.0,10.5,10.0,15.8,8.9,3.7,5.2,82.2,Group Captive Solar & Rooftop PV (SEBI Rank #200),Targeting >35% clean electricity mix
Anthem Bioscienc,ANTHEM,Large Cap,Diversified & Manufacturing,Diversified Conglomerates,934.05,-9.0,12.0,48.0,109.0,220.0,311.0,10.5,11.0,15.8,8.9,3.7,5.2,82.2,Group Captive Solar & Rooftop PV (SEBI Rank #201),Targeting >36% clean electricity mix
Mahindra & Mahindra Ltd,M&M,Large Cap,Automotive & Ancillary,Group Captive Solar with Mahindra Susten,3170.0,-7.5,2.4,104.0,150.0,294.7,421.5,78.0,45.0,160.0,8.9,3.8,5.1,81.6,Group Captive Solar with Mahindra Susten,100% RE by 2030 (EP100 & RE100)
Tube Investments,TIINDIA,Large Cap,Diversified & Manufacturing,Diversified Conglomerates,2698.0,-8.0,14.0,51.0,113.0,225.0,317.0,10.4,12.0,15.6,8.9,3.7,5.2,81.1,Group Captive Solar & Rooftop PV (SEBI Rank #202),Targeting >37% clean electricity mix
M & M Fin. Serv.,M&MFIN,Large Cap,Diversified & Manufacturing,Diversified Conglomerates,373.65,-7.0,16.0,54.0,117.0,230.0,323.0,10.4,13.0,15.6,8.9,3.7,5.2,81.1,Group Captive Solar & Rooftop PV (SEBI Rank #203),Targeting >38% clean electricity mix
F A C T,FACT,Large Cap,Diversified & Manufacturing,Diversified Conglomerates,801.4,-6.0,18.0,57.0,121.0,235.0,329.0,10.4,14.0,15.6,8.9,3.7,5.2,81.1,Group Captive Solar & Rooftop PV (SEBI Rank #204),Targeting >39% clean electricity mix
Sundaram Finance,SUNDARMFIN,Large Cap,Banking & Financial Services,BFSI,4648.7,-5.0,20.0,60.0,125.0,240.0,335.0,10.3,15.0,15.5,8.9,3.7,5.2,80.6,Group Captive Solar & Rooftop PV (SEBI Rank #205),Targeting >40% clean electricity mix
Hindustan Copper,HINDCOPPER,Large Cap,Diversified & Manufacturing,Diversified Conglomerates,521.65,-4.0,22.0,63.0,129.0,245.0,341.0,10.1,16.0,15.1,8.9,3.7,5.2,78.5,Group Captive Solar & Rooftop PV (SEBI Rank #206),Targeting >41% clean electricity mix
Knowledge Realty,KRT,Mid Cap,Diversified & Manufacturing,Diversified Conglomerates,112.49,0.0,30.0,75.0,145.0,265.0,365.0,10.0,20.0,15.0,8.9,3.7,5.2,78.0,Group Captive Solar & Rooftop PV (SEBI Rank #210),Targeting >45% clean electricity mix
Colgate-Palmoliv,COLPAL,Mid Cap,FMCG & Consumer Goods,FMCG & Consumer Packaged Goods,1829.2,2.0,34.0,81.0,153.0,275.0,377.0,10.0,22.0,15.0,8.9,3.7,5.2,78.0,Group Captive Solar & Rooftop PV (SEBI Rank #212),Targeting >47% clean electricity mix
Vishal Mega Mart,VMM,Mid Cap,Capital Goods & Engineering,Heavy Engineering & Capital Goods,106.14,3.0,36.0,84.0,157.0,280.0,383.0,9.9,23.0,14.9,8.9,3.7,5.2,77.5,Group Captive Solar & Rooftop PV (SEBI Rank #213),Targeting >48% clean electricity mix
Guj. Ambuja Exp,GAEL,Small Cap,Cement & Building Materials,Cement & Building Materials,167.81,28.0,46.0,94.0,167.0,290.0,423.0,11.5,18.0,17.2,8.2,3.8,4.4,75.7,Group Captive Solar & Rooftop PV (SEBI Rank #693),Targeting >43% clean electricity mix
Star Cement,STARCEMENT,Small Cap,Cement & Building Materials,Cement & Building Materials,190.19,30.0,50.0,100.0,175.0,300.0,435.0,11.5,20.0,17.2,8.2,3.8,4.4,75.7,Group Captive Solar & Rooftop PV (SEBI Rank #695),Targeting >45% clean electricity mix
Indo-MIM,INDOMIM,Mid Cap,Diversified & Manufacturing,Diversified Conglomerates,971.5,7.0,44.0,96.0,173.0,300.0,407.0,9.6,27.0,14.4,8.9,3.7,5.2,74.9,Group Captive Solar & Rooftop PV (SEBI Rank #217),Targeting >52% clean electricity mix
Ramkrishna Forg.,RKFORGE,Small Cap,Automotive & 2W/3W,Auto Ancillary & Components,700.85,1.0,42.0,113.0,189.0,275.0,401.0,10.2,61.0,15.3,8.6,3.75,4.85,74.2,Group Captive Solar & Rooftop PV (SEBI Rank #536),Targeting >86% clean electricity mix
Cera Sanitary.,CERA,Small Cap,Cement & Building Materials,Cement & Building Materials,5787.5,41.0,72.0,133.0,219.0,355.0,501.0,11.2,31.0,16.8,8.2,3.8,4.4,73.9,Group Captive Solar & Rooftop PV (SEBI Rank #706),Targeting >56% clean electricity mix
Pine Labs,PINELABS,Mid Cap,Pharmaceuticals & Healthcare,Pharma & Healthcare,166.37,-13.0,19.0,66.0,158.0,220.0,352.0,10.7,27.0,16.0,8.4,3.8,4.6,73.6,Group Captive Solar & Rooftop PV (SEBI Rank #392),Targeting >52% clean electricity mix
KEI Industries,KEI,Mid Cap,Capital Goods & Engineering,Heavy Engineering & Capital Goods,4850.0,8.0,46.0,99.0,177.0,305.0,413.0,9.3,28.0,14.0,8.9,3.7,5.2,72.8,Group Captive Solar & Rooftop PV (SEBI Rank #218),Targeting >53% clean electricity mix
360 ONE,360ONE,Mid Cap,Diversified & Manufacturing,Diversified Conglomerates,1137.0,9.0,48.0,102.0,181.0,310.0,419.0,9.3,29.0,14.0,8.9,3.7,5.2,72.8,Group Captive Solar & Rooftop PV (SEBI Rank #219),Targeting >54% clean electricity mix
Power Mech Proj.,POWERMECH,Small Cap,Power Utilities & Cleantech,Renewable Energy & Power,2306.1,-10.0,-10.0,5.0,25.0,55.0,215.0,10.9,15.0,16.4,8.2,3.8,4.4,72.2,Group Captive Solar & Rooftop PV (SEBI Rank #720),Targeting >40% clean electricity mix
Bharat Dynamics,BDL,Mid Cap,Diversified & Manufacturing,Diversified Conglomerates,1255.0,11.0,52.0,108.0,189.0,320.0,431.0,9.2,31.0,13.8,8.9,3.7,5.2,71.8,Group Captive Solar & Rooftop PV (SEBI Rank #221),Targeting >56% clean electricity mix
Trident,TRIDENT,Small Cap,Textiles & Apparel,Textiles & Apparel,24.16,18.0,31.0,59.0,152.0,255.0,398.0,9.8,28.0,14.7,8.6,3.75,4.85,71.3,Group Captive Solar & Rooftop PV (SEBI Rank #553),Targeting >53% clean electricity mix
ASK Automotive,ASKAUTOLTD,Small Cap,Automotive & 2W/3W,Auto Ancillary & Components,618.85,22.0,39.0,71.0,168.0,275.0,422.0,9.8,32.0,14.7,8.6,3.75,4.85,71.3,Group Captive Solar & Rooftop PV (SEBI Rank #557),Targeting >57% clean electricity mix
Premier Energies,PREMIERENE,Mid Cap,Diversified & Manufacturing,Diversified Conglomerates,1002.0,12.0,54.0,111.0,193.0,325.0,437.0,9.1,32.0,13.6,8.9,3.7,5.2,70.7,Group Captive Solar & Rooftop PV (SEBI Rank #222),Targeting >57% clean electricity mix
Aegis Logistics,AEGISLOG,Mid Cap,Diversified & Manufacturing,Diversified Conglomerates,1270.2,13.0,56.0,114.0,197.0,330.0,443.0,8.9,33.0,13.4,8.9,3.7,5.2,69.7,Group Captive Solar & Rooftop PV (SEBI Rank #223),Targeting >58% clean electricity mix
Rail Vikas,RVNL,Mid Cap,Diversified & Manufacturing,Diversified Conglomerates,212.49,14.0,58.0,117.0,201.0,335.0,449.0,8.9,34.0,13.4,8.9,3.7,5.2,69.7,Group Captive Solar & Rooftop PV (SEBI Rank #224),Targeting >59% clean electricity mix
Inox Green,INOXGREEN,Small Cap,Power Utilities & Cleantech,Renewable Energy & Power,175.1,2.0,14.0,41.0,73.0,115.0,287.0,10.5,27.0,15.8,8.2,3.8,4.4,69.5,Group Captive Solar & Rooftop PV (SEBI Rank #732),Targeting >52% clean electricity mix
Inox Wind Ltd,INOXWIND,Small Cap,Power Utilities & Cleantech,Wind Turbine manufacturing + Hybrid plants,74.4,-46.9,-68.7,54.2,101.6,203.7,663.1,80.0,70.0,150.0,7.9,3.3,4.6,69.0,Wind Turbine manufacturing + Hybrid plants,Net Zero operations by 2030
Bharat Forge Ltd,BHARATFORG,Large Cap,Automotive & Ancillary,Group Captive Solar in Maharashtra,1956.0,61.3,29.0,79.2,181.2,165.2,337.0,52.0,36.0,135.0,8.9,3.8,5.1,68.9,Group Captive Solar in Maharashtra,Carbon Neutral by 2040
Garware Hi Tech,GRWRHITECH,Mid Cap,IT & Software Services,IT & Digital Services,7086.5,34.0,68.0,102.0,161.0,270.0,449.0,8.2,84.0,12.3,9.2,3.6,5.6,68.9,Group Captive Solar & Rooftop PV (SEBI Rank #439),Targeting >100% clean electricity mix
Authum Invest,AIIL,Mid Cap,Diversified & Manufacturing,Diversified Conglomerates,519.9,16.0,17.0,78.0,164.0,300.0,416.0,8.8,11.0,13.2,8.9,3.7,5.2,68.6,Group Captive Solar & Rooftop PV (SEBI Rank #226),Targeting >36% clean electricity mix
Indian Metals,IMFA,Small Cap,Metals & Mining,Metals & Mining,1288.4,5.0,20.0,50.0,85.0,130.0,305.0,10.4,30.0,15.6,8.2,3.8,4.4,68.6,Group Captive Solar & Rooftop PV (SEBI Rank #735),Targeting >55% clean electricity mix
Aarti Industries,AARTIIND,Mid Cap,Chemicals & Petrochemicals,Specialty Chemicals,492.05,7.0,14.0,81.0,113.0,195.0,347.0,9.9,47.0,14.9,8.4,3.8,4.6,68.5,Group Captive Solar & Rooftop PV (SEBI Rank #412),Targeting >72% clean electricity mix
Zen Technologies,ZENTEC,Mid Cap,IT & Software Services,IT & Digital Services,1801.4,38.0,76.0,114.0,177.0,290.0,473.0,8.1,48.0,12.1,9.2,3.6,5.6,67.8,Group Captive Solar & Rooftop PV (SEBI Rank #443),Targeting >73% clean electricity mix
Thermax,THERMAX,Mid Cap,Capital Goods & Engineering,Heavy Engineering & Capital Goods,3637.6,20.0,25.0,90.0,180.0,320.0,440.0,8.7,15.0,13.0,8.9,3.7,5.2,67.6,Group Captive Solar & Rooftop PV (SEBI Rank #230),Targeting >40% clean electricity mix
KFin Technolog.,KFINTECH,Mid Cap,IT & Software Services,IT & Digital Services,928.9,43.0,86.0,129.0,197.0,315.0,503.0,8.0,53.0,12.0,9.2,3.6,5.6,67.2,Group Captive Solar & Rooftop PV (SEBI Rank #448),Targeting >78% clean electricity mix
Petronet LNG,PETRONET,Mid Cap,Diversified & Manufacturing,Diversified Conglomerates,288.1,22.0,29.0,96.0,188.0,330.0,452.0,8.6,17.0,12.9,8.9,3.7,5.2,67.1,Group Captive Solar & Rooftop PV (SEBI Rank #232),Targeting >42% clean electricity mix
KPIT Technologi.,KPITTECH,Mid Cap,IT & Software Services,IT & Digital Services,575.45,-11.0,-2.0,52.0,131.0,260.0,309.0,7.9,64.0,11.9,9.2,3.6,5.6,66.6,Group Captive Solar & Rooftop PV (SEBI Rank #459),Targeting >89% clean electricity mix
SRF Ltd,SRF,Large Cap,Chemicals & Petrochemicals,Open Access Solar in Rajasthan & MP,2547.0,-9.8,2.0,13.2,1.7,12.9,208.3,65.0,22.0,160.0,8.0,3.85,4.15,66.4,Open Access Solar in Rajasthan & MP,35% RE by 2028
Deepak Fertilis.,DEEPAKFERT,Mid Cap,Chemicals & Petrochemicals,Specialty Chemicals,1362.1,16.0,32.0,48.0,89.0,180.0,341.0,9.6,21.0,14.4,8.4,3.8,4.6,66.2,Group Captive Solar & Rooftop PV (SEBI Rank #421),Targeting >46% clean electricity mix
Powerica Ltd,POWERICA,Small Cap,Power Utilities & Cleantech,Renewable Energy & Power,525.05,27.0,64.0,116.0,173.0,240.0,287.0,10.0,22.0,15.0,8.2,3.8,4.4,66.0,Group Captive Solar & Rooftop PV (SEBI Rank #757),Targeting >47% clean electricity mix
Gensol Engineering Ltd,GENSOL,Small Cap,Power Utilities & Cleantech,Solar EPC Developer & Captive Assets,17.3,-58.3,-97.9,-97.4,-97.2,-97.2,-97.2,85.0,80.0,140.0,7.9,3.2,4.7,65.8,Solar EPC Developer & Captive Assets,1 GW renewable development portfolio
Welspun Enterp,WELENT,Small Cap,Textiles & Apparel,Textiles & Apparel,813.6,38.0,71.0,119.0,152.0,275.0,438.0,9.0,48.0,13.5,8.6,3.75,4.85,65.5,Group Captive Solar & Rooftop PV (SEBI Rank #573),Targeting >73% clean electricity mix
Larsen & Toubro Ltd,LT,Large Cap,Capital Goods & Engineering,Rooftop & Ground Mounted Solar (Hazira/Chennai),3964.1,8.3,7.9,31.1,114.5,132.8,339.7,65.0,38.0,145.0,8.4,3.9,4.5,65.3,Rooftop & Ground Mounted Solar (Hazira/Chennai),Water & Carbon Neutral by 2040
Embassy Off.REIT,EMBASSY,Mid Cap,Diversified & Manufacturing,Diversified Conglomerates,438.69,23.0,31.0,99.0,192.0,335.0,458.0,8.3,18.0,12.5,8.9,3.7,5.2,65.0,Group Captive Solar & Rooftop PV (SEBI Rank #233),Targeting >43% clean electricity mix
Poonawalla Fin,POONAWALLA,Mid Cap,Diversified & Manufacturing,Diversified Conglomerates,468.45,24.0,33.0,102.0,196.0,340.0,464.0,8.3,19.0,12.5,8.9,3.7,5.2,65.0,Group Captive Solar & Rooftop PV (SEBI Rank #234),Targeting >44% clean electricity mix
Zydus Wellness,ZYDUSWELL,Mid Cap,Pharmaceuticals & Healthcare,Pharma & Healthcare,531.7,23.0,46.0,69.0,117.0,215.0,383.0,9.4,28.0,14.1,8.4,3.8,4.6,64.9,Group Captive Solar & Rooftop PV (SEBI Rank #428),Targeting >53% clean electricity mix
Shadowfax Technologies,SHADOWFAX,Mid Cap,IT & Software Services,IT & Digital Services,259.55,1.0,22.0,88.0,179.0,320.0,381.0,7.6,76.0,11.4,9.2,3.6,5.6,63.8,Group Captive Solar & Rooftop PV (SEBI Rank #471),Targeting >100% clean electricity mix
Shivalik Bimetal,SBCL,Small Cap,Metals & Mining,Metals & Mining,1121.1,40.0,45.0,110.0,180.0,260.0,320.0,9.7,35.0,14.5,8.2,3.8,4.4,63.8,Group Captive Solar & Rooftop PV (SEBI Rank #770),Targeting >60% clean electricity mix
Astral,ASTRAL,Mid Cap,Diversified & Manufacturing,Diversified Conglomerates,1492.9,27.0,39.0,111.0,208.0,355.0,482.0,8.0,22.0,12.0,8.9,3.7,5.2,62.4,Group Captive Solar & Rooftop PV (SEBI Rank #237),Targeting >47% clean electricity mix
Concord Biotech,CONCORDBIO,Small Cap,IT & Software Services,IT & Digital Services,1417.1,11.0,42.0,58.0,79.0,110.0,181.0,7.4,46.0,11.1,9.2,3.6,5.6,62.2,Group Captive Solar & Rooftop PV (SEBI Rank #481),Targeting >71% clean electricity mix
JK Tyre & Indust,JKTYRE,Small Cap,Automotive & 2W/3W,Auto Ancillary & Components,367.35,-7.0,1.0,69.0,122.0,265.0,448.0,8.5,68.0,12.8,8.6,3.75,4.85,62.1,Group Captive Solar & Rooftop PV (SEBI Rank #593),Targeting >93% clean electricity mix
Global Health,MEDANTA,Mid Cap,Diversified & Manufacturing,Diversified Conglomerates,1469.8,28.0,41.0,114.0,212.0,360.0,488.0,7.9,23.0,11.9,8.9,3.7,5.2,61.9,Group Captive Solar & Rooftop PV (SEBI Rank #238),Targeting >48% clean electricity mix
AIA Engineering,AIAENG,Mid Cap,Diversified & Manufacturing,Diversified Conglomerates,4231.2,29.0,43.0,117.0,216.0,365.0,494.0,7.9,24.0,11.9,8.9,3.7,5.2,61.9,Group Captive Solar & Rooftop PV (SEBI Rank #239),Targeting >49% clean electricity mix
Cochin Shipyard,COCHINSHIP,Mid Cap,Capital Goods & Engineering,Heavy Engineering & Capital Goods,1499.1,30.0,45.0,60.0,80.0,110.0,240.0,7.9,25.0,11.9,8.9,3.7,5.2,61.9,Group Captive Solar & Rooftop PV (SEBI Rank #240),Targeting >50% clean electricity mix
Sunflag Iron,SUNFLAG,Small Cap,Metals & Mining,Metals & Mining,343.7,-14.0,2.0,18.0,99.0,190.0,261.0,9.3,16.0,14.0,8.2,3.8,4.4,61.6,Group Captive Solar & Rooftop PV (SEBI Rank #781),Targeting >41% clean electricity mix
Greenlam Industr,GREENLAM,Small Cap,Power Utilities & Cleantech,Renewable Energy & Power,242.62,-12.0,6.0,24.0,107.0,200.0,273.0,9.3,18.0,14.0,8.2,3.8,4.4,61.6,Group Captive Solar & Rooftop PV (SEBI Rank #783),Targeting >43% clean electricity mix
HCL Technologies Ltd,HCLTECH,Large Cap,IT & Software Services,Campus Rooftop PV + Green Open Access,1293.4,-6.6,-28.0,4.7,38.7,1.1,59.4,32.0,62.0,110.0,9.2,3.65,5.55,61.1,Campus Rooftop PV + Green Open Access,"RE100, Net Zero by 2040"
Avalon Tech,AVALON,Small Cap,IT & Software Services,IT & Digital Services,2196.6,20.0,60.0,85.0,115.0,155.0,235.0,7.3,55.0,10.9,9.2,3.6,5.6,61.0,Group Captive Solar & Rooftop PV (SEBI Rank #490),Targeting >80% clean electricity mix
Cartrade Tech,CARTRADE,Small Cap,IT & Software Services,IT & Digital Services,3000.2,25.0,25.0,55.0,90.0,135.0,220.0,7.3,60.0,10.9,9.2,3.6,5.6,61.0,Group Captive Solar & Rooftop PV (SEBI Rank #495),Targeting >85% clean electricity mix
Godrej Industrie,GODREJIND,Mid Cap,Diversified & Manufacturing,Diversified Conglomerates,1163.5,32.0,49.0,66.0,88.0,120.0,252.0,7.8,27.0,11.7,8.9,3.7,5.2,60.8,Group Captive Solar & Rooftop PV (SEBI Rank #242),Targeting >52% clean electricity mix
Tata Chemicals,TATACHEM,Mid Cap,Chemicals & Petrochemicals,Specialty Chemicals,625.1,46.0,47.0,93.0,164.0,285.0,326.0,8.8,51.0,13.2,8.4,3.8,4.6,60.7,Group Captive Solar & Rooftop PV (SEBI Rank #451),Targeting >76% clean electricity mix
Alembic Pharma,APLLTD,Mid Cap,Pharmaceuticals & Healthcare,Pharma & Healthcare,808.2,49.0,53.0,102.0,176.0,300.0,344.0,8.8,54.0,13.2,8.4,3.8,4.6,60.7,Group Captive Solar & Rooftop PV (SEBI Rank #454),Targeting >79% clean electricity mix
Vikram Solar,VIKRAMSOLR,Small Cap,Power Utilities & Cleantech,Renewable Energy & Power,168.45,-8.0,14.0,36.0,123.0,220.0,297.0,9.2,22.0,13.8,8.2,3.8,4.4,60.7,Group Captive Solar & Rooftop PV (SEBI Rank #787),Targeting >47% clean electricity mix
Container Corpn.,CONCOR,Mid Cap,Diversified & Manufacturing,Diversified Conglomerates,508.0,35.0,55.0,75.0,100.0,135.0,270.0,7.7,30.0,11.6,8.9,3.7,5.2,60.3,Group Captive Solar & Rooftop PV (SEBI Rank #245),Targeting >55% clean electricity mix
Nazara Technolo.,NAZARA,Small Cap,IT & Software Services,IT & Digital Services,368.65,36.0,47.0,88.0,134.0,190.0,286.0,7.1,71.0,10.6,9.2,3.6,5.6,59.4,Group Captive Solar & Rooftop PV (SEBI Rank #506),Targeting >96% clean electricity mix
I R C T C,IRCTC,Mid Cap,Diversified & Manufacturing,Diversified Conglomerates,476.05,37.0,59.0,81.0,108.0,145.0,282.0,7.6,32.0,11.4,8.9,3.7,5.2,59.3,Group Captive Solar & Rooftop PV (SEBI Rank #247),Targeting >57% clean electricity mix
Cupid,CUPID,Mid Cap,Diversified & Manufacturing,Diversified Conglomerates,283.15,38.0,61.0,84.0,112.0,150.0,288.0,7.6,33.0,11.4,8.9,3.7,5.2,59.3,Group Captive Solar & Rooftop PV (SEBI Rank #248),Targeting >58% clean electricity mix
Narayana Hrudaya,NH,Mid Cap,Diversified & Manufacturing,Diversified Conglomerates,1858.5,39.0,63.0,87.0,116.0,155.0,294.0,7.6,34.0,11.4,8.9,3.7,5.2,59.3,Group Captive Solar & Rooftop PV (SEBI Rank #249),Targeting >59% clean electricity mix
New India Assura,NIACL,Mid Cap,Diversified & Manufacturing,Diversified Conglomerates,229.91,40.0,65.0,90.0,120.0,160.0,300.0,7.6,10.0,11.4,8.9,3.7,5.2,59.3,Group Captive Solar & Rooftop PV (SEBI Rank #250),Targeting >35% clean electricity mix
NLC India,NLCINDIA,Mid Cap,Diversified & Manufacturing,Diversified Conglomerates,273.05,41.0,67.0,93.0,124.0,165.0,306.0,7.6,11.0,11.4,8.9,3.7,5.2,59.3,Group Captive Solar & Rooftop PV (SEBI Rank #251),Targeting >36% clean electricity mix
Ashok Leyland Ltd,ASHOKLEY,Large Cap,Automotive & Ancillary,Rooftop Solar & Wind PPA in Tamil Nadu,169.0,18.5,43.6,91.0,121.4,152.6,354.3,55.0,60.0,115.0,8.8,3.7,5.1,58.7,Rooftop Solar & Wind PPA in Tamil Nadu,100% RE across manufacturing by 2030
Birla Corporation Ltd,BIRLACORPN,Small Cap,Cement & Building Materials,Onsite Solar + Open access wind/solar,887.35,-26.8,-29.6,-27.5,-6.6,-37.9,33.9,55.0,30.0,135.0,8.1,3.75,4.35,58.7,Onsite Solar + Open access wind/solar,45% RE by 2029
Apollo Tyres Ltd,APOLLOTYRE,Mid Cap,Automotive & Ancillary,Open Access Solar in AP & Gujarat,429.55,-8.9,-21.4,16.9,54.6,90.9,229.3,48.0,32.0,120.0,8.6,3.75,4.85,58.2,Open Access Solar in AP & Gujarat,25% Carbon Intensity cut by 2026
Patanjali Foods,PATANJALI,Mid Cap,Diversified & Manufacturing,Diversified Conglomerates,342.5,43.0,71.0,99.0,132.0,175.0,318.0,7.5,13.0,11.2,8.9,3.7,5.2,58.2,Group Captive Solar & Rooftop PV (SEBI Rank #253),Targeting >38% clean electricity mix
3M India,3MINDIA,Mid Cap,Diversified & Manufacturing,Diversified Conglomerates,32845.0,45.0,75.0,105.0,140.0,185.0,330.0,7.4,15.0,11.1,8.9,3.7,5.2,57.7,Group Captive Solar & Rooftop PV (SEBI Rank #255),Targeting >40% clean electricity mix
Anand Rathi Wea.,ANANDRATHI,Mid Cap,Diversified & Manufacturing,Diversified Conglomerates,2215.9,46.0,77.0,108.0,144.0,190.0,336.0,7.4,16.0,11.1,8.9,3.7,5.2,57.7,Group Captive Solar & Rooftop PV (SEBI Rank #256),Targeting >41% clean electricity mix
Sudeep Pharma,SUDEEPPHRM,Mid Cap,Pharmaceuticals & Healthcare,Pharma & Healthcare,1329.3,5.0,30.0,100.0,195.0,340.0,405.0,8.3,40.0,12.5,8.4,3.8,4.6,57.5,Group Captive Solar & Rooftop PV (SEBI Rank #475),Targeting >65% clean electricity mix
Jindal Worldwide,JINDWORLD,Small Cap,Metals & Mining,Metals & Mining,57.51,14.0,58.0,102.0,131.0,250.0,349.0,8.6,44.0,12.9,8.2,3.8,4.4,56.8,Group Captive Solar & Rooftop PV (SEBI Rank #809),Targeting >69% clean electricity mix
Physicswallah,PWL,Mid Cap,Diversified & Manufacturing,Diversified Conglomerates,126.42,47.0,79.0,111.0,148.0,195.0,342.0,7.3,17.0,10.9,8.9,3.7,5.2,56.7,Group Captive Solar & Rooftop PV (SEBI Rank #257),Targeting >42% clean electricity mix
Natco Pharma,NATCOPHARM,Small Cap,Pharmaceuticals & Healthcare,Pharma & Healthcare,828.65,10.0,40.0,55.0,75.0,105.0,175.0,8.2,45.0,12.3,8.4,3.8,4.6,56.6,Group Captive Solar & Rooftop PV (SEBI Rank #480),Targeting >70% clean electricity mix
Marksans Pharma,MARKSANS,Small Cap,Pharmaceuticals & Healthcare,Pharma & Healthcare,326.75,13.0,46.0,64.0,87.0,120.0,193.0,8.2,48.0,12.3,8.4,3.8,4.6,56.6,Group Captive Solar & Rooftop PV (SEBI Rank #483),Targeting >73% clean electricity mix
Jubilant Pharmo,JUBLPHARMA,Small Cap,Pharmaceuticals & Healthcare,Pharma & Healthcare,924.5,18.0,56.0,79.0,107.0,145.0,223.0,8.2,53.0,12.3,8.4,3.8,4.6,56.6,Group Captive Solar & Rooftop PV (SEBI Rank #488),Targeting >78% clean electricity mix
Steel Str. Wheel,SSWL,Small Cap,Metals & Mining,Metals & Mining,361.85,22.0,29.0,81.0,118.0,245.0,352.0,8.5,22.0,12.8,8.2,3.8,4.4,56.3,Group Captive Solar & Rooftop PV (SEBI Rank #817),Targeting >47% clean electricity mix
H U D C O,HUDCO,Mid Cap,Diversified & Manufacturing,Diversified Conglomerates,180.52,49.0,83.0,117.0,156.0,205.0,354.0,7.2,19.0,10.8,8.9,3.7,5.2,56.2,Group Captive Solar & Rooftop PV (SEBI Rank #259),Targeting >44% clean electricity mix
Bagmane Prime REIT,BAGMANE,Mid Cap,Diversified & Manufacturing,Diversified Conglomerates,106.28,-15.0,20.0,55.0,95.0,145.0,295.0,7.2,20.0,10.8,8.9,3.7,5.2,56.2,Group Captive Solar & Rooftop PV (SEBI Rank #260),Targeting >45% clean electricity mix
Adani Ports and SEZ Ltd,ADANIPORTS,Large Cap,Conglomerates & Diversified,Rooftop & Port Land Solar PV,1707.3,21.6,17.9,106.9,108.0,131.4,399.6,65.0,39.0,130.0,8.0,3.7,4.3,55.9,Rooftop & Port Land Solar PV,"Carbon Neutral by 2025, 100% RE by 2030"
PTC Industries,PTCIL,Mid Cap,Diversified & Manufacturing,Diversified Conglomerates,23830.0,-13.0,24.0,61.0,103.0,155.0,307.0,7.1,22.0,10.6,8.9,3.7,5.2,55.1,Group Captive Solar & Rooftop PV (SEBI Rank #262),Targeting >47% clean electricity mix
HFCL,HFCL,Mid Cap,Diversified & Manufacturing,Diversified Conglomerates,231.44,-12.0,26.0,64.0,107.0,160.0,313.0,7.1,23.0,10.6,8.9,3.7,5.2,55.1,Group Captive Solar & Rooftop PV (SEBI Rank #263),Targeting >48% clean electricity mix
CRISIL,CRISIL,Mid Cap,Diversified & Manufacturing,Diversified Conglomerates,4802.0,-11.0,28.0,67.0,111.0,165.0,319.0,7.0,24.0,10.5,8.9,3.7,5.2,54.6,Group Captive Solar & Rooftop PV (SEBI Rank #264),Targeting >49% clean electricity mix
Delhivery,DELHIVERY,Mid Cap,Diversified & Manufacturing,Diversified Conglomerates,457.9,-10.0,30.0,70.0,115.0,170.0,325.0,6.9,25.0,10.4,8.9,3.7,5.2,54.1,Group Captive Solar & Rooftop PV (SEBI Rank #265),Targeting >50% clean electricity mix
Saatvik Green,SAATVIKGL,Small Cap,Power Utilities & Cleantech,Renewable Energy & Power,424.4,41.0,67.0,138.0,194.0,340.0,466.0,8.1,41.0,12.1,8.2,3.8,4.4,53.2,Group Captive Solar & Rooftop PV (SEBI Rank #836),Targeting >66% clean electricity mix
Himadri Special,HSCL,Mid Cap,Diversified & Manufacturing,Diversified Conglomerates,671.05,-8.0,34.0,76.0,123.0,180.0,337.0,6.8,27.0,10.2,8.9,3.7,5.2,53.0,Group Captive Solar & Rooftop PV (SEBI Rank #267),Targeting >52% clean electricity mix
United Breweries,UBL,Mid Cap,Diversified & Manufacturing,Diversified Conglomerates,1279.4,-7.0,36.0,79.0,127.0,185.0,343.0,6.8,28.0,10.2,8.9,3.7,5.2,53.0,Group Captive Solar & Rooftop PV (SEBI Rank #268),Targeting >53% clean electricity mix
Waaree Energies Ltd,WAAREE,Small Cap,Power Utilities & Cleantech,Captive Solar PV for module gigafactories,500.0,12.5,28.0,45.0,65.0,95.0,130.0,55.0,70.0,110.0,8.0,3.2,4.8,52.8,Captive Solar PV for module gigafactories,100% Green Manufacturing by 2028
Va Tech Wabag,WABAG,Small Cap,IT & Software Services,IT & Digital Services,2005.3,10.0,15.0,35.0,120.0,215.0,350.0,6.3,70.0,9.4,9.2,3.6,5.6,52.6,Group Captive Solar & Rooftop PV (SEBI Rank #545),Targeting >95% clean electricity mix
Karur Vysya Bank,KARURVYSYA,Mid Cap,Banking & Financial Services,BFSI,348.85,-6.0,38.0,82.0,131.0,190.0,349.0,6.7,29.0,10.1,8.9,3.7,5.2,52.5,Group Captive Solar & Rooftop PV (SEBI Rank #269),Targeting >54% clean electricity mix
ITC Hotels,ITCHOTELS,Mid Cap,FMCG & Consumer Goods,FMCG & Consumer Packaged Goods,161.23,-4.0,-3.0,43.0,94.0,155.0,316.0,6.7,31.0,10.1,8.9,3.7,5.2,52.5,Group Captive Solar & Rooftop PV (SEBI Rank #271),Targeting >56% clean electricity mix
Nuvama Wealth,NUVAMA,Mid Cap,Diversified & Manufacturing,Diversified Conglomerates,1815.6,-3.0,-1.0,46.0,98.0,160.0,322.0,6.7,32.0,10.1,8.9,3.7,5.2,52.5,Group Captive Solar & Rooftop PV (SEBI Rank #272),Targeting >57% clean electricity mix
Ventive Hospital,VENTIVE,Small Cap,Pharmaceuticals & Healthcare,Pharma & Healthcare,588.2,45.0,65.0,115.0,170.0,235.0,340.0,7.6,45.0,11.4,8.4,3.8,4.6,52.4,Group Captive Solar & Rooftop PV (SEBI Rank #515),Targeting >70% clean electricity mix
Escorts Kubota,ESCORTS,Mid Cap,Diversified & Manufacturing,Diversified Conglomerates,2968.8,-2.0,1.0,49.0,102.0,165.0,328.0,6.6,33.0,9.9,8.9,3.7,5.2,51.5,Group Captive Solar & Rooftop PV (SEBI Rank #273),Targeting >58% clean electricity mix
Mindspace Busine,MINDSPACE,Mid Cap,Diversified & Manufacturing,Diversified Conglomerates,501.11,-1.0,3.0,52.0,106.0,170.0,334.0,6.6,34.0,9.9,8.9,3.7,5.2,51.5,Group Captive Solar & Rooftop PV (SEBI Rank #274),Targeting >59% clean electricity mix
National High,NHIT,Mid Cap,Diversified & Manufacturing,Diversified Conglomerates,171.0,0.0,5.0,55.0,110.0,175.0,340.0,6.6,10.0,9.9,8.9,3.7,5.2,51.5,Group Captive Solar & Rooftop PV (SEBI Rank #275),Targeting >35% clean electricity mix
Dhoot Transmission,DHOOTTRANS,Mid Cap,Diversified & Manufacturing,Diversified Conglomerates,1615.7,1.0,7.0,58.0,114.0,180.0,346.0,6.6,11.0,9.9,8.9,3.7,5.2,51.5,Group Captive Solar & Rooftop PV (SEBI Rank #276),Targeting >36% clean electricity mix
Star Health Insu,STARHEALTH,Mid Cap,Diversified & Manufacturing,Diversified Conglomerates,557.35,3.0,11.0,64.0,122.0,190.0,358.0,6.6,13.0,9.9,8.9,3.7,5.2,51.5,Group Captive Solar & Rooftop PV (SEBI Rank #278),Targeting >38% clean electricity mix
TVS Motor Company Ltd,TVSMOTOR,Large Cap,Automotive & 2W/3W,2W & 3W OEM,4133.1,20.2,45.5,171.6,300.4,652.2,782.6,28.5,97.1,106.8,8.6,3.8,4.8,51.3,Captive Wind Farms (TN) + Rooftop Solar (Hosur/Mysuru),Net Zero Scope 1 & 2 by 2040; 100% RE Operations
Krishna Institu.,KIMS,Mid Cap,Diversified & Manufacturing,Diversified Conglomerates,764.1,6.0,17.0,73.0,134.0,205.0,376.0,6.4,16.0,9.6,8.9,3.7,5.2,49.9,Group Captive Solar & Rooftop PV (SEBI Rank #281),Targeting >41% clean electricity mix
Tata Inv.Corpn.,TATAINVEST,Mid Cap,Diversified & Manufacturing,Diversified Conglomerates,633.7,7.0,19.0,76.0,138.0,210.0,382.0,6.4,17.0,9.6,8.9,3.7,5.2,49.9,Group Captive Solar & Rooftop PV (SEBI Rank #282),Targeting >42% clean electricity mix
Kirloskar Oil,KIRLOSENG,Mid Cap,Diversified & Manufacturing,Diversified Conglomerates,2201.9,8.0,21.0,79.0,142.0,215.0,388.0,6.4,18.0,9.6,8.9,3.7,5.2,49.9,Group Captive Solar & Rooftop PV (SEBI Rank #283),Targeting >43% clean electricity mix
Godfrey Phillips,GODFRYPHLP,Mid Cap,Diversified & Manufacturing,Diversified Conglomerates,2051.0,9.0,23.0,82.0,146.0,220.0,394.0,6.4,19.0,9.6,8.9,3.7,5.2,49.9,Group Captive Solar & Rooftop PV (SEBI Rank #284),Targeting >44% clean electricity mix
Manappuram Fin.,MANAPPURAM,Mid Cap,Diversified & Manufacturing,Diversified Conglomerates,339.7,11.0,27.0,88.0,154.0,230.0,406.0,6.4,21.0,9.6,8.9,3.7,5.2,49.9,Group Captive Solar & Rooftop PV (SEBI Rank #286),Targeting >46% clean electricity mix
CMR Green Tech.,CMRGREEN,Small Cap,Power Utilities & Cleantech,Renewable Energy & Power,228.34,10.0,25.0,70.0,160.0,220.0,380.0,7.5,15.0,11.2,8.2,3.8,4.4,49.3,Group Captive Solar & Rooftop PV (SEBI Rank #870),Targeting >40% clean electricity mix
Aegis Vopak Term,AEGISVOPAK,Mid Cap,Diversified & Manufacturing,Diversified Conglomerates,284.5,13.0,31.0,94.0,162.0,240.0,418.0,6.3,23.0,9.4,8.9,3.7,5.2,48.9,Group Captive Solar & Rooftop PV (SEBI Rank #288),Targeting >48% clean electricity mix
Midwest Energy,526570,Small Cap,Power Utilities & Cleantech,Renewable Energy & Power,3793.2,16.0,37.0,88.0,184.0,250.0,416.0,7.4,21.0,11.1,8.2,3.8,4.4,48.8,Group Captive Solar & Rooftop PV (SEBI Rank #876),Targeting >46% clean electricity mix
UCO Bank,UCOBANK,Mid Cap,Banking & Financial Services,BFSI,24.78,16.0,37.0,103.0,174.0,255.0,436.0,6.2,26.0,9.3,8.9,3.7,5.2,48.4,Group Captive Solar & Rooftop PV (SEBI Rank #291),Targeting >51% clean electricity mix
LIC Housing Fin.,LICHSGFIN,Mid Cap,Banking & Financial Services,BFSI,562.05,17.0,39.0,106.0,178.0,260.0,442.0,6.2,27.0,9.3,8.9,3.7,5.2,48.4,Group Captive Solar & Rooftop PV (SEBI Rank #292),Targeting >52% clean electricity mix
Techno Elec.Engg,TECHNOE,Small Cap,IT & Software Services,IT & Digital Services,979.5,35.0,65.0,110.0,140.0,260.0,420.0,5.7,55.0,8.6,9.2,3.6,5.6,48.2,Group Captive Solar & Rooftop PV (SEBI Rank #570),Targeting >80% clean electricity mix
Energy InfrTrust,542543,Small Cap,Power Utilities & Cleantech,Renewable Energy & Power,73.56,18.0,41.0,94.0,192.0,260.0,428.0,7.3,23.0,10.9,8.2,3.8,4.4,48.0,Group Captive Solar & Rooftop PV (SEBI Rank #878),Targeting >48% clean electricity mix
PCBL Chemical,PCBL,Small Cap,Chemicals & Petrochemicals,Specialty Chemicals,317.0,11.0,17.0,38.0,124.0,220.0,356.0,6.9,41.0,10.4,8.4,3.8,4.6,47.8,Group Captive Solar & Rooftop PV (SEBI Rank #546),Targeting >66% clean electricity mix
Amagi Media Labs,AMAGI,Small Cap,Pharmaceuticals & Healthcare,Pharma & Healthcare,563.3,14.0,23.0,47.0,136.0,235.0,374.0,6.9,44.0,10.4,8.4,3.8,4.6,47.8,Group Captive Solar & Rooftop PV (SEBI Rank #549),Targeting >69% clean electricity mix
Dr. Reddy's Laboratories,DRREDDY,Large Cap,Pharmaceuticals & Healthcare,Active Pharmaceutical Ingredients,1151.0,18.0,38.0,58.0,82.0,110.0,165.0,45.0,52.0,98.0,8.6,3.75,4.85,47.5,Open Access Solar/Wind with Fourth Partner & Cleantech,100% RE by 2030 (RE100 Signatory)
Aditya AMC,ABSLAMC,Mid Cap,Diversified & Manufacturing,Diversified Conglomerates,1062.3,19.0,43.0,112.0,186.0,270.0,454.0,6.1,29.0,9.1,8.9,3.7,5.2,47.3,Group Captive Solar & Rooftop PV (SEBI Rank #294),Targeting >54% clean electricity mix
M R P L,MRPL,Mid Cap,Diversified & Manufacturing,Diversified Conglomerates,174.83,20.0,45.0,115.0,190.0,275.0,460.0,6.1,30.0,9.1,8.9,3.7,5.2,47.3,Group Captive Solar & Rooftop PV (SEBI Rank #295),Targeting >55% clean electricity mix
Blue Star,BLUESTARCO,Mid Cap,Diversified & Manufacturing,Diversified Conglomerates,1484.0,21.0,47.0,118.0,194.0,280.0,466.0,6.1,31.0,9.1,8.9,3.7,5.2,47.3,Group Captive Solar & Rooftop PV (SEBI Rank #296),Targeting >56% clean electricity mix
PNB Housing,PNBHOUSING,Mid Cap,Diversified & Manufacturing,Diversified Conglomerates,1166.0,22.0,49.0,121.0,198.0,285.0,472.0,6.1,32.0,9.1,8.9,3.7,5.2,47.3,Group Captive Solar & Rooftop PV (SEBI Rank #297),Targeting >57% clean electricity mix
Orient Cement Ltd,ORIENTCEM,Small Cap,Cement & Building Materials,Solar PPA with Cleantech + WHRS,129.75,-40.8,-55.3,-27.2,0.1,-18.4,111.8,50.0,38.0,110.0,8.0,3.75,4.25,46.8,Solar PPA with Cleantech + WHRS,55% Green Power by 2030
Inventurus Knowl,IKS,Mid Cap,Diversified & Manufacturing,Diversified Conglomerates,1759.9,23.0,51.0,124.0,202.0,290.0,478.0,6.0,33.0,9.0,8.9,3.7,5.2,46.8,Group Captive Solar & Rooftop PV (SEBI Rank #298),Targeting >58% clean electricity mix
CEAT Ltd,CEATLTD,Small Cap,Automotive & Ancillary,Rooftop Solar + Captive Solar PPA,3333.2,-1.5,5.6,57.1,111.8,152.2,233.6,38.0,34.0,95.0,8.7,3.8,4.9,46.6,Rooftop Solar + Captive Solar PPA,50% RE by 2030
Sonata Software,SONATSOFTW,Small Cap,Automotive & 2W/3W,Auto Ancillary & Components,285.25,12.0,14.0,46.0,103.0,210.0,327.0,6.4,52.0,9.6,8.6,3.75,4.85,46.6,Group Captive Solar & Rooftop PV (SEBI Rank #677),Targeting >77% clean electricity mix
AGI Greenpac,AGI,Small Cap,Power Utilities & Cleantech,Renewable Energy & Power,735.25,27.0,59.0,121.0,148.0,225.0,402.0,7.1,32.0,10.6,8.2,3.8,4.4,46.6,Group Captive Solar & Rooftop PV (SEBI Rank #887),Targeting >57% clean electricity mix
Schneider Elect.,SCHNEIDER,Mid Cap,Diversified & Manufacturing,Diversified Conglomerates,1232.4,27.0,59.0,76.0,158.0,250.0,292.0,5.9,12.0,8.9,8.9,3.7,5.2,46.3,Group Captive Solar & Rooftop PV (SEBI Rank #302),Targeting >37% clean electricity mix
Rubicon Research,RUBICON,Mid Cap,Diversified & Manufacturing,Diversified Conglomerates,1768.3,28.0,61.0,79.0,162.0,255.0,298.0,5.9,13.0,8.9,8.9,3.7,5.2,46.3,Group Captive Solar & Rooftop PV (SEBI Rank #303),Targeting >38% clean electricity mix
Tejas Networks,TEJASNET,Small Cap,Telecom & Data Centers,Telecom & Connectivity,614.15,45.0,85.0,140.0,180.0,310.0,480.0,5.5,65.0,8.2,9.2,3.6,5.6,45.9,Group Captive Solar & Rooftop PV (SEBI Rank #580),Targeting >90% clean electricity mix
C D S L,CDSL,Mid Cap,Diversified & Manufacturing,Diversified Conglomerates,1394.6,29.0,63.0,82.0,166.0,260.0,304.0,5.8,14.0,8.7,8.9,3.7,5.2,45.2,Group Captive Solar & Rooftop PV (SEBI Rank #304),Targeting >39% clean electricity mix
ZF Commercial,ZFCVINDIA,Mid Cap,Diversified & Manufacturing,Diversified Conglomerates,2551.9,31.0,67.0,88.0,174.0,270.0,316.0,5.8,16.0,8.7,8.9,3.7,5.2,45.2,Group Captive Solar & Rooftop PV (SEBI Rank #306),Targeting >41% clean electricity mix
Redington,REDINGTON,Mid Cap,Diversified & Manufacturing,Diversified Conglomerates,371.3,32.0,69.0,91.0,178.0,275.0,322.0,5.8,17.0,8.7,8.9,3.7,5.2,45.2,Group Captive Solar & Rooftop PV (SEBI Rank #307),Targeting >42% clean electricity mix
Garden Reach Sh.,GRSE,Mid Cap,Diversified & Manufacturing,Diversified Conglomerates,2533.2,33.0,71.0,94.0,182.0,280.0,328.0,5.8,18.0,8.7,8.9,3.7,5.2,45.2,Group Captive Solar & Rooftop PV (SEBI Rank #308),Targeting >43% clean electricity mix
TTK Prestige,TTKPRESTIG,Small Cap,Textiles & Apparel,Textiles & Apparel,562.75,27.0,44.0,91.0,163.0,285.0,417.0,6.2,67.0,9.3,8.6,3.75,4.85,45.1,Group Captive Solar & Rooftop PV (SEBI Rank #692),Targeting >92% clean electricity mix
Chola Financial,CHOLAHLDNG,Mid Cap,Diversified & Manufacturing,Diversified Conglomerates,1525.7,34.0,73.0,97.0,186.0,285.0,334.0,5.7,19.0,8.6,8.9,3.7,5.2,44.7,Group Captive Solar & Rooftop PV (SEBI Rank #309),Targeting >44% clean electricity mix
Brookfield India,BIRET,Mid Cap,Diversified & Manufacturing,Diversified Conglomerates,341.79,36.0,77.0,103.0,194.0,295.0,346.0,5.7,21.0,8.6,8.9,3.7,5.2,44.7,Group Captive Solar & Rooftop PV (SEBI Rank #311),Targeting >46% clean electricity mix
Sun Pharmaceutical Ltd,SUNPHARMA,Large Cap,Pharmaceuticals & Healthcare,Onsite Rooftop + Open Access Solar,1899.0,19.1,-1.4,63.9,100.2,132.1,279.5,38.0,35.0,95.0,8.5,3.85,4.65,44.2,Onsite Rooftop + Open Access Solar,50% RE by 2030
ESDS Software,ESDS,Small Cap,IT & Software Services,IT & Digital Services,908.4,-9.0,-3.0,63.0,114.0,255.0,436.0,5.3,76.0,7.9,9.2,3.6,5.6,44.2,Group Captive Solar & Rooftop PV (SEBI Rank #591),Targeting >100% clean electricity mix
Zensar Tech.,ZENSARTECH,Small Cap,IT & Software Services,IT & Digital Services,461.55,-4.0,7.0,78.0,134.0,280.0,466.0,5.3,81.0,7.9,9.2,3.6,5.6,44.2,Group Captive Solar & Rooftop PV (SEBI Rank #596),Targeting >100% clean electricity mix
Central Bank,CENTRALBK,Mid Cap,Banking & Financial Services,BFSI,31.08,37.0,79.0,106.0,198.0,300.0,352.0,5.6,22.0,8.4,8.9,3.7,5.2,43.7,Group Captive Solar & Rooftop PV (SEBI Rank #312),Targeting >47% clean electricity mix
Urban Company,URBANCO,Mid Cap,Diversified & Manufacturing,Diversified Conglomerates,181.09,39.0,83.0,112.0,206.0,310.0,364.0,5.6,24.0,8.4,8.9,3.7,5.2,43.7,Group Captive Solar & Rooftop PV (SEBI Rank #314),Targeting >49% clean electricity mix
R R Kabel,RRKABEL,Mid Cap,Diversified & Manufacturing,Diversified Conglomerates,2454.1,40.0,40.0,70.0,165.0,270.0,325.0,5.6,25.0,8.4,8.9,3.7,5.2,43.7,Group Captive Solar & Rooftop PV (SEBI Rank #315),Targeting >50% clean electricity mix
GE Power,GVPIL,Small Cap,Power Utilities & Cleantech,Renewable Energy & Power,649.6,-6.0,13.0,47.0,106.0,215.0,274.0,6.6,34.0,9.9,8.2,3.8,4.4,43.6,Group Captive Solar & Rooftop PV (SEBI Rank #919),Targeting >59% clean electricity mix
Asian Paints Ltd,ASIANPAINT,Large Cap,Chemicals & Petrochemicals,Rooftop Solar on all 8 plants + Wind PPAs,2527.3,7.5,-24.1,-20.0,-24.4,-22.1,27.2,42.0,61.0,88.0,8.6,3.75,4.85,42.7,Rooftop Solar on all 8 plants + Wind PPAs,75% RE by 2028
IIFL Finance,IIFL,Mid Cap,Banking & Financial Services,BFSI,651.15,41.0,42.0,73.0,169.0,275.0,331.0,5.5,26.0,8.2,8.9,3.7,5.2,42.6,Group Captive Solar & Rooftop PV (SEBI Rank #316),Targeting >51% clean electricity mix
Angel One,ANGELONE,Mid Cap,Diversified & Manufacturing,Diversified Conglomerates,299.8,42.0,44.0,76.0,173.0,280.0,337.0,5.5,27.0,8.2,8.9,3.7,5.2,42.6,Group Captive Solar & Rooftop PV (SEBI Rank #317),Targeting >52% clean electricity mix
IFCI,IFCI,Mid Cap,Diversified & Manufacturing,Diversified Conglomerates,101.38,43.0,46.0,79.0,177.0,285.0,343.0,5.5,28.0,8.2,8.9,3.7,5.2,42.6,Group Captive Solar & Rooftop PV (SEBI Rank #318),Targeting >53% clean electricity mix
TVS Holdings,TVSHLTD,Mid Cap,Diversified & Manufacturing,Diversified Conglomerates,13374.0,45.0,50.0,85.0,105.0,215.0,275.0,5.4,30.0,8.1,8.9,3.7,5.2,42.1,Group Captive Solar & Rooftop PV (SEBI Rank #320),Targeting >55% clean electricity mix
Capri Global,CGCL,Mid Cap,Diversified & Manufacturing,Diversified Conglomerates,279.9,46.0,52.0,88.0,109.0,220.0,281.0,5.4,31.0,8.1,8.9,3.7,5.2,42.1,Group Captive Solar & Rooftop PV (SEBI Rank #321),Targeting >56% clean electricity mix
Bandhan Bank,BANDHANBNK,Mid Cap,Banking & Financial Services,BFSI,164.95,47.0,54.0,91.0,113.0,225.0,287.0,5.3,32.0,7.9,8.9,3.7,5.2,41.1,Group Captive Solar & Rooftop PV (SEBI Rank #322),Targeting >57% clean electricity mix
Amber Enterp.,AMBER,Mid Cap,Diversified & Manufacturing,Diversified Conglomerates,7474.0,48.0,56.0,94.0,117.0,230.0,293.0,5.3,33.0,7.9,8.9,3.7,5.2,41.1,Group Captive Solar & Rooftop PV (SEBI Rank #323),Targeting >58% clean electricity mix
Tech Mahindra Ltd,TECHM,Large Cap,IT & Software Services,Green Tariffs + Campus Solar,1596.9,14.0,1.2,30.6,58.3,15.7,101.7,25.0,58.0,72.0,9.3,3.6,5.7,41.0,Green Tariffs + Campus Solar,"RE100, 100% RE by 2030"
Laser Power,LASERPOWER,Small Cap,Power Utilities & Cleantech,Renewable Energy & Power,295.65,11.0,47.0,98.0,174.0,300.0,376.0,6.2,21.0,9.3,8.2,3.8,4.4,40.9,Group Captive Solar & Rooftop PV (SEBI Rank #936),Targeting >46% clean electricity mix
Kalyani Steels,KSL,Small Cap,Metals & Mining,Metals & Mining,940.5,17.0,59.0,116.0,198.0,330.0,412.0,6.2,27.0,9.3,8.2,3.8,4.4,40.9,Group Captive Solar & Rooftop PV (SEBI Rank #942),Targeting >52% clean electricity mix
Balu Forge,BALUFORGE,Small Cap,Automotive & 2W/3W,Auto Ancillary & Components,574.1,4.0,18.0,47.0,81.0,125.0,299.0,5.6,59.0,8.4,8.6,3.75,4.85,40.7,Group Captive Solar & Rooftop PV (SEBI Rank #734),Targeting >84% clean electricity mix
ITI,ITI,Mid Cap,Diversified & Manufacturing,Diversified Conglomerates,272.5,49.0,58.0,97.0,121.0,235.0,299.0,5.2,34.0,7.8,8.9,3.7,5.2,40.6,Group Captive Solar & Rooftop PV (SEBI Rank #324),Targeting >59% clean electricity mix
Hatsun Agro,HATSUN,Mid Cap,Diversified & Manufacturing,Diversified Conglomerates,1168.8,-15.0,-5.0,35.0,60.0,175.0,240.0,5.2,10.0,7.8,8.9,3.7,5.2,40.6,Group Captive Solar & Rooftop PV (SEBI Rank #325),Targeting >35% clean electricity mix
Time Technoplast,TIMETECHNO,Small Cap,IT & Software Services,IT & Digital Services,188.49,35.0,40.0,90.0,185.0,250.0,325.0,4.7,80.0,7.1,9.2,3.6,5.6,39.8,Group Captive Solar & Rooftop PV (SEBI Rank #635),Targeting >100% clean electricity mix
Sharda Cropchem,SHARDACROP,Small Cap,Automotive & 2W/3W,Auto Ancillary & Components,768.35,7.0,24.0,56.0,93.0,140.0,317.0,5.5,62.0,8.2,8.6,3.75,4.85,39.8,Group Captive Solar & Rooftop PV (SEBI Rank #737),Targeting >87% clean electricity mix
Alkyl Amines,ALKYLAMINE,Small Cap,Chemicals & Petrochemicals,Specialty Chemicals,2020.9,5.0,25.0,45.0,110.0,145.0,190.0,5.7,30.0,8.6,8.4,3.8,4.6,39.6,Group Captive Solar & Rooftop PV (SEBI Rank #605),Targeting >55% clean electricity mix
Data Pattern,DATAPATTNS,Mid Cap,Diversified & Manufacturing,Diversified Conglomerates,4585.0,-13.0,-1.0,41.0,68.0,185.0,252.0,5.1,12.0,7.6,8.9,3.7,5.2,39.5,Group Captive Solar & Rooftop PV (SEBI Rank #327),Targeting >37% clean electricity mix
Metro Brands,METROBRAND,Mid Cap,Diversified & Manufacturing,Diversified Conglomerates,929.15,-10.0,5.0,50.0,80.0,200.0,270.0,5.1,15.0,7.6,8.9,3.7,5.2,39.5,Group Captive Solar & Rooftop PV (SEBI Rank #330),Targeting >40% clean electricity mix
RattanIndia Pow.,RTNPOWER,Small Cap,Power Utilities & Cleantech,Renewable Energy & Power,7.36,31.0,42.0,113.0,209.0,355.0,451.0,5.9,41.0,8.9,8.2,3.8,4.4,39.2,Group Captive Solar & Rooftop PV (SEBI Rank #956),Targeting >66% clean electricity mix
Nexus Select,NXST,Mid Cap,Diversified & Manufacturing,Diversified Conglomerates,165.89,-9.0,7.0,53.0,84.0,205.0,276.0,5.0,16.0,7.5,8.9,3.7,5.2,39.0,Group Captive Solar & Rooftop PV (SEBI Rank #331),Targeting >41% clean electricity mix
P & G Hygiene,PGHH,Mid Cap,Diversified & Manufacturing,Diversified Conglomerates,7667.5,-8.0,9.0,56.0,88.0,210.0,282.0,5.0,17.0,7.5,8.9,3.7,5.2,39.0,Group Captive Solar & Rooftop PV (SEBI Rank #332),Targeting >42% clean electricity mix
Thyrocare Tech.,THYROCARE,Small Cap,IT & Software Services,IT & Digital Services,576.15,39.0,48.0,102.0,201.0,270.0,349.0,4.6,84.0,6.9,9.2,3.6,5.6,38.6,Group Captive Solar & Rooftop PV (SEBI Rank #639),Targeting >100% clean electricity mix
Asahi India Glas,ASAHIINDIA,Mid Cap,Diversified & Manufacturing,Diversified Conglomerates,955.9,-5.0,15.0,65.0,100.0,225.0,300.0,4.9,20.0,7.4,8.9,3.7,5.2,38.5,Group Captive Solar & Rooftop PV (SEBI Rank #335),Targeting >45% clean electricity mix
AWL Agri Busine.,AWL,Mid Cap,Diversified & Manufacturing,Diversified Conglomerates,187.29,-4.0,17.0,68.0,104.0,230.0,306.0,4.9,21.0,7.4,8.9,3.7,5.2,38.5,Group Captive Solar & Rooftop PV (SEBI Rank #336),Targeting >46% clean electricity mix
Welspun Living Ltd,WELSPUNLIV,Mid Cap,Textiles & Apparel,Rooftop Solar on mega textile parks,208.51,82.2,27.7,72.1,183.8,23.4,211.9,35.0,48.0,85.0,8.1,3.6,4.5,38.3,Rooftop Solar on mega textile parks,100% RE by 2030 (RE100 member)
Greenply Industr,GREENPLY,Small Cap,Power Utilities & Cleantech,Renewable Energy & Power,304.7,-7.0,31.0,69.0,112.0,165.0,288.0,5.7,38.0,8.6,8.2,3.8,4.4,37.8,Group Captive Solar & Rooftop PV (SEBI Rank #983),Targeting >63% clean electricity mix
Sambhv Steel,SAMBHV,Small Cap,Metals & Mining,Metals & Mining,128.69,-5.0,35.0,75.0,120.0,175.0,300.0,5.7,40.0,8.6,8.2,3.8,4.4,37.8,Group Captive Solar & Rooftop PV (SEBI Rank #985),Targeting >65% clean electricity mix
Exide Industries Ltd,EXIDEIND,Mid Cap,Automotive & Ancillary,Rooftop Solar + Haldia captive park,424.35,8.6,-15.6,62.8,170.3,138.0,157.2,35.0,26.0,82.0,8.4,3.8,4.6,37.7,Rooftop Solar + Haldia captive park,50% RE by 2030
Kalpataru Proj.,KPIL,Mid Cap,Diversified & Manufacturing,Diversified Conglomerates,1406.6,0.0,25.0,80.0,120.0,250.0,330.0,4.8,25.0,7.2,8.9,3.7,5.2,37.4,Group Captive Solar & Rooftop PV (SEBI Rank #340),Targeting >50% clean electricity mix
Prime Focus,PFOCUS,Mid Cap,Diversified & Manufacturing,Diversified Conglomerates,307.0,2.0,29.0,86.0,128.0,260.0,342.0,4.8,27.0,7.2,8.9,3.7,5.2,37.4,Group Captive Solar & Rooftop PV (SEBI Rank #342),Targeting >52% clean electricity mix
Go Digit General,GODIGIT,Mid Cap,Diversified & Manufacturing,Diversified Conglomerates,258.3,3.0,31.0,89.0,132.0,265.0,348.0,4.8,28.0,7.2,8.9,3.7,5.2,37.4,Group Captive Solar & Rooftop PV (SEBI Rank #343),Targeting >53% clean electricity mix
Gillette India,GILLETTE,Mid Cap,Diversified & Manufacturing,Diversified Conglomerates,7312.5,4.0,33.0,92.0,136.0,270.0,354.0,4.8,29.0,7.2,8.9,3.7,5.2,37.4,Group Captive Solar & Rooftop PV (SEBI Rank #344),Targeting >54% clean electricity mix
Strides Pharma,STAR,Small Cap,Pharmaceuticals & Healthcare,Pharma & Healthcare,1059.6,16.0,47.0,78.0,154.0,200.0,256.0,5.4,41.0,8.1,8.4,3.8,4.6,37.3,Group Captive Solar & Rooftop PV (SEBI Rank #616),Targeting >66% clean electricity mix
Sudarshan Chem.,SUDARSCHEM,Small Cap,Chemicals & Petrochemicals,Specialty Chemicals,1222.8,17.0,49.0,81.0,158.0,205.0,262.0,5.4,42.0,8.1,8.4,3.8,4.6,37.3,Group Captive Solar & Rooftop PV (SEBI Rank #617),Targeting >67% clean electricity mix
IRB Infra.Devl.,IRB,Mid Cap,Diversified & Manufacturing,Diversified Conglomerates,19.65,5.0,35.0,95.0,140.0,275.0,360.0,4.7,30.0,7.1,8.9,3.7,5.2,36.9,Group Captive Solar & Rooftop PV (SEBI Rank #345),Targeting >55% clean electricity mix
Sansera Enginee.,SANSERA,Mid Cap,Diversified & Manufacturing,Diversified Conglomerates,3782.6,6.0,37.0,98.0,144.0,280.0,366.0,4.7,31.0,7.1,8.9,3.7,5.2,36.9,Group Captive Solar & Rooftop PV (SEBI Rank #346),Targeting >56% clean electricity mix
Timken India,TIMKEN,Mid Cap,Diversified & Manufacturing,Diversified Conglomerates,3125.3,7.0,39.0,101.0,148.0,285.0,372.0,4.7,32.0,7.1,8.9,3.7,5.2,36.9,Group Captive Solar & Rooftop PV (SEBI Rank #347),Targeting >57% clean electricity mix
City Union Bank,CUB,Mid Cap,Banking & Financial Services,BFSI,236.01,8.0,41.0,104.0,152.0,290.0,378.0,4.7,33.0,7.1,8.9,3.7,5.2,36.9,Group Captive Solar & Rooftop PV (SEBI Rank #348),Targeting >58% clean electricity mix
NBCC,NBCC,Mid Cap,Diversified & Manufacturing,Diversified Conglomerates,86.6,9.0,43.0,107.0,156.0,295.0,384.0,4.7,34.0,7.1,8.9,3.7,5.2,36.9,Group Captive Solar & Rooftop PV (SEBI Rank #349),Targeting >59% clean electricity mix
TruAlt Bioenergy,TRUALT,Small Cap,Power Utilities & Cleantech,Renewable Energy & Power,425.25,8.0,16.0,69.0,127.0,195.0,333.0,5.5,23.0,8.2,8.2,3.8,4.4,36.1,Group Captive Solar & Rooftop PV (SEBI Rank #998),Targeting >48% clean electricity mix
KIOCL,KIOCL,Mid Cap,Diversified & Manufacturing,Diversified Conglomerates,382.1,11.0,47.0,113.0,164.0,305.0,396.0,4.6,11.0,6.9,8.9,3.7,5.2,35.9,Group Captive Solar & Rooftop PV (SEBI Rank #351),Targeting >36% clean electricity mix
Belrise Industri,BELRISE,Mid Cap,Diversified & Manufacturing,Diversified Conglomerates,236.86,15.0,55.0,125.0,180.0,325.0,420.0,4.6,15.0,6.9,8.9,3.7,5.2,35.9,Group Captive Solar & Rooftop PV (SEBI Rank #355),Targeting >40% clean electricity mix
Affle 3i,AFFLE,Mid Cap,Diversified & Manufacturing,Diversified Conglomerates,1616.5,17.0,59.0,131.0,188.0,335.0,432.0,4.6,17.0,6.9,8.9,3.7,5.2,35.9,Group Captive Solar & Rooftop PV (SEBI Rank #357),Targeting >42% clean electricity mix
Supreme Industries Ltd,SUPREMEIND,Mid Cap,Capital Goods & Engineering,Rooftop Solar on all manufacturing units,3475.0,-17.6,-34.7,-15.7,62.9,48.9,148.1,32.0,28.0,75.0,8.5,3.75,4.75,35.6,Rooftop Solar on all manufacturing units,40% RE by 2028
Brigade Enterpr.,BRIGADE,Mid Cap,Diversified & Manufacturing,Diversified Conglomerates,696.1,18.0,61.0,134.0,192.0,340.0,438.0,4.5,18.0,6.8,8.9,3.7,5.2,35.4,Group Captive Solar & Rooftop PV (SEBI Rank #358),Targeting >43% clean electricity mix
Emmvee Photovol.,EMMVEE,Mid Cap,Diversified & Manufacturing,Diversified Conglomerates,325.2,19.0,63.0,137.0,196.0,345.0,444.0,4.5,19.0,6.8,8.9,3.7,5.2,35.4,Group Captive Solar & Rooftop PV (SEBI Rank #359),Targeting >44% clean electricity mix
Anant Raj,ANANTRAJ,Mid Cap,Diversified & Manufacturing,Diversified Conglomerates,625.45,20.0,20.0,35.0,95.0,125.0,225.0,4.5,20.0,6.8,8.9,3.7,5.2,35.4,Group Captive Solar & Rooftop PV (SEBI Rank #360),Targeting >45% clean electricity mix
Cemindia Project,CEMPRO,Mid Cap,Diversified & Manufacturing,Diversified Conglomerates,1297.4,21.0,22.0,38.0,99.0,130.0,231.0,4.5,21.0,6.8,8.9,3.7,5.2,35.4,Group Captive Solar & Rooftop PV (SEBI Rank #361),Targeting >46% clean electricity mix
Arvind Fashions.,ARVINDFASN,Small Cap,Textiles & Apparel,Textiles & Apparel,446.5,4.0,38.0,72.0,171.0,280.0,369.0,4.8,74.0,7.2,8.6,3.75,4.85,34.9,Group Captive Solar & Rooftop PV (SEBI Rank #799),Targeting >99% clean electricity mix
Sagar Cements Ltd,SAGCEM,Small Cap,Cement & Building Materials,Captive Solar Plant at Mattampally & WHRS,152.5,-38.4,-33.9,-34.5,-23.3,-48.2,47.8,25.5,36.0,78.0,8.1,3.7,4.4,34.3,Captive Solar Plant at Mattampally & WHRS,50% Green Power by 2028
Indraprastha Gas,IGL,Mid Cap,Diversified & Manufacturing,Diversified Conglomerates,158.04,23.0,26.0,44.0,107.0,140.0,243.0,4.4,23.0,6.6,8.9,3.7,5.2,34.3,Group Captive Solar & Rooftop PV (SEBI Rank #363),Targeting >48% clean electricity mix
Sagility,SAGILITY,Mid Cap,Diversified & Manufacturing,Diversified Conglomerates,46.82,25.0,30.0,50.0,115.0,150.0,255.0,4.4,25.0,6.6,8.9,3.7,5.2,34.3,Group Captive Solar & Rooftop PV (SEBI Rank #365),Targeting >50% clean electricity mix
Standard Engineering Technology,SETL,Small Cap,IT & Software Services,IT & Digital Services,408.95,6.0,47.0,73.0,124.0,225.0,336.0,4.1,76.0,6.1,9.2,3.6,5.6,34.2,Group Captive Solar & Rooftop PV (SEBI Rank #671),Targeting >100% clean electricity mix
Cipla Limited,CIPLA,Large Cap,Pharmaceuticals & Healthcare,Pharma Formulations & API,1385.0,35.0,62.0,95.0,140.0,175.0,240.0,30.0,48.0,68.0,8.8,3.8,5.0,34.0,30 MW Captive Solar Plant in Maharashtra + Open Access,Carbon Neutrality and 100% RE by 2028
Clean Science,CLEAN,Small Cap,Chemicals & Petrochemicals,Specialty Chemicals,836.15,48.0,66.0,129.0,157.0,235.0,323.0,4.9,38.0,7.4,8.4,3.8,4.6,34.0,Group Captive Solar & Rooftop PV (SEBI Rank #648),Targeting >63% clean electricity mix
Dynamatic Tech.,DYNAMATECH,Small Cap,IT & Software Services,IT & Digital Services,11654.0,15.0,20.0,55.0,115.0,225.0,345.0,4.0,45.0,6.0,9.2,3.6,5.6,33.6,Group Captive Solar & Rooftop PV (SEBI Rank #680),Targeting >70% clean electricity mix
Gokaldas Exports,GOKEX,Small Cap,Textiles & Apparel,Textiles & Apparel,789.2,12.0,54.0,96.0,123.0,240.0,337.0,4.6,32.0,6.9,8.6,3.75,4.85,33.5,Group Captive Solar & Rooftop PV (SEBI Rank #807),Targeting >57% clean electricity mix
Lumax Industries,LUMAXIND,Small Cap,Automotive & 2W/3W,Auto Ancillary & Components,6181.5,13.0,56.0,99.0,127.0,245.0,343.0,4.6,33.0,6.9,8.6,3.75,4.85,33.5,Group Captive Solar & Rooftop PV (SEBI Rank #808),Targeting >58% clean electricity mix
Grindwell Norton,GRINDWELL,Mid Cap,Diversified & Manufacturing,Diversified Conglomerates,1962.5,26.0,32.0,53.0,119.0,155.0,261.0,4.3,26.0,6.4,8.9,3.7,5.2,33.3,Group Captive Solar & Rooftop PV (SEBI Rank #366),Targeting >51% clean electricity mix
C P C L,CHENNPETRO,Mid Cap,Diversified & Manufacturing,Diversified Conglomerates,1452.2,27.0,34.0,56.0,123.0,160.0,267.0,4.3,27.0,6.4,8.9,3.7,5.2,33.3,Group Captive Solar & Rooftop PV (SEBI Rank #367),Targeting >52% clean electricity mix
Aether Industri.,AETHER,Mid Cap,Diversified & Manufacturing,Diversified Conglomerates,1625.6,28.0,36.0,59.0,127.0,165.0,273.0,4.3,28.0,6.4,8.9,3.7,5.2,33.3,Group Captive Solar & Rooftop PV (SEBI Rank #368),Targeting >53% clean electricity mix
Carborundum Uni.,CARBORUNIV,Mid Cap,Diversified & Manufacturing,Diversified Conglomerates,1130.6,29.0,38.0,62.0,131.0,170.0,279.0,4.3,29.0,6.4,8.9,3.7,5.2,33.3,Group Captive Solar & Rooftop PV (SEBI Rank #369),Targeting >54% clean electricity mix
Aadhar Hsg. Fin.,AADHARHFC,Mid Cap,Diversified & Manufacturing,Diversified Conglomerates,483.55,31.0,42.0,68.0,139.0,180.0,291.0,4.2,31.0,6.3,8.9,3.7,5.2,32.8,Group Captive Solar & Rooftop PV (SEBI Rank #371),Targeting >56% clean electricity mix
Cube Highways,CUBEINVIT,Mid Cap,Diversified & Manufacturing,Diversified Conglomerates,157.5,32.0,44.0,71.0,143.0,185.0,297.0,4.2,32.0,6.3,8.9,3.7,5.2,32.8,Group Captive Solar & Rooftop PV (SEBI Rank #372),Targeting >57% clean electricity mix
Pfizer,PFIZER,Mid Cap,Diversified & Manufacturing,Diversified Conglomerates,4609.7,34.0,48.0,77.0,151.0,195.0,309.0,4.2,34.0,6.3,8.9,3.7,5.2,32.8,Group Captive Solar & Rooftop PV (SEBI Rank #374),Targeting >59% clean electricity mix
Granules India,GRANULES,Mid Cap,Diversified & Manufacturing,Diversified Conglomerates,848.3,36.0,52.0,83.0,159.0,205.0,321.0,4.2,11.0,6.3,8.9,3.7,5.2,32.8,Group Captive Solar & Rooftop PV (SEBI Rank #376),Targeting >36% clean electricity mix
Tenneco Clean,TENNIND,Mid Cap,Diversified & Manufacturing,Diversified Conglomerates,517.55,38.0,56.0,89.0,167.0,215.0,333.0,4.2,13.0,6.3,8.9,3.7,5.2,32.8,Group Captive Solar & Rooftop PV (SEBI Rank #378),Targeting >38% clean electricity mix
ASM Technologies,526433,Small Cap,IT & Software Services,IT & Digital Services,5370.45,20.0,30.0,70.0,135.0,250.0,375.0,3.9,50.0,5.8,9.2,3.6,5.6,32.5,Group Captive Solar & Rooftop PV (SEBI Rank #685),Targeting >75% clean electricity mix
Garware Tech.,GARFIBRES,Small Cap,IT & Software Services,IT & Digital Services,800.55,21.0,32.0,73.0,139.0,255.0,381.0,3.9,51.0,5.8,9.2,3.6,5.6,32.5,Group Captive Solar & Rooftop PV (SEBI Rank #686),Targeting >76% clean electricity mix
Eicher Motors Ltd (Royal Enfield),EICHERMOT,Large Cap,Automotive & 2W/3W,2W OEM (Premium),7630.5,8.9,51.8,121.4,107.8,173.5,246.4,14.5,92.0,68.0,8.5,3.8,4.7,32.0,Onsite Solar + Wind Energy Open Access,100% RE Operations by 2027; Net Zero 2040
Inox India,INOXINDIA,Mid Cap,Diversified & Manufacturing,Diversified Conglomerates,2247.8,39.0,58.0,92.0,171.0,220.0,339.0,4.1,14.0,6.1,8.9,3.7,5.2,31.7,Group Captive Solar & Rooftop PV (SEBI Rank #379),Targeting >39% clean electricity mix
Elgi Equipments,ELGIEQUIP,Mid Cap,Diversified & Manufacturing,Diversified Conglomerates,642.1,40.0,60.0,95.0,175.0,225.0,345.0,4.1,15.0,6.1,8.9,3.7,5.2,31.7,Group Captive Solar & Rooftop PV (SEBI Rank #380),Targeting >40% clean electricity mix
Newgen Software,NEWGEN,Small Cap,IT & Software Services,IT & Digital Services,524.8,39.0,68.0,127.0,211.0,345.0,489.0,3.7,69.0,5.6,9.2,3.6,5.6,31.4,Group Captive Solar & Rooftop PV (SEBI Rank #704),Targeting >94% clean electricity mix
Balaji Amines,BALAMINES,Small Cap,Chemicals & Petrochemicals,Specialty Chemicals,2525.2,4.0,43.0,67.0,116.0,215.0,324.0,4.5,24.0,6.8,8.4,3.8,4.6,31.3,Group Captive Solar & Rooftop PV (SEBI Rank #669),Targeting >49% clean electricity mix
LMW,LMW,Mid Cap,Diversified & Manufacturing,Diversified Conglomerates,18774.0,41.0,62.0,98.0,179.0,230.0,351.0,4.0,16.0,6.0,8.9,3.7,5.2,31.2,Group Captive Solar & Rooftop PV (SEBI Rank #381),Targeting >41% clean electricity mix
IndiGrid Trust,INDIGRID,Mid Cap,Diversified & Manufacturing,Diversified Conglomerates,175.49,42.0,64.0,101.0,183.0,235.0,357.0,4.0,17.0,6.0,8.9,3.7,5.2,31.2,Group Captive Solar & Rooftop PV (SEBI Rank #382),Targeting >42% clean electricity mix
Chalet Hotels,CHALET,Mid Cap,Capital Goods & Engineering,Heavy Engineering & Capital Goods,896.75,45.0,70.0,110.0,195.0,250.0,375.0,3.9,20.0,5.8,8.9,3.7,5.2,30.2,Group Captive Solar & Rooftop PV (SEBI Rank #385),Targeting >45% clean electricity mix
GE Shipping Co,GESHIP,Mid Cap,Diversified & Manufacturing,Diversified Conglomerates,1369.7,46.0,72.0,113.0,199.0,255.0,381.0,3.9,21.0,5.8,8.9,3.7,5.2,30.2,Group Captive Solar & Rooftop PV (SEBI Rank #386),Targeting >46% clean electricity mix
Milky Mist Dairy,MILKYMIST,Mid Cap,Diversified & Manufacturing,Diversified Conglomerates,252.43,49.0,78.0,122.0,211.0,270.0,399.0,3.9,24.0,5.8,8.9,3.7,5.2,30.2,Group Captive Solar & Rooftop PV (SEBI Rank #389),Targeting >49% clean electricity mix
CESC,CESC,Mid Cap,Diversified & Manufacturing,Diversified Conglomerates,146.5,-15.0,15.0,60.0,150.0,210.0,340.0,3.9,25.0,5.8,8.9,3.7,5.2,30.2,Group Captive Solar & Rooftop PV (SEBI Rank #390),Targeting >50% clean electricity mix
HBL Engineering,HBLENGINE,Mid Cap,Diversified & Manufacturing,Diversified Conglomerates,695.75,-14.0,17.0,63.0,154.0,215.0,346.0,3.9,26.0,5.8,8.9,3.7,5.2,30.2,Group Captive Solar & Rooftop PV (SEBI Rank #391),Targeting >51% clean electricity mix
AXISCADES Tech.,AXISCADES,Small Cap,IT & Software Services,IT & Digital Services,1711.6,-9.0,-8.0,8.0,29.0,60.0,221.0,3.6,46.0,5.4,9.2,3.6,5.6,30.2,Group Captive Solar & Rooftop PV (SEBI Rank #721),Targeting >71% clean electricity mix
Technocraf.Inds.,TIIL,Small Cap,IT & Software Services,IT & Digital Services,3194.6,-5.0,0.0,20.0,45.0,80.0,245.0,3.6,50.0,5.4,9.2,3.6,5.6,30.2,Group Captive Solar & Rooftop PV (SEBI Rank #725),Targeting >75% clean electricity mix
Shilpa Medicare,SHILPAMED,Mid Cap,Diversified & Manufacturing,Diversified Conglomerates,964.15,-11.0,23.0,72.0,166.0,230.0,364.0,3.8,29.0,5.7,8.9,3.7,5.2,29.6,Group Captive Solar & Rooftop PV (SEBI Rank #394),Targeting >54% clean electricity mix
Castrol India,CASTROLIND,Mid Cap,Diversified & Manufacturing,Diversified Conglomerates,190.27,-10.0,25.0,75.0,170.0,235.0,370.0,3.8,30.0,5.7,8.9,3.7,5.2,29.6,Group Captive Solar & Rooftop PV (SEBI Rank #395),Targeting >55% clean electricity mix
Atul,ATUL,Mid Cap,Diversified & Manufacturing,Diversified Conglomerates,6386.0,-9.0,27.0,78.0,174.0,240.0,376.0,3.8,31.0,5.7,8.9,3.7,5.2,29.6,Group Captive Solar & Rooftop PV (SEBI Rank #396),Targeting >56% clean electricity mix
Aarti Pharma,AARTIPHARM,Small Cap,Chemicals & Petrochemicals,Specialty Chemicals,858.8,23.0,36.0,79.0,147.0,265.0,393.0,4.3,43.0,6.4,8.4,3.8,4.6,29.4,Group Captive Solar & Rooftop PV (SEBI Rank #688),Targeting >68% clean electricity mix
PI Industries Ltd,PIIND,Mid Cap,Chemicals & Petrochemicals,Onsite Rooftop Solar + Offsite Open Access,2465.0,-29.8,-47.1,-28.6,-17.8,-22.4,25.0,28.0,31.0,65.0,8.2,3.7,4.5,29.3,Onsite Rooftop Solar + Offsite Open Access,45% RE by 2030
Firstsour.Solu.,FSL,Mid Cap,Diversified & Manufacturing,Diversified Conglomerates,264.4,-8.0,29.0,81.0,178.0,245.0,382.0,3.7,32.0,5.6,8.9,3.7,5.2,29.1,Group Captive Solar & Rooftop PV (SEBI Rank #397),Targeting >57% clean electricity mix
Finolex Cables,FINCABLES,Mid Cap,Diversified & Manufacturing,Diversified Conglomerates,1220.2,-7.0,31.0,84.0,182.0,250.0,388.0,3.7,33.0,5.6,8.9,3.7,5.2,29.1,Group Captive Solar & Rooftop PV (SEBI Rank #398),Targeting >58% clean electricity mix
Cams Services,CAMS,Mid Cap,Diversified & Manufacturing,Diversified Conglomerates,748.8,-6.0,33.0,87.0,186.0,255.0,394.0,3.7,34.0,5.6,8.9,3.7,5.2,29.1,Group Captive Solar & Rooftop PV (SEBI Rank #399),Targeting >59% clean electricity mix
Sun TV Network,SUNTV,Mid Cap,Diversified & Manufacturing,Diversified Conglomerates,470.9,-5.0,35.0,90.0,110.0,180.0,320.0,3.7,10.0,5.6,8.9,3.7,5.2,29.1,Group Captive Solar & Rooftop PV (SEBI Rank #400),Targeting >35% clean electricity mix
Leela Palaces Hotels,THELEELA,Mid Cap,Diversified & Manufacturing,Diversified Conglomerates,554.05,-4.0,37.0,93.0,114.0,185.0,326.0,3.7,11.0,5.6,8.9,3.7,5.2,29.1,Group Captive Solar & Rooftop PV (SEBI Rank #401),Targeting >36% clean electricity mix
Sammaan Capital,SAMMAANCAP,Mid Cap,Diversified & Manufacturing,Diversified Conglomerates,158.39,-3.0,39.0,96.0,118.0,190.0,332.0,3.7,12.0,5.6,8.9,3.7,5.2,29.1,Group Captive Solar & Rooftop PV (SEBI Rank #402),Targeting >37% clean electricity mix
Triveni Turbine,TRITURBINE,Mid Cap,Diversified & Manufacturing,Diversified Conglomerates,577.3,-2.0,41.0,99.0,122.0,195.0,338.0,3.7,13.0,5.6,8.9,3.7,5.2,29.1,Group Captive Solar & Rooftop PV (SEBI Rank #403),Targeting >38% clean electricity mix
TBO Tek,TBOTEK,Mid Cap,Diversified & Manufacturing,Diversified Conglomerates,1688.9,-1.0,43.0,102.0,126.0,200.0,344.0,3.7,14.0,5.6,8.9,3.7,5.2,29.1,Group Captive Solar & Rooftop PV (SEBI Rank #404),Targeting >39% clean electricity mix
ERIS Lifescience,ERIS,Mid Cap,Diversified & Manufacturing,Diversified Conglomerates,1321.7,0.0,0.0,60.0,85.0,160.0,305.0,3.7,15.0,5.6,8.9,3.7,5.2,29.1,Group Captive Solar & Rooftop PV (SEBI Rank #405),Targeting >40% clean electricity mix
EIH,EIHOTEL,Mid Cap,Diversified & Manufacturing,Diversified Conglomerates,291.9,1.0,2.0,63.0,89.0,165.0,311.0,3.7,16.0,5.6,8.9,3.7,5.2,29.1,Group Captive Solar & Rooftop PV (SEBI Rank #406),Targeting >41% clean electricity mix
Bosch Home Comfort,BOSCH-HCIL,Small Cap,Automotive & 2W/3W,Auto Ancillary & Components,1818.8,13.0,31.0,79.0,172.0,235.0,398.0,4.0,48.0,6.0,8.6,3.75,4.85,29.1,Group Captive Solar & Rooftop PV (SEBI Rank #873),Targeting >73% clean electricity mix
Biocon Ltd,BIOCON,Large Cap,Pharmaceuticals & Healthcare,Open Access Solar with CleanMax,397.4,16.5,9.4,46.0,36.6,9.6,-11.2,22.0,48.0,58.0,8.8,3.8,5.0,29.0,Open Access Solar with CleanMax,70% RE by 2028
Arvind Ltd,ARVIND,Mid Cap,Textiles & Apparel,Largest rooftop solar installations in textiles,552.95,82.0,49.1,218.6,480.3,485.5,1531.3,28.0,38.0,62.0,8.2,3.65,4.55,28.2,Largest rooftop solar installations in textiles,50% RE by 2028
Azad Engineering,AZAD,Mid Cap,Diversified & Manufacturing,Diversified Conglomerates,2777.3,2.0,4.0,66.0,93.0,170.0,317.0,3.6,17.0,5.4,8.9,3.7,5.2,28.1,Group Captive Solar & Rooftop PV (SEBI Rank #407),Targeting >42% clean electricity mix
Bayer Crop Sci.,BAYERCROP,Mid Cap,Diversified & Manufacturing,Diversified Conglomerates,3989.9,3.0,6.0,69.0,97.0,175.0,323.0,3.6,18.0,5.4,8.9,3.7,5.2,28.1,Group Captive Solar & Rooftop PV (SEBI Rank #408),Targeting >43% clean electricity mix
eClerx Services,ECLERX,Mid Cap,Diversified & Manufacturing,Diversified Conglomerates,1905.7,4.0,8.0,72.0,101.0,180.0,329.0,3.6,19.0,5.4,8.9,3.7,5.2,28.1,Group Captive Solar & Rooftop PV (SEBI Rank #409),Targeting >44% clean electricity mix
G M D C,GMDCLTD,Mid Cap,Diversified & Manufacturing,Diversified Conglomerates,562.95,6.0,12.0,78.0,109.0,190.0,341.0,3.6,21.0,5.4,8.9,3.7,5.2,28.1,Group Captive Solar & Rooftop PV (SEBI Rank #411),Targeting >46% clean electricity mix
Jyothy Labs,JYOTHYLAB,Small Cap,Pharmaceuticals & Healthcare,Pharma & Healthcare,201.54,45.0,80.0,145.0,235.0,375.0,525.0,4.1,30.0,6.1,8.4,3.8,4.6,28.1,Group Captive Solar & Rooftop PV (SEBI Rank #710),Targeting >55% clean electricity mix
Raymond,RAYMOND,Small Cap,Textiles & Apparel,Textiles & Apparel,740.85,14.0,33.0,82.0,176.0,240.0,404.0,3.9,49.0,5.8,8.6,3.75,4.85,28.1,Group Captive Solar & Rooftop PV (SEBI Rank #874),Targeting >74% clean electricity mix
Jamna Auto Inds.,JAMNAAUTO,Small Cap,Automotive & 2W/3W,Auto Ancillary & Components,120.69,20.0,45.0,100.0,120.0,190.0,360.0,3.9,55.0,5.8,8.6,3.75,4.85,28.1,Group Captive Solar & Rooftop PV (SEBI Rank #880),Targeting >80% clean electricity mix
Bliss GVS Pharma,BLISSGVS,Small Cap,Pharmaceuticals & Healthcare,Pharma & Healthcare,671.0,-3.0,4.0,26.0,53.0,90.0,257.0,4.0,47.0,6.0,8.4,3.8,4.6,27.6,Group Captive Solar & Rooftop PV (SEBI Rank #727),Targeting >72% clean electricity mix
Bajaj Auto Ltd,BAJAJ-AUTO,Large Cap,Automotive & 2W/3W,2W & 3W OEM (World #1 3W),11919.0,37.3,-3.5,135.4,237.9,211.0,313.7,12.0,28.5,48.0,9.5,3.8,5.7,27.4,Onsite Solar PV + Solar Concentrators for Paint Shops,50% RE by 2030 across manufacturing & supply chain
Omnitech Engg.,OMNI,Small Cap,IT & Software Services,IT & Digital Services,526.0,36.0,37.0,98.0,164.0,240.0,296.0,3.3,51.0,4.9,9.2,3.6,5.6,27.4,Group Captive Solar & Rooftop PV (SEBI Rank #766),Targeting >76% clean electricity mix
OneSource Speci.,ONESOURCE,Mid Cap,Diversified & Manufacturing,Diversified Conglomerates,1537.8,9.0,18.0,87.0,121.0,205.0,359.0,3.5,24.0,5.2,8.9,3.7,5.2,27.0,Group Captive Solar & Rooftop PV (SEBI Rank #414),Targeting >49% clean electricity mix
Cohance Life,COHANCE,Mid Cap,Diversified & Manufacturing,Diversified Conglomerates,456.6,10.0,20.0,90.0,125.0,210.0,365.0,3.5,25.0,5.2,8.9,3.7,5.2,27.0,Group Captive Solar & Rooftop PV (SEBI Rank #415),Targeting >50% clean electricity mix
Central Mine Pla,CMPDI,Mid Cap,Diversified & Manufacturing,Diversified Conglomerates,243.92,11.0,22.0,93.0,129.0,215.0,371.0,3.5,26.0,5.2,8.9,3.7,5.2,27.0,Group Captive Solar & Rooftop PV (SEBI Rank #416),Targeting >51% clean electricity mix
Vertis Infra.,VERTIS,Mid Cap,Diversified & Manufacturing,Diversified Conglomerates,115.05,12.0,24.0,96.0,133.0,220.0,377.0,3.5,27.0,5.2,8.9,3.7,5.2,27.0,Group Captive Solar & Rooftop PV (SEBI Rank #417),Targeting >52% clean electricity mix
Astrazeneca Phar,ASTRAZEN,Mid Cap,Diversified & Manufacturing,Diversified Conglomerates,6944.0,13.0,26.0,99.0,137.0,225.0,383.0,3.5,28.0,5.2,8.9,3.7,5.2,27.0,Group Captive Solar & Rooftop PV (SEBI Rank #418),Targeting >53% clean electricity mix
Poly Medicure,POLYMED,Mid Cap,Diversified & Manufacturing,Diversified Conglomerates,1702.5,15.0,30.0,45.0,85.0,175.0,335.0,3.5,30.0,5.2,8.9,3.7,5.2,27.0,Group Captive Solar & Rooftop PV (SEBI Rank #420),Targeting >55% clean electricity mix
Devyani Intl.,DEVYANI,Mid Cap,Diversified & Manufacturing,Diversified Conglomerates,139.28,17.0,34.0,51.0,93.0,185.0,347.0,3.4,32.0,5.1,8.9,3.7,5.2,26.5,Group Captive Solar & Rooftop PV (SEBI Rank #422),Targeting >57% clean electricity mix
Lalithaa Jewel,LALITHAA,Mid Cap,Diversified & Manufacturing,Diversified Conglomerates,306.7,18.0,36.0,54.0,97.0,190.0,353.0,3.4,33.0,5.1,8.9,3.7,5.2,26.5,Group Captive Solar & Rooftop PV (SEBI Rank #423),Targeting >58% clean electricity mix
BEML Ltd,BEML,Mid Cap,Diversified & Manufacturing,Diversified Conglomerates,2057.8,19.0,38.0,57.0,101.0,195.0,359.0,3.4,34.0,5.1,8.9,3.7,5.2,26.5,Group Captive Solar & Rooftop PV (SEBI Rank #424),Targeting >59% clean electricity mix
Travel Food,TRAVELFOOD,Mid Cap,Diversified & Manufacturing,Diversified Conglomerates,1296.3,20.0,40.0,60.0,105.0,200.0,365.0,3.4,10.0,5.1,8.9,3.7,5.2,26.5,Group Captive Solar & Rooftop PV (SEBI Rank #425),Targeting >35% clean electricity mix
Allied Blenders,ABDL,Mid Cap,Diversified & Manufacturing,Diversified Conglomerates,609.95,21.0,42.0,63.0,109.0,205.0,371.0,3.4,11.0,5.1,8.9,3.7,5.2,26.5,Group Captive Solar & Rooftop PV (SEBI Rank #426),Targeting >36% clean electricity mix
Choice Intl.,CHOICEIN,Mid Cap,Diversified & Manufacturing,Diversified Conglomerates,760.95,22.0,44.0,66.0,113.0,210.0,377.0,3.4,12.0,5.1,8.9,3.7,5.2,26.5,Group Captive Solar & Rooftop PV (SEBI Rank #427),Targeting >37% clean electricity mix
Chambal Fert.,CHAMBLFERT,Mid Cap,Diversified & Manufacturing,Diversified Conglomerates,419.05,26.0,52.0,78.0,129.0,230.0,401.0,3.4,16.0,5.1,8.9,3.7,5.2,26.5,Group Captive Solar & Rooftop PV (SEBI Rank #431),Targeting >41% clean electricity mix
Alivus Life,ALIVUS,Mid Cap,Diversified & Manufacturing,Diversified Conglomerates,1366.3,27.0,54.0,81.0,133.0,235.0,407.0,3.4,17.0,5.1,8.9,3.7,5.2,26.5,Group Captive Solar & Rooftop PV (SEBI Rank #432),Targeting >42% clean electricity mix
Seshaasai Tech.,STYL,Small Cap,IT & Software Services,IT & Digital Services,383.5,49.0,63.0,137.0,216.0,305.0,374.0,3.1,64.0,4.7,9.2,3.6,5.6,26.3,Group Captive Solar & Rooftop PV (SEBI Rank #779),Targeting >89% clean electricity mix
Symbiotec Pharma,SYMBIOTEC,Small Cap,Pharmaceuticals & Healthcare,Pharma & Healthcare,1078.25,8.0,26.0,59.0,97.0,145.0,323.0,3.8,23.0,5.7,8.4,3.8,4.6,26.2,Group Captive Solar & Rooftop PV (SEBI Rank #738),Targeting >48% clean electricity mix
United Spirits Ltd (Diageo),MCDOWELL-N,Large Cap,FMCG & Consumer Goods,Beverages & Distilleries,1380.0,42.0,75.0,115.0,160.0,210.0,260.0,25.0,98.0,52.0,8.7,3.7,5.0,26.0,Biomass Briquette Boilers + Rooftop Solar (Zero fossil fuel),Net Zero in Direct Operations achieved ahead of 2030
Senores Pharma.,SENORES,Small Cap,Pharmaceuticals & Healthcare,Pharma & Healthcare,1428.4,32.0,74.0,131.0,193.0,265.0,317.0,3.7,47.0,5.6,8.4,3.8,4.6,25.8,Group Captive Solar & Rooftop PV (SEBI Rank #762),Targeting >72% clean electricity mix
BASF India,BASF,Mid Cap,Diversified & Manufacturing,Diversified Conglomerates,3864.9,28.0,56.0,84.0,137.0,240.0,413.0,3.3,18.0,4.9,8.9,3.7,5.2,25.5,Group Captive Solar & Rooftop PV (SEBI Rank #433),Targeting >43% clean electricity mix
Century Plyboard,CENTURYPLY,Mid Cap,Diversified & Manufacturing,Diversified Conglomerates,748.45,29.0,58.0,87.0,141.0,245.0,419.0,3.3,19.0,4.9,8.9,3.7,5.2,25.5,Group Captive Solar & Rooftop PV (SEBI Rank #434),Targeting >44% clean electricity mix
Thangamayil Jew.,THANGAMAYL,Mid Cap,Diversified & Manufacturing,Diversified Conglomerates,5332.0,30.0,60.0,90.0,145.0,250.0,425.0,3.3,20.0,4.9,8.9,3.7,5.2,25.5,Group Captive Solar & Rooftop PV (SEBI Rank #435),Targeting >45% clean electricity mix
J & K Bank,J&KBANK,Mid Cap,Banking & Financial Services,BFSI,150.02,31.0,62.0,93.0,149.0,255.0,431.0,3.3,21.0,4.9,8.9,3.7,5.2,25.5,Group Captive Solar & Rooftop PV (SEBI Rank #436),Targeting >46% clean electricity mix
IDream Film,504375,Mid Cap,Diversified & Manufacturing,Diversified Conglomerates,610.0,32.0,64.0,96.0,153.0,260.0,437.0,3.3,22.0,4.9,8.9,3.7,5.2,25.5,Group Captive Solar & Rooftop PV (SEBI Rank #437),Targeting >47% clean electricity mix
Pun. & Sind Bank,PSB,Mid Cap,Banking & Financial Services,BFSI,23.23,33.0,66.0,99.0,157.0,265.0,443.0,3.3,23.0,4.9,8.9,3.7,5.2,25.5,Group Captive Solar & Rooftop PV (SEBI Rank #438),Targeting >48% clean electricity mix
Astra Microwave,ASTRAMICRO,Mid Cap,Diversified & Manufacturing,Diversified Conglomerates,1729.0,35.0,70.0,105.0,165.0,275.0,455.0,3.3,25.0,4.9,8.9,3.7,5.2,25.5,Group Captive Solar & Rooftop PV (SEBI Rank #440),Targeting >50% clean electricity mix
Paradeep Phosph.,PARADEEP,Mid Cap,Diversified & Manufacturing,Diversified Conglomerates,157.0,36.0,72.0,108.0,169.0,280.0,461.0,3.3,26.0,4.9,8.9,3.7,5.2,25.5,Group Captive Solar & Rooftop PV (SEBI Rank #441),Targeting >51% clean electricity mix
Dr Agarwal's Hea,AGARWALEYE,Mid Cap,Diversified & Manufacturing,Diversified Conglomerates,514.1,37.0,74.0,111.0,173.0,285.0,467.0,3.3,27.0,4.9,8.9,3.7,5.2,25.5,Group Captive Solar & Rooftop PV (SEBI Rank #442),Targeting >52% clean electricity mix
N S D L,544467,Mid Cap,Diversified & Manufacturing,Diversified Conglomerates,812.85,39.0,78.0,117.0,181.0,295.0,479.0,3.3,29.0,4.9,8.9,3.7,5.2,25.5,Group Captive Solar & Rooftop PV (SEBI Rank #444),Targeting >54% clean electricity mix
Onemi Technology,KISSHT,Small Cap,IT & Software Services,IT & Digital Services,309.3,35.0,55.0,120.0,170.0,310.0,430.0,3.0,75.0,4.5,9.2,3.6,5.6,25.2,Group Captive Solar & Rooftop PV (SEBI Rank #830),Targeting >100% clean electricity mix
Rashi Peripheral,RPTECH,Small Cap,IT & Software Services,IT & Digital Services,823.65,38.0,61.0,129.0,182.0,325.0,448.0,3.0,78.0,4.5,9.2,3.6,5.6,25.2,Group Captive Solar & Rooftop PV (SEBI Rank #833),Targeting >100% clean electricity mix
Savita Oil Tech,SOTL,Small Cap,IT & Software Services,IT & Digital Services,740.75,2.0,9.0,46.0,128.0,180.0,332.0,3.0,67.0,4.5,9.2,3.6,5.6,25.2,Group Captive Solar & Rooftop PV (SEBI Rank #862),Targeting >92% clean electricity mix
PNC Infratech,PNCINFRA,Small Cap,IT & Software Services,IT & Digital Services,183.11,36.0,77.0,148.0,184.0,270.0,456.0,3.0,61.0,4.5,9.2,3.6,5.6,25.2,Group Captive Solar & Rooftop PV (SEBI Rank #896),Targeting >86% clean electricity mix
Shilchar Tech.,SHILCTECH,Small Cap,IT & Software Services,IT & Digital Services,4065.3,40.0,40.0,55.0,95.0,185.0,225.0,3.0,65.0,4.5,9.2,3.6,5.6,25.2,Group Captive Solar & Rooftop PV (SEBI Rank #900),Targeting >90% clean electricity mix
Dhanuka Agritech,DHANUKA,Small Cap,IT & Software Services,IT & Digital Services,1010.65,-15.0,-5.0,20.0,70.0,170.0,220.0,3.0,75.0,4.5,9.2,3.6,5.6,25.2,Group Captive Solar & Rooftop PV (SEBI Rank #910),Targeting >100% clean electricity mix
Rossell Techsys,ROSSTECH,Small Cap,IT & Software Services,IT & Digital Services,1150.5,-3.0,19.0,56.0,118.0,230.0,292.0,3.0,47.0,4.5,9.2,3.6,5.6,25.2,Group Captive Solar & Rooftop PV (SEBI Rank #922),Targeting >72% clean electricity mix
West Coast Paper,WSTCSTPAPR,Small Cap,IT & Software Services,IT & Digital Services,650.25,2.0,29.0,71.0,138.0,255.0,322.0,3.0,52.0,4.5,9.2,3.6,5.6,25.2,Group Captive Solar & Rooftop PV (SEBI Rank #927),Targeting >77% clean electricity mix
Turtlemint Fintech,TURTLEMINT,Small Cap,IT & Software Services,IT & Digital Services,144.08,4.0,33.0,77.0,146.0,265.0,334.0,3.0,54.0,4.5,9.2,3.6,5.6,25.2,Group Captive Solar & Rooftop PV (SEBI Rank #929),Targeting >79% clean electricity mix
Moschip Tech.,MOSCHIP,Small Cap,IT & Software Services,IT & Digital Services,212.22,12.0,49.0,101.0,178.0,305.0,382.0,3.0,62.0,4.5,9.2,3.6,5.6,25.2,Group Captive Solar & Rooftop PV (SEBI Rank #937),Targeting >87% clean electricity mix
63 Moons Tech.,63MOONS,Small Cap,IT & Software Services,IT & Digital Services,876.5,23.0,26.0,89.0,177.0,315.0,403.0,3.0,73.0,4.5,9.2,3.6,5.6,25.2,Group Captive Solar & Rooftop PV (SEBI Rank #948),Targeting >98% clean electricity mix
GHCL,GHCL,Small Cap,IT & Software Services,IT & Digital Services,436.6,25.0,30.0,95.0,185.0,325.0,415.0,3.0,75.0,4.5,9.2,3.6,5.6,25.2,Group Captive Solar & Rooftop PV (SEBI Rank #950),Targeting >100% clean electricity mix
Capillary Tech.,CAPILLARY,Small Cap,IT & Software Services,IT & Digital Services,490.05,41.0,62.0,83.0,109.0,145.0,251.0,3.0,51.0,4.5,9.2,3.6,5.6,25.2,Group Captive Solar & Rooftop PV (SEBI Rank #966),Targeting >76% clean electricity mix
Indo Tech.Trans.,INDOTECH,Small Cap,IT & Software Services,IT & Digital Services,3663.1,44.0,68.0,92.0,121.0,160.0,269.0,3.0,54.0,4.5,9.2,3.6,5.6,25.2,Group Captive Solar & Rooftop PV (SEBI Rank #969),Targeting >79% clean electricity mix
Sandhar Tech,SANDHAR,Small Cap,IT & Software Services,IT & Digital Services,624.0,-3.0,39.0,81.0,128.0,185.0,312.0,3.0,72.0,4.5,9.2,3.6,5.6,25.2,Group Captive Solar & Rooftop PV (SEBI Rank #987),Targeting >97% clean electricity mix
Aequs,AEQUS,Mid Cap,Diversified & Manufacturing,Diversified Conglomerates,242.18,40.0,80.0,120.0,185.0,300.0,485.0,3.2,30.0,4.8,8.9,3.7,5.2,25.0,Group Captive Solar & Rooftop PV (SEBI Rank #445),Targeting >55% clean electricity mix
PG Electroplast,PGEL,Mid Cap,Diversified & Manufacturing,Diversified Conglomerates,562.3,42.0,84.0,126.0,193.0,310.0,497.0,3.2,32.0,4.8,8.9,3.7,5.2,25.0,Group Captive Solar & Rooftop PV (SEBI Rank #447),Targeting >57% clean electricity mix
Emami,EMAMILTD,Mid Cap,FMCG & Consumer Goods,FMCG & Consumer Packaged Goods,366.05,44.0,88.0,132.0,201.0,320.0,509.0,3.2,34.0,4.8,8.9,3.7,5.2,25.0,Group Captive Solar & Rooftop PV (SEBI Rank #449),Targeting >59% clean electricity mix
Syngene Intl.,SYNGENE,Mid Cap,Diversified & Manufacturing,Diversified Conglomerates,395.6,45.0,45.0,90.0,160.0,280.0,320.0,3.2,10.0,4.8,8.9,3.7,5.2,25.0,Group Captive Solar & Rooftop PV (SEBI Rank #450),Targeting >35% clean electricity mix
DCM Shriram,DCMSHRIRAM,Mid Cap,Banking & Financial Services,BFSI,1020.9,47.0,49.0,96.0,168.0,290.0,332.0,3.2,12.0,4.8,8.9,3.7,5.2,25.0,Group Captive Solar & Rooftop PV (SEBI Rank #452),Targeting >37% clean electricity mix
Horizon Industrial,HORIZONIND,Mid Cap,Diversified & Manufacturing,Diversified Conglomerates,55.13,48.0,51.0,99.0,172.0,295.0,338.0,3.2,13.0,4.8,8.9,3.7,5.2,25.0,Group Captive Solar & Rooftop PV (SEBI Rank #453),Targeting >38% clean electricity mix
Nava,NAVA,Mid Cap,Diversified & Manufacturing,Diversified Conglomerates,560.2,-15.0,-10.0,40.0,115.0,240.0,285.0,3.2,15.0,4.8,8.9,3.7,5.2,25.0,Group Captive Solar & Rooftop PV (SEBI Rank #455),Targeting >40% clean electricity mix
Clean Max Enviro,CLEANMAX,Mid Cap,Diversified & Manufacturing,Diversified Conglomerates,1347.9,-14.0,-8.0,43.0,119.0,245.0,291.0,3.2,16.0,4.8,8.9,3.7,5.2,25.0,Group Captive Solar & Rooftop PV (SEBI Rank #456),Targeting >41% clean electricity mix
Fine Organic,FINEORG,Mid Cap,Diversified & Manufacturing,Diversified Conglomerates,5152.0,-12.0,-4.0,49.0,127.0,255.0,303.0,3.2,18.0,4.8,8.9,3.7,5.2,25.0,Group Captive Solar & Rooftop PV (SEBI Rank #458),Targeting >43% clean electricity mix
Hero MotoCorp Ltd,HEROMOTOCO,Large Cap,Automotive & 2W/3W,2W OEM (World #1 2W),5300.0,-3.2,-7.2,73.4,107.9,87.1,68.4,13.5,34.0,49.7,8.7,3.8,4.9,24.4,Distributed Rooftop Solar + Group Captive Solar Wheeling,Carbon Neutral Haridwar & Neemrana; 100% RE by 2035
Bharat Coking,BHARATCOAL,Mid Cap,Diversified & Manufacturing,Diversified Conglomerates,33.81,-10.0,0.0,55.0,135.0,265.0,315.0,3.1,20.0,4.7,8.9,3.7,5.2,24.4,Group Captive Solar & Rooftop PV (SEBI Rank #460),Targeting >45% clean electricity mix
Kansai Nerolac,KANSAINER,Mid Cap,Diversified & Manufacturing,Diversified Conglomerates,194.2,-9.0,2.0,58.0,139.0,270.0,321.0,3.1,21.0,4.7,8.9,3.7,5.2,24.4,Group Captive Solar & Rooftop PV (SEBI Rank #461),Targeting >46% clean electricity mix
Engineers India,ENGINERSIN,Mid Cap,Diversified & Manufacturing,Diversified Conglomerates,279.45,-8.0,4.0,61.0,143.0,275.0,327.0,3.1,22.0,4.7,8.9,3.7,5.2,24.4,Group Captive Solar & Rooftop PV (SEBI Rank #462),Targeting >47% clean electricity mix
Usha Martin,USHAMART,Mid Cap,Diversified & Manufacturing,Diversified Conglomerates,514.15,-7.0,6.0,64.0,147.0,280.0,333.0,3.1,23.0,4.7,8.9,3.7,5.2,24.4,Group Captive Solar & Rooftop PV (SEBI Rank #463),Targeting >48% clean electricity mix
L T Foods,LTFOODS,Mid Cap,Diversified & Manufacturing,Diversified Conglomerates,444.8,-5.0,10.0,70.0,155.0,290.0,345.0,3.1,25.0,4.7,8.9,3.7,5.2,24.4,Group Captive Solar & Rooftop PV (SEBI Rank #465),Targeting >50% clean electricity mix
Five-Star Bus.Fi,FIVESTAR,Mid Cap,Diversified & Manufacturing,Diversified Conglomerates,523.05,-4.0,12.0,73.0,159.0,295.0,351.0,3.1,26.0,4.7,8.9,3.7,5.2,24.4,Group Captive Solar & Rooftop PV (SEBI Rank #466),Targeting >51% clean electricity mix
Vijaya Diagnost.,VIJAYA,Mid Cap,Diversified & Manufacturing,Diversified Conglomerates,1493.2,-3.0,14.0,76.0,163.0,300.0,357.0,3.1,27.0,4.7,8.9,3.7,5.2,24.4,Group Captive Solar & Rooftop PV (SEBI Rank #467),Targeting >52% clean electricity mix
Honasa Consumer,HONASA,Mid Cap,Diversified & Manufacturing,Diversified Conglomerates,471.05,-2.0,16.0,79.0,167.0,305.0,363.0,3.1,28.0,4.7,8.9,3.7,5.2,24.4,Group Captive Solar & Rooftop PV (SEBI Rank #468),Targeting >53% clean electricity mix
A B Real Estate,ABREL,Mid Cap,Diversified & Manufacturing,Diversified Conglomerates,1373.6,-1.0,18.0,82.0,171.0,310.0,369.0,3.1,29.0,4.7,8.9,3.7,5.2,24.4,Group Captive Solar & Rooftop PV (SEBI Rank #469),Targeting >54% clean electricity mix
Ingersoll-Rand,INGERRAND,Mid Cap,Diversified & Manufacturing,Diversified Conglomerates,4844.7,0.0,20.0,85.0,175.0,315.0,375.0,3.1,30.0,4.7,8.9,3.7,5.2,24.4,Group Captive Solar & Rooftop PV (SEBI Rank #470),Targeting >55% clean electricity mix
Jai Balaji Inds.,JAIBALAJI,Small Cap,Chemicals & Petrochemicals,Specialty Chemicals,69.73,44.0,53.0,122.0,196.0,280.0,344.0,3.5,24.0,5.2,8.4,3.8,4.6,23.9,Group Captive Solar & Rooftop PV (SEBI Rank #774),Targeting >49% clean electricity mix
Morepen Labs.,MOREPENLAB,Small Cap,Pharmaceuticals & Healthcare,Pharma & Healthcare,113.74,47.0,59.0,131.0,208.0,295.0,362.0,3.5,27.0,5.2,8.4,3.8,4.6,23.9,Group Captive Solar & Rooftop PV (SEBI Rank #777),Targeting >52% clean electricity mix
Archean Chemical,ACI,Small Cap,Chemicals & Petrochemicals,Specialty Chemicals,504.2,48.0,61.0,134.0,212.0,300.0,368.0,3.5,28.0,5.2,8.4,3.8,4.6,23.9,Group Captive Solar & Rooftop PV (SEBI Rank #778),Targeting >53% clean electricity mix
Shaily Engineer.,SHAILY,Mid Cap,Diversified & Manufacturing,Diversified Conglomerates,3278.3,3.0,26.0,94.0,187.0,330.0,393.0,3.0,33.0,4.5,8.9,3.7,5.2,23.4,Group Captive Solar & Rooftop PV (SEBI Rank #473),Targeting >58% clean electricity mix
Crompton Gr. Con,CROMPTON,Small Cap,Diversified & Manufacturing,Diversified Conglomerates,232.4,6.0,32.0,103.0,199.0,345.0,411.0,3.0,11.0,4.5,8.9,3.7,5.2,23.4,Group Captive Solar & Rooftop PV (SEBI Rank #476),Targeting >36% clean electricity mix
Canara HSBC,CANHLIFE,Small Cap,Diversified & Manufacturing,Diversified Conglomerates,157.23,7.0,34.0,106.0,203.0,350.0,417.0,3.0,12.0,4.5,8.9,3.7,5.2,23.4,Group Captive Solar & Rooftop PV (SEBI Rank #477),Targeting >37% clean electricity mix
SKF India Indus.,SKFINDUS,Small Cap,Diversified & Manufacturing,Diversified Conglomerates,3002.5,9.0,38.0,112.0,211.0,360.0,429.0,3.0,14.0,4.5,8.9,3.7,5.2,23.4,Group Captive Solar & Rooftop PV (SEBI Rank #479),Targeting >39% clean electricity mix
Niva Bupa Health,NIVABUPA,Small Cap,Diversified & Manufacturing,Diversified Conglomerates,80.11,12.0,44.0,61.0,83.0,115.0,187.0,3.0,17.0,4.5,8.9,3.7,5.2,23.4,Group Captive Solar & Rooftop PV (SEBI Rank #482),Targeting >42% clean electricity mix
Kirl. Brothers,KIRLOSBROS,Small Cap,Diversified & Manufacturing,Diversified Conglomerates,1862.0,15.0,50.0,70.0,95.0,130.0,205.0,3.0,20.0,4.5,8.9,3.7,5.2,23.4,Group Captive Solar & Rooftop PV (SEBI Rank #485),Targeting >45% clean electricity mix
CCL Products,CCL,Small Cap,Diversified & Manufacturing,Diversified Conglomerates,1106.2,16.0,52.0,73.0,99.0,135.0,211.0,3.0,21.0,4.5,8.9,3.7,5.2,23.4,Group Captive Solar & Rooftop PV (SEBI Rank #486),Targeting >46% clean electricity mix
T N Merc. Bank,TMB,Small Cap,Banking & Financial Services,BFSI,932.45,17.0,54.0,76.0,103.0,140.0,217.0,3.0,22.0,4.5,8.9,3.7,5.2,23.4,Group Captive Solar & Rooftop PV (SEBI Rank #487),Targeting >47% clean electricity mix
Raymond Lifestyl,RAYMONDLSL,Small Cap,Textiles & Apparel,Textiles & Apparel,663.65,22.0,24.0,86.0,173.0,310.0,397.0,3.2,72.0,4.8,8.6,3.75,4.85,23.3,Group Captive Solar & Rooftop PV (SEBI Rank #947),Targeting >97% clean electricity mix
Welspun Special.,WELSPLSOL,Small Cap,Textiles & Apparel,Textiles & Apparel,59.55,33.0,46.0,119.0,217.0,365.0,463.0,3.2,33.0,4.8,8.6,3.75,4.85,23.3,Group Captive Solar & Rooftop PV (SEBI Rank #958),Targeting >58% clean electricity mix
Alok Industries,ALOKINDS,Small Cap,Textiles & Apparel,Textiles & Apparel,7.83,45.0,70.0,95.0,125.0,165.0,275.0,3.1,45.0,4.7,8.6,3.75,4.85,22.8,Group Captive Solar & Rooftop PV (SEBI Rank #970),Targeting >70% clean electricity mix
Ideaforge Tech,IDEAFORGE,Small Cap,Automotive & 2W/3W,Auto Ancillary & Components,777.05,48.0,76.0,104.0,137.0,180.0,293.0,3.1,48.0,4.7,8.6,3.75,4.85,22.8,Group Captive Solar & Rooftop PV (SEBI Rank #973),Targeting >73% clean electricity mix
Sanathan Textile,SANATHAN,Small Cap,Textiles & Apparel,Textiles & Apparel,456.2,-14.0,17.0,48.0,84.0,130.0,246.0,3.1,51.0,4.7,8.6,3.75,4.85,22.8,Group Captive Solar & Rooftop PV (SEBI Rank #976),Targeting >76% clean electricity mix
Sterling & Wilson RE Ltd,SWSOLAR,Small Cap,Power Utilities & Cleantech,EPC & captive solar solutions,186.23,-22.7,-69.6,-48.1,-39.6,-53.2,-17.1,25.0,65.0,45.0,8.5,3.5,5.0,22.5,EPC & captive solar solutions,Global leader in utility solar EPC
Fineotex Chem,FCL,Small Cap,Chemicals & Petrochemicals,Specialty Chemicals,51.51,1.0,32.0,63.0,159.0,265.0,351.0,3.3,46.0,4.9,8.4,3.8,4.6,22.5,Group Captive Solar & Rooftop PV (SEBI Rank #796),Targeting >71% clean electricity mix
IOL Chemicals,IOLCP,Small Cap,Chemicals & Petrochemicals,Specialty Chemicals,199.95,8.0,46.0,84.0,107.0,220.0,313.0,3.3,53.0,4.9,8.4,3.8,4.6,22.5,Group Captive Solar & Rooftop PV (SEBI Rank #803),Targeting >78% clean electricity mix
Neogen Chemicals,NEOGEN,Small Cap,Chemicals & Petrochemicals,Specialty Chemicals,2137.9,9.0,48.0,87.0,111.0,225.0,319.0,3.3,54.0,4.9,8.4,3.8,4.6,22.5,Group Captive Solar & Rooftop PV (SEBI Rank #804),Targeting >79% clean electricity mix
Rainbow Child.,RAINBOW,Small Cap,Diversified & Manufacturing,Diversified Conglomerates,1447.2,19.0,58.0,82.0,111.0,150.0,229.0,2.9,24.0,4.3,8.9,3.7,5.2,22.4,Group Captive Solar & Rooftop PV (SEBI Rank #489),Targeting >49% clean electricity mix
V-Guard Industri,VGUARD,Small Cap,Diversified & Manufacturing,Diversified Conglomerates,335.4,21.0,62.0,88.0,119.0,160.0,241.0,2.9,26.0,4.3,8.9,3.7,5.2,22.4,Group Captive Solar & Rooftop PV (SEBI Rank #491),Targeting >51% clean electricity mix
Bikaji Foods,BIKAJI,Small Cap,Diversified & Manufacturing,Diversified Conglomerates,584.2,22.0,64.0,91.0,123.0,165.0,247.0,2.9,27.0,4.3,8.9,3.7,5.2,22.4,Group Captive Solar & Rooftop PV (SEBI Rank #492),Targeting >52% clean electricity mix
Balrampur Chini,BALRAMCHIN,Small Cap,Diversified & Manufacturing,Diversified Conglomerates,690.6,24.0,68.0,97.0,131.0,175.0,259.0,2.9,29.0,4.3,8.9,3.7,5.2,22.4,Group Captive Solar & Rooftop PV (SEBI Rank #494),Targeting >54% clean electricity mix
Supreme Petroch.,SPLPETRO,Small Cap,Diversified & Manufacturing,Diversified Conglomerates,771.05,26.0,27.0,58.0,94.0,140.0,226.0,2.9,31.0,4.3,8.9,3.7,5.2,22.4,Group Captive Solar & Rooftop PV (SEBI Rank #496),Targeting >56% clean electricity mix
Indegene,INDGN,Small Cap,Diversified & Manufacturing,Diversified Conglomerates,601.5,27.0,29.0,61.0,98.0,145.0,232.0,2.9,32.0,4.3,8.9,3.7,5.2,22.4,Group Captive Solar & Rooftop PV (SEBI Rank #497),Targeting >57% clean electricity mix
Sigma Advanced System,SIGMAADV,Small Cap,Diversified & Manufacturing,Diversified Conglomerates,762.4,28.0,31.0,64.0,102.0,150.0,238.0,2.9,33.0,4.3,8.9,3.7,5.2,22.4,Group Captive Solar & Rooftop PV (SEBI Rank #498),Targeting >58% clean electricity mix
Atlanta Electric,ATLANTAELE,Small Cap,Diversified & Manufacturing,Diversified Conglomerates,1881.7,29.0,33.0,67.0,106.0,155.0,244.0,2.9,34.0,4.3,8.9,3.7,5.2,22.4,Group Captive Solar & Rooftop PV (SEBI Rank #499),Targeting >59% clean electricity mix
JSW Dulux,JSWDULUX,Small Cap,Diversified & Manufacturing,Diversified Conglomerates,3174.5,30.0,35.0,70.0,110.0,160.0,250.0,2.9,10.0,4.3,8.9,3.7,5.2,22.4,Group Captive Solar & Rooftop PV (SEBI Rank #500),Targeting >35% clean electricity mix
Apollo Micro Sys,APOLLO,Small Cap,Diversified & Manufacturing,Diversified Conglomerates,388.9,31.0,37.0,73.0,114.0,165.0,256.0,2.9,11.0,4.3,8.9,3.7,5.2,22.4,Group Captive Solar & Rooftop PV (SEBI Rank #501),Targeting >36% clean electricity mix
Vedant Fashions,MANYAVAR,Small Cap,Diversified & Manufacturing,Diversified Conglomerates,594.2,32.0,39.0,76.0,118.0,170.0,262.0,2.9,12.0,4.3,8.9,3.7,5.2,22.4,Group Captive Solar & Rooftop PV (SEBI Rank #502),Targeting >37% clean electricity mix
Graphite India,GRAPHITE,Small Cap,Diversified & Manufacturing,Diversified Conglomerates,733.6,33.0,41.0,79.0,122.0,175.0,268.0,2.9,13.0,4.3,8.9,3.7,5.2,22.4,Group Captive Solar & Rooftop PV (SEBI Rank #503),Targeting >38% clean electricity mix
Polycab India Ltd,POLYCAB,Large Cap,Capital Goods & Engineering,Cables & Fast Moving Electrical Goods,8300.0,32.0,115.0,240.0,380.0,650.0,850.0,22.0,36.0,48.0,8.4,3.75,4.65,22.3,Rooftop Solar + Open Access Wind Power in Gujarat,50% RE by 2029
Orchid Pharma,ORCHPHARMA,Small Cap,Pharmaceuticals & Healthcare,Pharma & Healthcare,954.65,19.0,23.0,72.0,106.0,230.0,334.0,3.2,29.0,4.8,8.4,3.8,4.6,22.1,Group Captive Solar & Rooftop PV (SEBI Rank #814),Targeting >54% clean electricity mix
Fractal Analyt.,FRACTAL,Small Cap,Diversified & Manufacturing,Diversified Conglomerates,825.45,34.0,43.0,82.0,126.0,180.0,274.0,2.8,14.0,4.2,8.9,3.7,5.2,21.8,Group Captive Solar & Rooftop PV (SEBI Rank #504),Targeting >39% clean electricity mix
KSB,KSB,Small Cap,Diversified & Manufacturing,Diversified Conglomerates,813.55,35.0,45.0,85.0,130.0,185.0,280.0,2.8,15.0,4.2,8.9,3.7,5.2,21.8,Group Captive Solar & Rooftop PV (SEBI Rank #505),Targeting >40% clean electricity mix
Anupam Rasayan,ANURAS,Small Cap,Diversified & Manufacturing,Diversified Conglomerates,1238.7,37.0,49.0,91.0,138.0,195.0,292.0,2.8,17.0,4.2,8.9,3.7,5.2,21.8,Group Captive Solar & Rooftop PV (SEBI Rank #507),Targeting >42% clean electricity mix
HEG,HEG,Small Cap,Diversified & Manufacturing,Diversified Conglomerates,728.25,38.0,51.0,94.0,142.0,200.0,298.0,2.8,18.0,4.2,8.9,3.7,5.2,21.8,Group Captive Solar & Rooftop PV (SEBI Rank #508),Targeting >43% clean electricity mix
International Gemological Instit,IGIL,Small Cap,Diversified & Manufacturing,Diversified Conglomerates,323.5,39.0,53.0,97.0,146.0,205.0,304.0,2.8,19.0,4.2,8.9,3.7,5.2,21.8,Group Captive Solar & Rooftop PV (SEBI Rank #509),Targeting >44% clean electricity mix
EID Parry,EIDPARRY,Small Cap,Diversified & Manufacturing,Diversified Conglomerates,781.35,40.0,55.0,100.0,150.0,210.0,310.0,2.8,20.0,4.2,8.9,3.7,5.2,21.8,Group Captive Solar & Rooftop PV (SEBI Rank #510),Targeting >45% clean electricity mix
Prudent Corp.,PRUDENT,Small Cap,Diversified & Manufacturing,Diversified Conglomerates,3347.6,41.0,57.0,103.0,154.0,215.0,316.0,2.8,21.0,4.2,8.9,3.7,5.2,21.8,Group Captive Solar & Rooftop PV (SEBI Rank #511),Targeting >46% clean electricity mix
Gallantt Ispat L,GALLANTT,Small Cap,Diversified & Manufacturing,Diversified Conglomerates,574.0,42.0,59.0,106.0,158.0,220.0,322.0,2.8,22.0,4.2,8.9,3.7,5.2,21.8,Group Captive Solar & Rooftop PV (SEBI Rank #512),Targeting >47% clean electricity mix
S C I,SCI,Small Cap,Diversified & Manufacturing,Diversified Conglomerates,295.35,44.0,63.0,112.0,166.0,230.0,334.0,2.8,24.0,4.2,8.9,3.7,5.2,21.8,Group Captive Solar & Rooftop PV (SEBI Rank #514),Targeting >49% clean electricity mix
Vinati Organics,VINATIORGA,Small Cap,Diversified & Manufacturing,Diversified Conglomerates,1310.7,46.0,67.0,118.0,174.0,240.0,346.0,2.7,26.0,4.1,8.9,3.7,5.2,21.3,Group Captive Solar & Rooftop PV (SEBI Rank #516),Targeting >51% clean electricity mix
Sobha,SOBHA,Small Cap,Diversified & Manufacturing,Diversified Conglomerates,1263.8,47.0,69.0,121.0,178.0,245.0,352.0,2.7,27.0,4.1,8.9,3.7,5.2,21.3,Group Captive Solar & Rooftop PV (SEBI Rank #517),Targeting >52% clean electricity mix
DOMS Industries,DOMS,Small Cap,Diversified & Manufacturing,Diversified Conglomerates,2208.7,-15.0,10.0,65.0,125.0,195.0,305.0,2.7,30.0,4.1,8.9,3.7,5.2,21.3,Group Captive Solar & Rooftop PV (SEBI Rank #520),Targeting >55% clean electricity mix
Action Const.Eq.,ACE,Small Cap,Diversified & Manufacturing,Diversified Conglomerates,1125.4,-14.0,12.0,68.0,129.0,200.0,311.0,2.7,31.0,4.1,8.9,3.7,5.2,21.3,Group Captive Solar & Rooftop PV (SEBI Rank #521),Targeting >56% clean electricity mix
Molbio Diagnosti,MOLBIO,Small Cap,Diversified & Manufacturing,Diversified Conglomerates,1160.5,-13.0,14.0,71.0,133.0,205.0,317.0,2.7,32.0,4.1,8.9,3.7,5.2,21.3,Group Captive Solar & Rooftop PV (SEBI Rank #522),Targeting >57% clean electricity mix
Swan Defence,SWANDEF,Small Cap,Diversified & Manufacturing,Diversified Conglomerates,2520.2,-10.0,20.0,80.0,145.0,220.0,335.0,2.7,10.0,4.1,8.9,3.7,5.2,21.3,Group Captive Solar & Rooftop PV (SEBI Rank #525),Targeting >35% clean electricity mix
Titan Company Ltd,TITAN,Large Cap,FMCG & Consumer Goods,Dedicated Solar Park + Rooftop Solar,5020.0,49.1,31.3,59.4,92.6,132.2,317.9,18.0,72.0,42.0,8.7,3.7,5.0,21.0,Dedicated Solar Park + Rooftop Solar,100% RE across manufacturing by 2027
Tilaknagar Inds.,TI,Small Cap,Diversified & Manufacturing,Diversified Conglomerates,535.1,-9.0,22.0,83.0,149.0,225.0,341.0,2.6,11.0,3.9,8.9,3.7,5.2,20.3,Group Captive Solar & Rooftop PV (SEBI Rank #526),Targeting >36% clean electricity mix
Privi Speci.,PRIVISCL,Small Cap,Diversified & Manufacturing,Diversified Conglomerates,3367.3,-7.0,26.0,89.0,157.0,235.0,353.0,2.6,13.0,3.9,8.9,3.7,5.2,20.3,Group Captive Solar & Rooftop PV (SEBI Rank #528),Targeting >38% clean electricity mix
Lloyds Engineeri,LLOYDSENGG,Small Cap,Diversified & Manufacturing,Diversified Conglomerates,84.21,-6.0,28.0,92.0,161.0,240.0,359.0,2.6,14.0,3.9,8.9,3.7,5.2,20.3,Group Captive Solar & Rooftop PV (SEBI Rank #529),Targeting >39% clean electricity mix
Aptus Value Hou.,APTUS,Small Cap,Diversified & Manufacturing,Diversified Conglomerates,258.85,-5.0,30.0,95.0,165.0,245.0,365.0,2.6,15.0,3.9,8.9,3.7,5.2,20.3,Group Captive Solar & Rooftop PV (SEBI Rank #530),Targeting >40% clean electricity mix
Edelweiss.Fin.,EDELWEISS,Small Cap,Diversified & Manufacturing,Diversified Conglomerates,136.08,-4.0,32.0,98.0,169.0,250.0,371.0,2.6,16.0,3.9,8.9,3.7,5.2,20.3,Group Captive Solar & Rooftop PV (SEBI Rank #531),Targeting >41% clean electricity mix
Bluestone Jewel,BLUESTONE,Small Cap,Diversified & Manufacturing,Diversified Conglomerates,842.75,-3.0,34.0,101.0,173.0,255.0,377.0,2.6,17.0,3.9,8.9,3.7,5.2,20.3,Group Captive Solar & Rooftop PV (SEBI Rank #532),Targeting >42% clean electricity mix
Karnataka Bank,KTKBANK,Small Cap,Banking & Financial Services,BFSI,340.1,-2.0,36.0,104.0,177.0,260.0,383.0,2.6,18.0,3.9,8.9,3.7,5.2,20.3,Group Captive Solar & Rooftop PV (SEBI Rank #533),Targeting >43% clean electricity mix
Corona Remedies,CORONA,Small Cap,Diversified & Manufacturing,Diversified Conglomerates,2100.1,0.0,40.0,110.0,185.0,270.0,395.0,2.6,20.0,3.9,8.9,3.7,5.2,20.3,Group Captive Solar & Rooftop PV (SEBI Rank #535),Targeting >45% clean electricity mix
JSW Holdings,JSWHL,Small Cap,Diversified & Manufacturing,Diversified Conglomerates,11472.0,2.0,44.0,116.0,193.0,280.0,407.0,2.5,22.0,3.8,8.9,3.7,5.2,19.8,Group Captive Solar & Rooftop PV (SEBI Rank #537),Targeting >47% clean electricity mix
Home First Finan,HOMEFIRST,Small Cap,Diversified & Manufacturing,Diversified Conglomerates,1210.1,3.0,46.0,119.0,197.0,285.0,413.0,2.5,23.0,3.8,8.9,3.7,5.2,19.8,Group Captive Solar & Rooftop PV (SEBI Rank #538),Targeting >48% clean electricity mix
Black Box,BBOX,Small Cap,Diversified & Manufacturing,Diversified Conglomerates,712.25,4.0,48.0,122.0,201.0,290.0,419.0,2.5,24.0,3.8,8.9,3.7,5.2,19.8,Group Captive Solar & Rooftop PV (SEBI Rank #539),Targeting >49% clean electricity mix
JM Financial,JMFINANCIL,Small Cap,Diversified & Manufacturing,Diversified Conglomerates,132.06,5.0,5.0,20.0,100.0,190.0,320.0,2.5,25.0,3.8,8.9,3.7,5.2,19.8,Group Captive Solar & Rooftop PV (SEBI Rank #540),Targeting >50% clean electricity mix
Varroc Engineer,VARROC,Small Cap,Diversified & Manufacturing,Diversified Conglomerates,826.35,6.0,7.0,23.0,104.0,195.0,326.0,2.5,26.0,3.8,8.9,3.7,5.2,19.8,Group Captive Solar & Rooftop PV (SEBI Rank #541),Targeting >51% clean electricity mix
Manorama Indust.,MANORAMA,Small Cap,Diversified & Manufacturing,Diversified Conglomerates,1993.4,7.0,9.0,26.0,108.0,200.0,332.0,2.5,27.0,3.8,8.9,3.7,5.2,19.8,Group Captive Solar & Rooftop PV (SEBI Rank #542),Targeting >52% clean electricity mix
Nuvoco Vistas,NUVOCO,Small Cap,Diversified & Manufacturing,Diversified Conglomerates,352.15,8.0,11.0,29.0,112.0,205.0,338.0,2.5,28.0,3.8,8.9,3.7,5.2,19.8,Group Captive Solar & Rooftop PV (SEBI Rank #543),Targeting >53% clean electricity mix
Ujjivan Small,UJJIVANSFB,Small Cap,Diversified & Manufacturing,Diversified Conglomerates,64.43,9.0,13.0,32.0,116.0,210.0,344.0,2.5,29.0,3.8,8.9,3.7,5.2,19.8,Group Captive Solar & Rooftop PV (SEBI Rank #544),Targeting >54% clean electricity mix
Sedemac Mechatro,SEDEMAC,Small Cap,Diversified & Manufacturing,Diversified Conglomerates,2814.4,12.0,19.0,41.0,128.0,225.0,362.0,2.5,32.0,3.8,8.9,3.7,5.2,19.8,Group Captive Solar & Rooftop PV (SEBI Rank #547),Targeting >57% clean electricity mix
Godrej Agrovet,GODREJAGRO,Small Cap,Diversified & Manufacturing,Diversified Conglomerates,644.85,13.0,21.0,44.0,132.0,230.0,368.0,2.5,33.0,3.8,8.9,3.7,5.2,19.8,Group Captive Solar & Rooftop PV (SEBI Rank #548),Targeting >58% clean electricity mix
South Ind.Bank,SOUTHBANK,Small Cap,Banking & Financial Services,BFSI,47.29,15.0,25.0,50.0,140.0,240.0,380.0,2.5,10.0,3.8,8.9,3.7,5.2,19.8,Group Captive Solar & Rooftop PV (SEBI Rank #550),Targeting >35% clean electricity mix
E2E Networks,E2E,Small Cap,Diversified & Manufacturing,Diversified Conglomerates,601.55,16.0,27.0,53.0,144.0,245.0,386.0,2.5,11.0,3.8,8.9,3.7,5.2,19.8,Group Captive Solar & Rooftop PV (SEBI Rank #551),Targeting >36% clean electricity mix
Park Medi World,PARKHOSPS,Small Cap,Diversified & Manufacturing,Diversified Conglomerates,286.25,17.0,29.0,56.0,148.0,250.0,392.0,2.5,12.0,3.8,8.9,3.7,5.2,19.8,Group Captive Solar & Rooftop PV (SEBI Rank #552),Targeting >37% clean electricity mix
Gravita India,GRAVITA,Small Cap,Diversified & Manufacturing,Diversified Conglomerates,1661.6,19.0,33.0,62.0,156.0,260.0,404.0,2.5,14.0,3.8,8.9,3.7,5.2,19.8,Group Captive Solar & Rooftop PV (SEBI Rank #554),Targeting >39% clean electricity mix
Laxmi Organic,LXCHEM,Small Cap,Chemicals & Petrochemicals,Specialty Chemicals,172.04,24.0,53.0,112.0,136.0,210.0,384.0,2.7,29.0,4.1,8.4,3.8,4.6,18.9,Group Captive Solar & Rooftop PV (SEBI Rank #884),Targeting >54% clean electricity mix
Cyient,CYIENT,Small Cap,Diversified & Manufacturing,Diversified Conglomerates,1101.8,20.0,35.0,65.0,160.0,265.0,410.0,2.4,15.0,3.6,8.9,3.7,5.2,18.7,Group Captive Solar & Rooftop PV (SEBI Rank #555),Targeting >40% clean electricity mix
Metropolis Healt,METROPOLIS,Small Cap,Diversified & Manufacturing,Diversified Conglomerates,588.7,21.0,37.0,68.0,164.0,270.0,416.0,2.4,16.0,3.6,8.9,3.7,5.2,18.7,Group Captive Solar & Rooftop PV (SEBI Rank #556),Targeting >41% clean electricity mix
Sky Gold & Diam.,SKYGOLD,Small Cap,Diversified & Manufacturing,Diversified Conglomerates,781.45,23.0,41.0,74.0,172.0,280.0,428.0,2.4,18.0,3.6,8.9,3.7,5.2,18.7,Group Captive Solar & Rooftop PV (SEBI Rank #558),Targeting >43% clean electricity mix
Akums Drugs,AKUMS,Small Cap,Diversified & Manufacturing,Diversified Conglomerates,765.75,24.0,43.0,77.0,176.0,285.0,434.0,2.4,19.0,3.6,8.9,3.7,5.2,18.7,Group Captive Solar & Rooftop PV (SEBI Rank #559),Targeting >44% clean electricity mix
PVR Inox,PVRINOX,Small Cap,Diversified & Manufacturing,Diversified Conglomerates,1227.2,25.0,45.0,80.0,100.0,210.0,360.0,2.4,20.0,3.6,8.9,3.7,5.2,18.7,Group Captive Solar & Rooftop PV (SEBI Rank #560),Targeting >45% clean electricity mix
Blue Dart Expres,BLUEDART,Small Cap,Diversified & Manufacturing,Diversified Conglomerates,4991.7,26.0,47.0,83.0,104.0,215.0,366.0,2.4,21.0,3.6,8.9,3.7,5.2,18.7,Group Captive Solar & Rooftop PV (SEBI Rank #561),Targeting >46% clean electricity mix
Godrej Consumer Products,GODREJCP,Large Cap,FMCG & Consumer Goods,Onsite Rooftop Solar + Green Tariff,878.0,-24.8,-37.0,-11.5,-3.6,-14.7,21.1,18.0,42.0,38.0,8.6,3.75,4.85,18.4,Onsite Rooftop Solar + Green Tariff,100% RE by 2030
Havells India Ltd,HAVELLS,Large Cap,Capital Goods & Engineering,Consumer Electricals & Lighting,1154.0,25.0,42.0,68.0,115.0,165.0,230.0,18.0,42.0,38.0,8.5,3.75,4.75,18.0,Rooftop Solar on 100% owned plant sheds,60% RE by 2028; Carbon Neutral 2035
Vishnu Chemicals,VISHNU,Small Cap,Chemicals & Petrochemicals,Specialty Chemicals,702.0,28.0,61.0,124.0,152.0,230.0,408.0,2.6,33.0,3.9,8.4,3.8,4.6,17.9,Group Captive Solar & Rooftop PV (SEBI Rank #888),Targeting >58% clean electricity mix
Titagarh Rail,TITAGARH,Small Cap,Diversified & Manufacturing,Diversified Conglomerates,871.85,27.0,49.0,86.0,108.0,220.0,372.0,2.3,22.0,3.4,8.9,3.7,5.2,17.7,Group Captive Solar & Rooftop PV (SEBI Rank #562),Targeting >47% clean electricity mix
Viyash Scientific,VIYASH,Small Cap,Diversified & Manufacturing,Diversified Conglomerates,265.85,28.0,51.0,89.0,112.0,225.0,378.0,2.3,23.0,3.4,8.9,3.7,5.2,17.7,Group Captive Solar & Rooftop PV (SEBI Rank #563),Targeting >48% clean electricity mix
Tega Inds.,TEGA,Small Cap,Diversified & Manufacturing,Diversified Conglomerates,1548.0,29.0,53.0,92.0,116.0,230.0,384.0,2.3,24.0,3.4,8.9,3.7,5.2,17.7,Group Captive Solar & Rooftop PV (SEBI Rank #564),Targeting >49% clean electricity mix
PC Jeweller,PCJEWELLER,Small Cap,Diversified & Manufacturing,Diversified Conglomerates,11.86,31.0,57.0,98.0,124.0,240.0,396.0,2.3,26.0,3.4,8.9,3.7,5.2,17.7,Group Captive Solar & Rooftop PV (SEBI Rank #566),Targeting >51% clean electricity mix
Volt.Transform.,VOLTAMP,Small Cap,Diversified & Manufacturing,Diversified Conglomerates,11418.0,32.0,59.0,101.0,128.0,245.0,402.0,2.3,27.0,3.4,8.9,3.7,5.2,17.7,Group Captive Solar & Rooftop PV (SEBI Rank #567),Targeting >52% clean electricity mix
RRPSemiconductor,504346,Small Cap,Diversified & Manufacturing,Diversified Conglomerates,8374.25,33.0,61.0,104.0,132.0,250.0,408.0,2.3,28.0,3.4,8.9,3.7,5.2,17.7,Group Captive Solar & Rooftop PV (SEBI Rank #568),Targeting >53% clean electricity mix
Paras Defence,PARAS,Small Cap,Diversified & Manufacturing,Diversified Conglomerates,1414.9,34.0,63.0,107.0,136.0,255.0,414.0,2.3,29.0,3.4,8.9,3.7,5.2,17.7,Group Captive Solar & Rooftop PV (SEBI Rank #569),Targeting >54% clean electricity mix
UTI AMC,UTIAMC,Small Cap,Diversified & Manufacturing,Diversified Conglomerates,880.55,36.0,67.0,113.0,144.0,265.0,426.0,2.3,31.0,3.4,8.9,3.7,5.2,17.7,Group Captive Solar & Rooftop PV (SEBI Rank #571),Targeting >56% clean electricity mix
Lloyds Enterpris,LLOYDSENT,Small Cap,Diversified & Manufacturing,Diversified Conglomerates,74.23,37.0,69.0,116.0,148.0,270.0,432.0,2.3,32.0,3.4,8.9,3.7,5.2,17.7,Group Captive Solar & Rooftop PV (SEBI Rank #572),Targeting >57% clean electricity mix
Aarti Drugs,AARTIDRUGS,Small Cap,Chemicals & Petrochemicals,Specialty Chemicals,431.65,34.0,48.0,122.0,221.0,370.0,469.0,2.5,34.0,3.8,8.4,3.8,4.6,17.5,Group Captive Solar & Rooftop PV (SEBI Rank #959),Targeting >59% clean electricity mix
Unichem Labs.,UNICHEMLAB,Small Cap,Chemicals & Petrochemicals,Specialty Chemicals,550.2,47.0,74.0,101.0,133.0,175.0,287.0,2.5,47.0,3.8,8.4,3.8,4.6,17.5,Group Captive Solar & Rooftop PV (SEBI Rank #972),Targeting >72% clean electricity mix
SMS Pharma.,SMSPHARMA,Small Cap,Pharmaceuticals & Healthcare,Pharma & Healthcare,392.5,6.0,12.0,63.0,119.0,185.0,321.0,2.5,36.0,3.8,8.4,3.8,4.6,17.5,Group Captive Solar & Rooftop PV (SEBI Rank #996),Targeting >61% clean electricity mix
Ircon Intl.,IRCON,Small Cap,Diversified & Manufacturing,Diversified Conglomerates,119.25,40.0,75.0,125.0,160.0,285.0,450.0,2.2,10.0,3.3,8.9,3.7,5.2,17.2,Group Captive Solar & Rooftop PV (SEBI Rank #575),Targeting >35% clean electricity mix
SignatureGlobal,SIGNATURE,Small Cap,Diversified & Manufacturing,Diversified Conglomerates,796.55,41.0,77.0,128.0,164.0,290.0,456.0,2.2,11.0,3.3,8.9,3.7,5.2,17.2,Group Captive Solar & Rooftop PV (SEBI Rank #576),Targeting >36% clean electricity mix
SBFC Finance,SBFC,Small Cap,Banking & Financial Services,BFSI,100.08,43.0,81.0,134.0,172.0,300.0,468.0,2.2,13.0,3.3,8.9,3.7,5.2,17.2,Group Captive Solar & Rooftop PV (SEBI Rank #578),Targeting >38% clean electricity mix
Shreeji Ship. Gl,SHREEJISPG,Small Cap,Diversified & Manufacturing,Diversified Conglomerates,680.15,44.0,83.0,137.0,176.0,305.0,474.0,2.2,14.0,3.3,8.9,3.7,5.2,17.2,Group Captive Solar & Rooftop PV (SEBI Rank #579),Targeting >39% clean electricity mix
Avanti Feeds,AVANTIFEED,Small Cap,Diversified & Manufacturing,Diversified Conglomerates,798.6,46.0,87.0,143.0,184.0,315.0,486.0,2.2,16.0,3.3,8.9,3.7,5.2,17.2,Group Captive Solar & Rooftop PV (SEBI Rank #581),Targeting >41% clean electricity mix
KEC International,KEC,Small Cap,Diversified & Manufacturing,Diversified Conglomerates,408.55,47.0,89.0,146.0,188.0,320.0,492.0,2.2,17.0,3.3,8.9,3.7,5.2,17.2,Group Captive Solar & Rooftop PV (SEBI Rank #582),Targeting >42% clean electricity mix
Jubilant Ingrev.,JUBLINGREA,Small Cap,Diversified & Manufacturing,Diversified Conglomerates,680.3,48.0,91.0,149.0,192.0,325.0,498.0,2.2,18.0,3.3,8.9,3.7,5.2,17.2,Group Captive Solar & Rooftop PV (SEBI Rank #583),Targeting >43% clean electricity mix
Mahanagar Gas,MGL,Small Cap,Diversified & Manufacturing,Diversified Conglomerates,1096.6,49.0,93.0,152.0,196.0,330.0,504.0,2.2,19.0,3.3,8.9,3.7,5.2,17.2,Group Captive Solar & Rooftop PV (SEBI Rank #584),Targeting >44% clean electricity mix
Blue Jet Health,BLUEJET,Small Cap,Diversified & Manufacturing,Diversified Conglomerates,569.8,-15.0,-15.0,45.0,90.0,225.0,400.0,2.2,20.0,3.3,8.9,3.7,5.2,17.2,Group Captive Solar & Rooftop PV (SEBI Rank #585),Targeting >45% clean electricity mix
Afcons Infrastr.,AFCONS,Small Cap,Diversified & Manufacturing,Diversified Conglomerates,292.8,-14.0,-13.0,48.0,94.0,230.0,406.0,2.2,21.0,3.3,8.9,3.7,5.2,17.2,Group Captive Solar & Rooftop PV (SEBI Rank #586),Targeting >46% clean electricity mix
IIFL Capital,IIFLCAPS,Small Cap,Diversified & Manufacturing,Diversified Conglomerates,341.2,-13.0,-11.0,51.0,98.0,235.0,412.0,2.2,22.0,3.3,8.9,3.7,5.2,17.2,Group Captive Solar & Rooftop PV (SEBI Rank #587),Targeting >47% clean electricity mix
Can Fin Homes,CANFINHOME,Small Cap,Diversified & Manufacturing,Diversified Conglomerates,807.4,-12.0,-9.0,54.0,102.0,240.0,418.0,2.2,23.0,3.3,8.9,3.7,5.2,17.2,Group Captive Solar & Rooftop PV (SEBI Rank #588),Targeting >48% clean electricity mix
Suven Life Scie.,SUVEN,Small Cap,Diversified & Manufacturing,Diversified Conglomerates,378.0,-11.0,-7.0,57.0,106.0,245.0,424.0,2.1,24.0,3.2,8.9,3.7,5.2,16.6,Group Captive Solar & Rooftop PV (SEBI Rank #589),Targeting >49% clean electricity mix
Blackbuck,BLACKBUCK,Small Cap,Diversified & Manufacturing,Diversified Conglomerates,586.1,-10.0,-5.0,60.0,110.0,250.0,430.0,2.1,25.0,3.2,8.9,3.7,5.2,16.6,Group Captive Solar & Rooftop PV (SEBI Rank #590),Targeting >50% clean electricity mix
Pearl Global Ind,PGIL,Small Cap,Diversified & Manufacturing,Diversified Conglomerates,2278.3,-6.0,3.0,72.0,126.0,270.0,454.0,2.1,29.0,3.2,8.9,3.7,5.2,16.6,Group Captive Solar & Rooftop PV (SEBI Rank #594),Targeting >54% clean electricity mix
A B Lifestyle,ABLBL,Small Cap,Diversified & Manufacturing,Diversified Conglomerates,86.07,-5.0,5.0,75.0,130.0,275.0,460.0,2.1,30.0,3.2,8.9,3.7,5.2,16.6,Group Captive Solar & Rooftop PV (SEBI Rank #595),Targeting >55% clean electricity mix
Health.Global,HCG,Small Cap,Diversified & Manufacturing,Diversified Conglomerates,700.2,-3.0,9.0,81.0,138.0,285.0,472.0,2.1,32.0,3.2,8.9,3.7,5.2,16.6,Group Captive Solar & Rooftop PV (SEBI Rank #597),Targeting >57% clean electricity mix
The Bombay Burmah,BBTC,Small Cap,Diversified & Manufacturing,Diversified Conglomerates,1496.8,-2.0,11.0,84.0,142.0,290.0,478.0,2.1,33.0,3.2,8.9,3.7,5.2,16.6,Group Captive Solar & Rooftop PV (SEBI Rank #598),Targeting >58% clean electricity mix
Jupiter Wagons,JWL,Small Cap,Diversified & Manufacturing,Diversified Conglomerates,243.24,-1.0,13.0,87.0,146.0,295.0,484.0,2.1,34.0,3.2,8.9,3.7,5.2,16.6,Group Captive Solar & Rooftop PV (SEBI Rank #599),Targeting >59% clean electricity mix
SG Mart,SGMART,Small Cap,Diversified & Manufacturing,Diversified Conglomerates,824.75,0.0,15.0,30.0,90.0,120.0,160.0,2.1,10.0,3.2,8.9,3.7,5.2,16.6,Group Captive Solar & Rooftop PV (SEBI Rank #600),Targeting >35% clean electricity mix
Indiamart Inter.,INDIAMART,Small Cap,Diversified & Manufacturing,Diversified Conglomerates,1726.4,1.0,17.0,33.0,94.0,125.0,166.0,2.1,11.0,3.2,8.9,3.7,5.2,16.6,Group Captive Solar & Rooftop PV (SEBI Rank #601),Targeting >36% clean electricity mix
Rites,RITES,Small Cap,Diversified & Manufacturing,Diversified Conglomerates,215.8,2.0,19.0,36.0,98.0,130.0,172.0,2.1,12.0,3.2,8.9,3.7,5.2,16.6,Group Captive Solar & Rooftop PV (SEBI Rank #602),Targeting >37% clean electricity mix
Whirlpool India,WHIRLPOOL,Small Cap,Diversified & Manufacturing,Diversified Conglomerates,815.95,3.0,21.0,39.0,102.0,135.0,178.0,2.1,13.0,3.2,8.9,3.7,5.2,16.6,Group Captive Solar & Rooftop PV (SEBI Rank #603),Targeting >38% clean electricity mix
AAVAS Financiers,AAVAS,Small Cap,Diversified & Manufacturing,Diversified Conglomerates,1304.2,4.0,23.0,42.0,106.0,140.0,184.0,2.1,14.0,3.2,8.9,3.7,5.2,16.6,Group Captive Solar & Rooftop PV (SEBI Rank #604),Targeting >39% clean electricity mix
KRN Heat Exchan,KRN,Small Cap,Diversified & Manufacturing,Diversified Conglomerates,1578.7,6.0,27.0,48.0,114.0,150.0,196.0,2.1,16.0,3.2,8.9,3.7,5.2,16.6,Group Captive Solar & Rooftop PV (SEBI Rank #606),Targeting >41% clean electricity mix
Rategain Travel,RATEGAIN,Small Cap,Diversified & Manufacturing,Diversified Conglomerates,851.15,9.0,33.0,57.0,126.0,165.0,214.0,2.0,19.0,3.0,8.9,3.7,5.2,15.6,Group Captive Solar & Rooftop PV (SEBI Rank #609),Targeting >44% clean electricity mix
Kwality Wall's,KWIL,Small Cap,Diversified & Manufacturing,Diversified Conglomerates,42.12,11.0,37.0,63.0,134.0,175.0,226.0,2.0,21.0,3.0,8.9,3.7,5.2,15.6,Group Captive Solar & Rooftop PV (SEBI Rank #611),Targeting >46% clean electricity mix
Shiprocket,SHIPROCKET,Small Cap,Diversified & Manufacturing,Diversified Conglomerates,135.92,12.0,39.0,66.0,138.0,180.0,232.0,2.0,22.0,3.0,8.9,3.7,5.2,15.6,Group Captive Solar & Rooftop PV (SEBI Rank #612),Targeting >47% clean electricity mix
Kirl.Pneumatic,KIRLPNU,Small Cap,Diversified & Manufacturing,Diversified Conglomerates,760.45,13.0,41.0,69.0,142.0,185.0,238.0,2.0,23.0,3.0,8.9,3.7,5.2,15.6,Group Captive Solar & Rooftop PV (SEBI Rank #613),Targeting >48% clean electricity mix
Finolex Inds.,FINPIPE,Small Cap,Diversified & Manufacturing,Diversified Conglomerates,158.63,14.0,43.0,72.0,146.0,190.0,244.0,2.0,24.0,3.0,8.9,3.7,5.2,15.6,Group Captive Solar & Rooftop PV (SEBI Rank #614),Targeting >49% clean electricity mix
BLS Internat.,BLS,Small Cap,Diversified & Manufacturing,Diversified Conglomerates,238.79,15.0,45.0,75.0,150.0,195.0,250.0,2.0,25.0,3.0,8.9,3.7,5.2,15.6,Group Captive Solar & Rooftop PV (SEBI Rank #615),Targeting >50% clean electricity mix
Marico Ltd,MARICO,Large Cap,FMCG & Consumer Goods,Rooftop Solar on 100% of owned factories,815.15,16.9,17.2,45.1,51.6,48.9,124.6,16.0,65.0,32.0,8.5,3.7,4.8,15.4,Rooftop Solar on 100% of owned factories,Net Zero emissions by 2040
Elecon Engg.Co,ELECON,Small Cap,Diversified & Manufacturing,Diversified Conglomerates,433.75,18.0,51.0,84.0,162.0,210.0,268.0,1.9,28.0,2.8,8.9,3.7,5.2,14.6,Group Captive Solar & Rooftop PV (SEBI Rank #618),Targeting >53% clean electricity mix
Elantas Beck,ELANTAS,Small Cap,Diversified & Manufacturing,Diversified Conglomerates,12219.0,19.0,53.0,87.0,166.0,215.0,274.0,1.9,29.0,2.8,8.9,3.7,5.2,14.6,Group Captive Solar & Rooftop PV (SEBI Rank #619),Targeting >54% clean electricity mix
Sanofi Consumer,SANOFICONR,Small Cap,Diversified & Manufacturing,Diversified Conglomerates,4201.7,20.0,55.0,90.0,170.0,220.0,280.0,1.9,30.0,2.8,8.9,3.7,5.2,14.6,Group Captive Solar & Rooftop PV (SEBI Rank #620),Targeting >55% clean electricity mix
KRBL,KRBL,Small Cap,Diversified & Manufacturing,Diversified Conglomerates,421.95,21.0,57.0,93.0,174.0,225.0,286.0,1.9,31.0,2.8,8.9,3.7,5.2,14.6,Group Captive Solar & Rooftop PV (SEBI Rank #621),Targeting >56% clean electricity mix
Intellect Design,INTELLECT,Small Cap,Diversified & Manufacturing,Diversified Conglomerates,686.65,22.0,59.0,96.0,178.0,230.0,292.0,1.9,32.0,2.8,8.9,3.7,5.2,14.6,Group Captive Solar & Rooftop PV (SEBI Rank #622),Targeting >57% clean electricity mix
MMTC,MMTC,Small Cap,Diversified & Manufacturing,Diversified Conglomerates,64.18,23.0,61.0,99.0,182.0,235.0,298.0,1.9,33.0,2.8,8.9,3.7,5.2,14.6,Group Captive Solar & Rooftop PV (SEBI Rank #623),Targeting >58% clean electricity mix
Sandur Manganese,SANDUMA,Small Cap,Diversified & Manufacturing,Diversified Conglomerates,197.83,24.0,63.0,102.0,186.0,240.0,304.0,1.9,34.0,2.8,8.9,3.7,5.2,14.6,Group Captive Solar & Rooftop PV (SEBI Rank #624),Targeting >59% clean electricity mix
Jain Resource,JAINREC,Small Cap,Diversified & Manufacturing,Diversified Conglomerates,277.95,25.0,65.0,105.0,190.0,245.0,310.0,1.9,10.0,2.8,8.9,3.7,5.2,14.6,Group Captive Solar & Rooftop PV (SEBI Rank #625),Targeting >35% clean electricity mix
Yatharth Hospit.,YATHARTH,Small Cap,Diversified & Manufacturing,Diversified Conglomerates,991.1,26.0,67.0,108.0,194.0,250.0,316.0,1.9,11.0,2.8,8.9,3.7,5.2,14.6,Group Captive Solar & Rooftop PV (SEBI Rank #626),Targeting >36% clean electricity mix
Saregama India,SAREGAMA,Small Cap,Diversified & Manufacturing,Diversified Conglomerates,492.75,27.0,69.0,111.0,198.0,255.0,322.0,1.9,12.0,2.8,8.9,3.7,5.2,14.6,Group Captive Solar & Rooftop PV (SEBI Rank #627),Targeting >37% clean electricity mix
Sri Lotus,LOTUSDEV,Small Cap,Diversified & Manufacturing,Diversified Conglomerates,193.25,28.0,71.0,114.0,202.0,260.0,328.0,1.9,13.0,2.8,8.9,3.7,5.2,14.6,Group Captive Solar & Rooftop PV (SEBI Rank #628),Targeting >38% clean electricity mix
Brainbees Solut.,FIRSTCRY,Small Cap,Diversified & Manufacturing,Diversified Conglomerates,180.16,29.0,73.0,117.0,206.0,265.0,334.0,1.9,14.0,2.8,8.9,3.7,5.2,14.6,Group Captive Solar & Rooftop PV (SEBI Rank #629),Targeting >39% clean electricity mix
NCC,NCC,Small Cap,Diversified & Manufacturing,Diversified Conglomerates,149.7,30.0,30.0,75.0,165.0,225.0,295.0,1.9,15.0,2.8,8.9,3.7,5.2,14.6,Group Captive Solar & Rooftop PV (SEBI Rank #630),Targeting >40% clean electricity mix
P & G Health Ltd,PGHL,Small Cap,Diversified & Manufacturing,Diversified Conglomerates,5660.0,31.0,32.0,78.0,169.0,230.0,301.0,1.9,16.0,2.8,8.9,3.7,5.2,14.6,Group Captive Solar & Rooftop PV (SEBI Rank #631),Targeting >41% clean electricity mix
Jupiter Life Lin,JLHL,Small Cap,Diversified & Manufacturing,Diversified Conglomerates,286.45,32.0,34.0,81.0,173.0,235.0,307.0,1.9,17.0,2.8,8.9,3.7,5.2,14.6,Group Captive Solar & Rooftop PV (SEBI Rank #632),Targeting >42% clean electricity mix
Esab India,ESABINDIA,Small Cap,Diversified & Manufacturing,Diversified Conglomerates,6067.5,33.0,36.0,84.0,177.0,240.0,313.0,1.9,18.0,2.8,8.9,3.7,5.2,14.6,Group Captive Solar & Rooftop PV (SEBI Rank #633),Targeting >43% clean electricity mix
Pricol Ltd,PRICOLLTD,Small Cap,Diversified & Manufacturing,Diversified Conglomerates,764.95,34.0,38.0,87.0,181.0,245.0,319.0,1.9,19.0,2.8,8.9,3.7,5.2,14.6,Group Captive Solar & Rooftop PV (SEBI Rank #634),Targeting >44% clean electricity mix
Cummins India Ltd,CUMMINSIND,Large Cap,Capital Goods & Engineering,Rooftop Solar installations,5035.0,28.2,32.3,196.8,321.0,407.6,1031.0,14.0,45.0,28.0,8.9,3.8,5.1,14.3,Rooftop Solar installations,"Planet 2050 target, 50% RE by 2030"
Wework India,WEWORK,Small Cap,Diversified & Manufacturing,Diversified Conglomerates,666.95,36.0,42.0,93.0,189.0,255.0,331.0,1.8,21.0,2.7,8.9,3.7,5.2,14.0,Group Captive Solar & Rooftop PV (SEBI Rank #636),Targeting >46% clean electricity mix
Mah. Seamless,MAHSEAMLES,Small Cap,Diversified & Manufacturing,Diversified Conglomerates,688.1,37.0,44.0,96.0,193.0,260.0,337.0,1.8,22.0,2.7,8.9,3.7,5.2,14.0,Group Captive Solar & Rooftop PV (SEBI Rank #637),Targeting >47% clean electricity mix
SML Mahindra,SMLMAH,Small Cap,Diversified & Manufacturing,Diversified Conglomerates,6298.5,41.0,52.0,108.0,129.0,200.0,281.0,1.8,26.0,2.7,8.9,3.7,5.2,14.0,Group Captive Solar & Rooftop PV (SEBI Rank #641),Targeting >51% clean electricity mix
T R I L,TARIL,Small Cap,Diversified & Manufacturing,Diversified Conglomerates,300.95,42.0,54.0,111.0,133.0,205.0,287.0,1.8,27.0,2.7,8.9,3.7,5.2,14.0,Group Captive Solar & Rooftop PV (SEBI Rank #642),Targeting >52% clean electricity mix
Tsf Investments,TSFINV,Small Cap,Diversified & Manufacturing,Diversified Conglomerates,404.7,43.0,56.0,114.0,137.0,210.0,293.0,1.8,28.0,2.7,8.9,3.7,5.2,14.0,Group Captive Solar & Rooftop PV (SEBI Rank #643),Targeting >53% clean electricity mix
P N Gadgil Jewe.,PNGJL,Small Cap,Diversified & Manufacturing,Diversified Conglomerates,609.05,45.0,60.0,120.0,145.0,220.0,305.0,1.8,30.0,2.7,8.9,3.7,5.2,14.0,Group Captive Solar & Rooftop PV (SEBI Rank #645),Targeting >55% clean electricity mix
Banco Products,BANCOINDIA,Small Cap,Diversified & Manufacturing,Diversified Conglomerates,623.5,46.0,62.0,123.0,149.0,225.0,311.0,1.8,31.0,2.7,8.9,3.7,5.2,14.0,Group Captive Solar & Rooftop PV (SEBI Rank #646),Targeting >56% clean electricity mix
Indo Count Inds.,ICIL,Small Cap,Diversified & Manufacturing,Diversified Conglomerates,449.8,47.0,64.0,126.0,153.0,230.0,317.0,1.8,32.0,2.7,8.9,3.7,5.2,14.0,Group Captive Solar & Rooftop PV (SEBI Rank #647),Targeting >57% clean electricity mix
Max Estates,MAXESTATES,Small Cap,Diversified & Manufacturing,Diversified Conglomerates,542.1,49.0,68.0,132.0,161.0,240.0,329.0,1.8,34.0,2.7,8.9,3.7,5.2,14.0,Group Captive Solar & Rooftop PV (SEBI Rank #649),Targeting >59% clean electricity mix
Religare Enterp.,RELIGARE,Small Cap,Diversified & Manufacturing,Diversified Conglomerates,257.08,-15.0,5.0,70.0,100.0,180.0,270.0,1.8,10.0,2.7,8.9,3.7,5.2,14.0,Group Captive Solar & Rooftop PV (SEBI Rank #650),Targeting >35% clean electricity mix
Swan Corp,SWANCORP,Small Cap,Diversified & Manufacturing,Diversified Conglomerates,281.5,-14.0,7.0,73.0,104.0,185.0,276.0,1.8,11.0,2.7,8.9,3.7,5.2,14.0,Group Captive Solar & Rooftop PV (SEBI Rank #651),Targeting >36% clean electricity mix
Zee Entertainmen,ZEEL,Small Cap,Diversified & Manufacturing,Diversified Conglomerates,91.61,-13.0,9.0,76.0,108.0,190.0,282.0,1.8,12.0,2.7,8.9,3.7,5.2,14.0,Group Captive Solar & Rooftop PV (SEBI Rank #652),Targeting >37% clean electricity mix
G N F C,GNFC,Small Cap,Diversified & Manufacturing,Diversified Conglomerates,596.7,-12.0,11.0,79.0,112.0,195.0,288.0,1.8,13.0,2.7,8.9,3.7,5.2,14.0,Group Captive Solar & Rooftop PV (SEBI Rank #653),Targeting >38% clean electricity mix
Kajaria Ceramics Ltd,KAJARIACER,Mid Cap,Cement & Building Materials,Factory Rooftop Solar PV,1239.6,5.8,-15.8,-6.6,2.9,3.2,123.1,12.5,24.0,28.0,8.5,3.7,4.8,13.4,Factory Rooftop Solar PV,35% RE by 2028
Railtel Corpn.,RAILTEL,Small Cap,Diversified & Manufacturing,Diversified Conglomerates,271.05,-11.0,13.0,82.0,116.0,200.0,294.0,1.7,14.0,2.5,8.9,3.7,5.2,13.0,Group Captive Solar & Rooftop PV (SEBI Rank #654),Targeting >39% clean electricity mix
Bata India,BATAINDIA,Small Cap,Diversified & Manufacturing,Diversified Conglomerates,672.75,-10.0,15.0,85.0,120.0,205.0,300.0,1.7,15.0,2.5,8.9,3.7,5.2,13.0,Group Captive Solar & Rooftop PV (SEBI Rank #655),Targeting >40% clean electricity mix
Jayaswal Neco,JAYNECOIND,Small Cap,Diversified & Manufacturing,Diversified Conglomerates,89.04,-9.0,17.0,88.0,124.0,210.0,306.0,1.7,16.0,2.5,8.9,3.7,5.2,13.0,Group Captive Solar & Rooftop PV (SEBI Rank #656),Targeting >41% clean electricity mix
Prec. Wires (I),PRECWIRE,Small Cap,Diversified & Manufacturing,Diversified Conglomerates,472.8,-8.0,19.0,91.0,128.0,215.0,312.0,1.7,17.0,2.5,8.9,3.7,5.2,13.0,Group Captive Solar & Rooftop PV (SEBI Rank #657),Targeting >42% clean electricity mix
Relaxo Footwear,RELAXO,Small Cap,Diversified & Manufacturing,Diversified Conglomerates,344.75,-7.0,21.0,94.0,132.0,220.0,318.0,1.7,18.0,2.5,8.9,3.7,5.2,13.0,Group Captive Solar & Rooftop PV (SEBI Rank #658),Targeting >43% clean electricity mix
Vesuvius India,VESUVIUS,Small Cap,Diversified & Manufacturing,Diversified Conglomerates,419.15,-6.0,23.0,97.0,136.0,225.0,324.0,1.7,19.0,2.5,8.9,3.7,5.2,13.0,Group Captive Solar & Rooftop PV (SEBI Rank #659),Targeting >44% clean electricity mix
G R Infraproject,GRINFRA,Small Cap,Diversified & Manufacturing,Diversified Conglomerates,869.1,-5.0,25.0,40.0,80.0,170.0,270.0,1.7,20.0,2.5,8.9,3.7,5.2,13.0,Group Captive Solar & Rooftop PV (SEBI Rank #660),Targeting >45% clean electricity mix
Equitas Sma. Fin,EQUITASBNK,Small Cap,Diversified & Manufacturing,Diversified Conglomerates,72.95,-4.0,27.0,43.0,84.0,175.0,276.0,1.7,21.0,2.5,8.9,3.7,5.2,13.0,Group Captive Solar & Rooftop PV (SEBI Rank #661),Targeting >46% clean electricity mix
Lemon Tree Hotel,LEMONTREE,Small Cap,Diversified & Manufacturing,Diversified Conglomerates,104.95,-3.0,29.0,46.0,88.0,180.0,282.0,1.7,22.0,2.5,8.9,3.7,5.2,13.0,Group Captive Solar & Rooftop PV (SEBI Rank #662),Targeting >47% clean electricity mix
Tips Music,TIPSMUSIC,Small Cap,Diversified & Manufacturing,Diversified Conglomerates,649.75,-2.0,31.0,49.0,92.0,185.0,288.0,1.7,23.0,2.5,8.9,3.7,5.2,13.0,Group Captive Solar & Rooftop PV (SEBI Rank #663),Targeting >48% clean electricity mix
Raghav Product.,RPEL,Small Cap,Diversified & Manufacturing,Diversified Conglomerates,1807.2,-1.0,33.0,52.0,96.0,190.0,294.0,1.7,24.0,2.5,8.9,3.7,5.2,13.0,Group Captive Solar & Rooftop PV (SEBI Rank #664),Targeting >49% clean electricity mix
Westlife Food,WESTLIFE,Small Cap,Diversified & Manufacturing,Diversified Conglomerates,530.6,0.0,35.0,55.0,100.0,195.0,300.0,1.7,25.0,2.5,8.9,3.7,5.2,13.0,Group Captive Solar & Rooftop PV (SEBI Rank #665),Targeting >50% clean electricity mix
Jubilant FoodWorks Ltd,JUBLFOOD,Mid Cap,FMCG & Consumer Goods,Green Open Access PPA for central kitchens,482.7,-21.8,-29.2,-9.5,-22.5,-40.3,2.9,12.0,35.0,24.0,9.4,4.1,5.3,12.7,Green Open Access PPA for central kitchens,50% RE by 2030
Augmont Enterpri,AUGMONT,Small Cap,Diversified & Manufacturing,Diversified Conglomerates,901.5,1.0,37.0,58.0,104.0,200.0,306.0,1.6,26.0,2.4,8.9,3.7,5.2,12.5,Group Captive Solar & Rooftop PV (SEBI Rank #666),Targeting >51% clean electricity mix
Eureka Forbes,EUREKAFORB,Small Cap,Diversified & Manufacturing,Diversified Conglomerates,423.75,2.0,39.0,61.0,108.0,205.0,312.0,1.6,27.0,2.4,8.9,3.7,5.2,12.5,Group Captive Solar & Rooftop PV (SEBI Rank #667),Targeting >52% clean electricity mix
Indus Inf. Trust,INDUSINVIT,Small Cap,Diversified & Manufacturing,Diversified Conglomerates,133.94,3.0,41.0,64.0,112.0,210.0,318.0,1.6,28.0,2.4,8.9,3.7,5.2,12.5,Group Captive Solar & Rooftop PV (SEBI Rank #668),Targeting >53% clean electricity mix
Karamtara Engg.,id,Small Cap,Diversified & Manufacturing,Diversified Conglomerates,0.0,5.0,45.0,70.0,120.0,220.0,330.0,1.6,30.0,2.4,8.9,3.7,5.2,12.5,Group Captive Solar & Rooftop PV (SEBI Rank #670),Targeting >55% clean electricity mix
Orkla India,ORKLAINDIA,Small Cap,Diversified & Manufacturing,Diversified Conglomerates,594.15,7.0,49.0,76.0,128.0,230.0,342.0,1.6,32.0,2.4,8.9,3.7,5.2,12.5,Group Captive Solar & Rooftop PV (SEBI Rank #672),Targeting >57% clean electricity mix
Medplus Health,MEDPLUS,Small Cap,Diversified & Manufacturing,Diversified Conglomerates,676.35,8.0,51.0,79.0,132.0,235.0,348.0,1.6,33.0,2.4,8.9,3.7,5.2,12.5,Group Captive Solar & Rooftop PV (SEBI Rank #673),Targeting >58% clean electricity mix
Birlasoft Ltd,BSOFT,Small Cap,Diversified & Manufacturing,Diversified Conglomerates,289.35,9.0,53.0,82.0,136.0,240.0,354.0,1.6,34.0,2.4,8.9,3.7,5.2,12.5,Group Captive Solar & Rooftop PV (SEBI Rank #674),Targeting >59% clean electricity mix
Kingfa Science,KINGFA,Small Cap,Diversified & Manufacturing,Diversified Conglomerates,5932.5,10.0,10.0,40.0,95.0,200.0,315.0,1.6,10.0,2.4,8.9,3.7,5.2,12.5,Group Captive Solar & Rooftop PV (SEBI Rank #675),Targeting >35% clean electricity mix
Embassy Develop,EMBDL,Small Cap,Diversified & Manufacturing,Diversified Conglomerates,57.53,11.0,12.0,43.0,99.0,205.0,321.0,1.6,11.0,2.4,8.9,3.7,5.2,12.5,Group Captive Solar & Rooftop PV (SEBI Rank #676),Targeting >36% clean electricity mix
Entero Healthcar,ENTERO,Small Cap,Diversified & Manufacturing,Diversified Conglomerates,1827.6,13.0,16.0,49.0,107.0,215.0,333.0,1.6,13.0,2.4,8.9,3.7,5.2,12.5,Group Captive Solar & Rooftop PV (SEBI Rank #678),Targeting >38% clean electricity mix
EPL Ltd,EPL,Small Cap,Diversified & Manufacturing,Diversified Conglomerates,247.1,14.0,18.0,52.0,111.0,220.0,339.0,1.6,14.0,2.4,8.9,3.7,5.2,12.5,Group Captive Solar & Rooftop PV (SEBI Rank #679),Targeting >39% clean electricity mix
V2 Retail,V2RETAIL,Small Cap,Diversified & Manufacturing,Diversified Conglomerates,216.5,16.0,22.0,58.0,119.0,230.0,351.0,1.6,16.0,2.4,8.9,3.7,5.2,12.5,Group Captive Solar & Rooftop PV (SEBI Rank #681),Targeting >41% clean electricity mix
Mishra Dhatu Nig,MIDHANI,Small Cap,Diversified & Manufacturing,Diversified Conglomerates,418.8,18.0,26.0,64.0,127.0,240.0,363.0,1.6,18.0,2.4,8.9,3.7,5.2,12.5,Group Captive Solar & Rooftop PV (SEBI Rank #683),Targeting >43% clean electricity mix
Mrugesh Trading,512065,Small Cap,Diversified & Manufacturing,Diversified Conglomerates,108.55,19.0,28.0,67.0,131.0,245.0,369.0,1.6,19.0,2.4,8.9,3.7,5.2,12.5,Group Captive Solar & Rooftop PV (SEBI Rank #684),Targeting >44% clean electricity mix
Guj Pipavav Port,GPPL,Small Cap,Diversified & Manufacturing,Diversified Conglomerates,161.62,22.0,34.0,76.0,143.0,260.0,387.0,1.6,22.0,2.4,8.9,3.7,5.2,12.5,Group Captive Solar & Rooftop PV (SEBI Rank #687),Targeting >47% clean electricity mix
Aditya Vision,AVL,Small Cap,Diversified & Manufacturing,Diversified Conglomerates,600.05,24.0,38.0,82.0,151.0,270.0,399.0,1.5,24.0,2.2,8.9,3.7,5.2,11.4,Group Captive Solar & Rooftop PV (SEBI Rank #689),Targeting >49% clean electricity mix
Mahindra Life.,MAHLIFE,Small Cap,Diversified & Manufacturing,Diversified Conglomerates,362.4,25.0,40.0,85.0,155.0,275.0,405.0,1.5,25.0,2.2,8.9,3.7,5.2,11.4,Group Captive Solar & Rooftop PV (SEBI Rank #690),Targeting >50% clean electricity mix
Cello World,CELLO,Small Cap,Diversified & Manufacturing,Diversified Conglomerates,342.0,26.0,42.0,88.0,159.0,280.0,411.0,1.5,26.0,2.2,8.9,3.7,5.2,11.4,Group Captive Solar & Rooftop PV (SEBI Rank #691),Targeting >51% clean electricity mix
Knowledge Marine,KMEW,Small Cap,Diversified & Manufacturing,Diversified Conglomerates,3033.4,29.0,48.0,97.0,171.0,295.0,429.0,1.5,29.0,2.2,8.9,3.7,5.2,11.4,Group Captive Solar & Rooftop PV (SEBI Rank #694),Targeting >54% clean electricity mix
SKF India,SKFINDIA,Small Cap,Diversified & Manufacturing,Diversified Conglomerates,1553.2,31.0,52.0,103.0,179.0,305.0,441.0,1.5,31.0,2.2,8.9,3.7,5.2,11.4,Group Captive Solar & Rooftop PV (SEBI Rank #696),Targeting >56% clean electricity mix
Galaxy Surfact.,GALAXYSURF,Small Cap,Diversified & Manufacturing,Diversified Conglomerates,2165.0,32.0,54.0,106.0,183.0,310.0,447.0,1.5,32.0,2.2,8.9,3.7,5.2,11.4,Group Captive Solar & Rooftop PV (SEBI Rank #697),Targeting >57% clean electricity mix
RHI Magnesita,RHIM,Small Cap,Diversified & Manufacturing,Diversified Conglomerates,371.35,33.0,56.0,109.0,187.0,315.0,453.0,1.5,33.0,2.2,8.9,3.7,5.2,11.4,Group Captive Solar & Rooftop PV (SEBI Rank #698),Targeting >58% clean electricity mix
Unimech Aero.,UNIMECH,Small Cap,Diversified & Manufacturing,Diversified Conglomerates,1502.7,34.0,58.0,112.0,191.0,320.0,459.0,1.5,34.0,2.2,8.9,3.7,5.2,11.4,Group Captive Solar & Rooftop PV (SEBI Rank #699),Targeting >59% clean electricity mix
Kirl. Ferrous,KIRLFER,Small Cap,Diversified & Manufacturing,Diversified Conglomerates,459.6,35.0,60.0,115.0,195.0,325.0,465.0,1.5,10.0,2.2,8.9,3.7,5.2,11.4,Group Captive Solar & Rooftop PV (SEBI Rank #700),Targeting >35% clean electricity mix
Safari Inds.,SAFARI,Small Cap,Diversified & Manufacturing,Diversified Conglomerates,1540.4,36.0,62.0,118.0,199.0,330.0,471.0,1.5,11.0,2.2,8.9,3.7,5.2,11.4,Group Captive Solar & Rooftop PV (SEBI Rank #701),Targeting >36% clean electricity mix
Kama Holdings,KAMAHOLD,Small Cap,Diversified & Manufacturing,Diversified Conglomerates,2348.2,37.0,64.0,121.0,203.0,335.0,477.0,1.5,12.0,2.2,8.9,3.7,5.2,11.4,Group Captive Solar & Rooftop PV (SEBI Rank #702),Targeting >37% clean electricity mix
Waterways Leisur,CORDELIA,Small Cap,Diversified & Manufacturing,Diversified Conglomerates,103.9,38.0,66.0,124.0,207.0,340.0,483.0,1.5,13.0,2.2,8.9,3.7,5.2,11.4,Group Captive Solar & Rooftop PV (SEBI Rank #703),Targeting >38% clean electricity mix
Ethos,ETHOSLTD,Small Cap,Diversified & Manufacturing,Diversified Conglomerates,2792.8,40.0,70.0,130.0,215.0,350.0,495.0,1.5,15.0,2.2,8.9,3.7,5.2,11.4,Group Captive Solar & Rooftop PV (SEBI Rank #705),Targeting >40% clean electricity mix
Hindustan Foods,HNDFDS,Small Cap,Diversified & Manufacturing,Diversified Conglomerates,615.05,42.0,74.0,136.0,223.0,360.0,507.0,1.5,17.0,2.2,8.9,3.7,5.2,11.4,Group Captive Solar & Rooftop PV (SEBI Rank #707),Targeting >42% clean electricity mix
GMR Urban,GMRP&UI,Small Cap,Diversified & Manufacturing,Diversified Conglomerates,95.3,43.0,76.0,139.0,227.0,365.0,513.0,1.5,18.0,2.2,8.9,3.7,5.2,11.4,Group Captive Solar & Rooftop PV (SEBI Rank #708),Targeting >43% clean electricity mix
SJS Enterprises,SJS,Small Cap,Diversified & Manufacturing,Diversified Conglomerates,2306.1,44.0,78.0,142.0,231.0,370.0,519.0,1.5,19.0,2.2,8.9,3.7,5.2,11.4,Group Captive Solar & Rooftop PV (SEBI Rank #709),Targeting >44% clean electricity mix
NESCO,NESCO,Small Cap,Diversified & Manufacturing,Diversified Conglomerates,1047.6,46.0,82.0,148.0,239.0,380.0,531.0,1.5,21.0,2.2,8.9,3.7,5.2,11.4,Group Captive Solar & Rooftop PV (SEBI Rank #711),Targeting >46% clean electricity mix
INDIA SHELTE FIN,INDIASHLTR,Small Cap,Diversified & Manufacturing,Diversified Conglomerates,677.1,47.0,84.0,151.0,243.0,385.0,537.0,1.5,22.0,2.2,8.9,3.7,5.2,11.4,Group Captive Solar & Rooftop PV (SEBI Rank #712),Targeting >47% clean electricity mix
Tata Tele. Mah.,TTML,Small Cap,Diversified & Manufacturing,Diversified Conglomerates,37.74,48.0,86.0,154.0,247.0,390.0,543.0,1.5,23.0,2.2,8.9,3.7,5.2,11.4,Group Captive Solar & Rooftop PV (SEBI Rank #713),Targeting >48% clean electricity mix
KSH Internationa,KSHINTL,Small Cap,Diversified & Manufacturing,Diversified Conglomerates,1087.8,49.0,88.0,157.0,251.0,395.0,549.0,1.5,24.0,2.2,8.9,3.7,5.2,11.4,Group Captive Solar & Rooftop PV (SEBI Rank #714),Targeting >49% clean electricity mix
JK Paper,JKPAPER,Small Cap,Diversified & Manufacturing,Diversified Conglomerates,405.8,-15.0,25.0,95.0,190.0,335.0,490.0,1.5,25.0,2.2,8.9,3.7,5.2,11.4,Group Captive Solar & Rooftop PV (SEBI Rank #715),Targeting >50% clean electricity mix
Le Travenues,IXIGO,Small Cap,Diversified & Manufacturing,Diversified Conglomerates,166.75,-14.0,27.0,98.0,194.0,340.0,496.0,1.5,26.0,2.2,8.9,3.7,5.2,11.4,Group Captive Solar & Rooftop PV (SEBI Rank #716),Targeting >51% clean electricity mix
Sapphire Foods,SAPPHIRE,Small Cap,Diversified & Manufacturing,Diversified Conglomerates,228.43,-12.0,31.0,104.0,202.0,350.0,508.0,1.5,28.0,2.2,8.9,3.7,5.2,11.4,Group Captive Solar & Rooftop PV (SEBI Rank #718),Targeting >53% clean electricity mix
RaajMarg Infra,RIIT,Small Cap,Diversified & Manufacturing,Diversified Conglomerates,121.57,-11.0,33.0,107.0,206.0,355.0,514.0,1.5,29.0,2.2,8.9,3.7,5.2,11.4,Group Captive Solar & Rooftop PV (SEBI Rank #719),Targeting >54% clean electricity mix
M B Agro Prod.,MBAPL,Small Cap,Diversified & Manufacturing,Diversified Conglomerates,166.12,-8.0,-6.0,11.0,33.0,65.0,227.0,1.5,32.0,2.2,8.9,3.7,5.2,11.4,Group Captive Solar & Rooftop PV (SEBI Rank #722),Targeting >57% clean electricity mix
Sanofi India,SANOFI,Small Cap,Diversified & Manufacturing,Diversified Conglomerates,3158.2,-7.0,-4.0,14.0,37.0,70.0,233.0,1.5,33.0,2.2,8.9,3.7,5.2,11.4,Group Captive Solar & Rooftop PV (SEBI Rank #723),Targeting >58% clean electricity mix
Rain Industries,RAIN,Small Cap,Diversified & Manufacturing,Diversified Conglomerates,215.72,-6.0,-2.0,17.0,41.0,75.0,239.0,1.5,34.0,2.2,8.9,3.7,5.2,11.4,Group Captive Solar & Rooftop PV (SEBI Rank #724),Targeting >59% clean electricity mix
Borosil Renewables Ltd,BORORENEW,Small Cap,Power Utilities & Cleantech,Captive Solar PV + Solar Glass production,499.15,-12.9,1.5,16.4,-14.3,61.8,584.2,10.0,30.0,24.0,8.2,3.6,4.6,11.0,Captive Solar PV + Solar Glass production,50% RE by 2030
Ola Electric Mobility Ltd,OLAELEC,Mid Cap,Automotive & 2W/3W,Pure-Play EV 2W,38.2,-32.9,-61.6,-61.6,-61.6,-61.6,-61.6,8.5,35.0,24.0,8.4,3.8,4.6,11.0,Solar PV + 20 GWh Battery Energy Storage System (BESS),Futurefactory Carbon Neutrality by 2028
Bengal & Assam,BENGALASM,Small Cap,Diversified & Manufacturing,Diversified Conglomerates,6332.5,-4.0,2.0,23.0,49.0,85.0,251.0,1.4,11.0,2.1,8.9,3.7,5.2,10.9,Group Captive Solar & Rooftop PV (SEBI Rank #726),Targeting >36% clean electricity mix
Aeroflex,AEROFLEX,Small Cap,Diversified & Manufacturing,Diversified Conglomerates,537.45,-2.0,6.0,29.0,57.0,95.0,263.0,1.4,13.0,2.1,8.9,3.7,5.2,10.9,Group Captive Solar & Rooftop PV (SEBI Rank #728),Targeting >38% clean electricity mix
DCB Bank,DCBBANK,Small Cap,Banking & Financial Services,BFSI,220.74,-1.0,8.0,32.0,61.0,100.0,269.0,1.4,14.0,2.1,8.9,3.7,5.2,10.9,Group Captive Solar & Rooftop PV (SEBI Rank #729),Targeting >39% clean electricity mix
Citius Transnet,CITIUSINVT,Small Cap,Diversified & Manufacturing,Diversified Conglomerates,116.37,0.0,10.0,35.0,65.0,105.0,275.0,1.4,15.0,2.1,8.9,3.7,5.2,10.9,Group Captive Solar & Rooftop PV (SEBI Rank #730),Targeting >40% clean electricity mix
Sheela Foam,SFL,Small Cap,Diversified & Manufacturing,Diversified Conglomerates,646.8,1.0,12.0,38.0,69.0,110.0,281.0,1.4,16.0,2.1,8.9,3.7,5.2,10.9,Group Captive Solar & Rooftop PV (SEBI Rank #731),Targeting >41% clean electricity mix
Nephrocare Health Services,NEPHROPLUS,Small Cap,Diversified & Manufacturing,Diversified Conglomerates,697.05,3.0,16.0,44.0,77.0,120.0,293.0,1.4,18.0,2.1,8.9,3.7,5.2,10.9,Group Captive Solar & Rooftop PV (SEBI Rank #733),Targeting >43% clean electricity mix
Mrs Bectors,BECTORFOOD,Small Cap,Diversified & Manufacturing,Diversified Conglomerates,225.96,6.0,22.0,53.0,89.0,135.0,311.0,1.4,21.0,2.1,8.9,3.7,5.2,10.9,Group Captive Solar & Rooftop PV (SEBI Rank #736),Targeting >46% clean electricity mix
Restaurant Brand,RBA,Small Cap,Diversified & Manufacturing,Diversified Conglomerates,97.15,9.0,28.0,62.0,101.0,150.0,329.0,1.4,24.0,2.1,8.9,3.7,5.2,10.9,Group Captive Solar & Rooftop PV (SEBI Rank #739),Targeting >49% clean electricity mix
Tanla Platforms,TANLA,Small Cap,Diversified & Manufacturing,Diversified Conglomerates,521.15,10.0,30.0,65.0,105.0,155.0,335.0,1.4,25.0,2.1,8.9,3.7,5.2,10.9,Group Captive Solar & Rooftop PV (SEBI Rank #740),Targeting >50% clean electricity mix
Supriya Lifesci.,SUPRIYA,Small Cap,Diversified & Manufacturing,Diversified Conglomerates,852.85,11.0,32.0,68.0,109.0,160.0,341.0,1.4,26.0,2.1,8.9,3.7,5.2,10.9,Group Captive Solar & Rooftop PV (SEBI Rank #741),Targeting >51% clean electricity mix
GNG Electronics,EBGNG,Small Cap,Diversified & Manufacturing,Diversified Conglomerates,601.25,12.0,34.0,71.0,113.0,165.0,347.0,1.4,27.0,2.1,8.9,3.7,5.2,10.9,Group Captive Solar & Rooftop PV (SEBI Rank #742),Targeting >52% clean electricity mix
Tanfac Inds.,506854,Small Cap,Diversified & Manufacturing,Diversified Conglomerates,3231.6,13.0,36.0,74.0,117.0,170.0,353.0,1.4,28.0,2.1,8.9,3.7,5.2,10.9,Group Captive Solar & Rooftop PV (SEBI Rank #743),Targeting >53% clean electricity mix
Campus Activewe.,CAMPUS,Small Cap,Diversified & Manufacturing,Diversified Conglomerates,223.24,15.0,40.0,80.0,125.0,180.0,365.0,1.4,30.0,2.1,8.9,3.7,5.2,10.9,Group Captive Solar & Rooftop PV (SEBI Rank #745),Targeting >55% clean electricity mix
Gokul Agro,GOKULAGRO,Small Cap,Diversified & Manufacturing,Diversified Conglomerates,231.17,16.0,42.0,83.0,129.0,185.0,371.0,1.4,31.0,2.1,8.9,3.7,5.2,10.9,Group Captive Solar & Rooftop PV (SEBI Rank #746),Targeting >56% clean electricity mix
Cyient DLM,CYIENTDLM,Small Cap,Diversified & Manufacturing,Diversified Conglomerates,856.95,17.0,44.0,86.0,133.0,190.0,377.0,1.4,32.0,2.1,8.9,3.7,5.2,10.9,Group Captive Solar & Rooftop PV (SEBI Rank #747),Targeting >57% clean electricity mix
Timex Group,TIMEX,Small Cap,Diversified & Manufacturing,Diversified Conglomerates,669.85,18.0,46.0,89.0,137.0,195.0,383.0,1.4,33.0,2.1,8.9,3.7,5.2,10.9,Group Captive Solar & Rooftop PV (SEBI Rank #748),Targeting >58% clean electricity mix
Bajaj Consumer,BAJAJCON,Small Cap,Diversified & Manufacturing,Diversified Conglomerates,517.55,19.0,48.0,92.0,141.0,200.0,389.0,1.4,34.0,2.1,8.9,3.7,5.2,10.9,Group Captive Solar & Rooftop PV (SEBI Rank #749),Targeting >59% clean electricity mix
Paisalo Digital,PAISALO,Small Cap,Diversified & Manufacturing,Diversified Conglomerates,74.1,20.0,50.0,95.0,145.0,205.0,245.0,1.3,10.0,2.0,8.9,3.7,5.2,10.4,Group Captive Solar & Rooftop PV (SEBI Rank #750),Targeting >35% clean electricity mix
Innova Captab,INNOVACAP,Small Cap,Diversified & Manufacturing,Diversified Conglomerates,1175.4,21.0,52.0,98.0,149.0,210.0,251.0,1.3,11.0,2.0,8.9,3.7,5.2,10.4,Group Captive Solar & Rooftop PV (SEBI Rank #751),Targeting >36% clean electricity mix
Electronics Mart,EMIL,Small Cap,Diversified & Manufacturing,Diversified Conglomerates,173.74,22.0,54.0,101.0,153.0,215.0,257.0,1.3,12.0,2.0,8.9,3.7,5.2,10.4,Group Captive Solar & Rooftop PV (SEBI Rank #752),Targeting >37% clean electricity mix
Skipper,SKIPPER,Small Cap,Diversified & Manufacturing,Diversified Conglomerates,591.1,23.0,56.0,104.0,157.0,220.0,263.0,1.3,13.0,2.0,8.9,3.7,5.2,10.4,Group Captive Solar & Rooftop PV (SEBI Rank #753),Targeting >38% clean electricity mix
Transport Corp.,TCI,Small Cap,Diversified & Manufacturing,Diversified Conglomerates,868.2,24.0,58.0,107.0,161.0,225.0,269.0,1.3,14.0,2.0,8.9,3.7,5.2,10.4,Group Captive Solar & Rooftop PV (SEBI Rank #754),Targeting >39% clean electricity mix
Ajax Engineering,AJAXENGG,Small Cap,Diversified & Manufacturing,Diversified Conglomerates,582.45,25.0,60.0,110.0,165.0,230.0,275.0,1.3,15.0,2.0,8.9,3.7,5.2,10.4,Group Captive Solar & Rooftop PV (SEBI Rank #755),Targeting >40% clean electricity mix
Redtape,REDTAPE,Small Cap,Diversified & Manufacturing,Diversified Conglomerates,120.43,26.0,62.0,113.0,169.0,235.0,281.0,1.3,16.0,2.0,8.9,3.7,5.2,10.4,Group Captive Solar & Rooftop PV (SEBI Rank #756),Targeting >41% clean electricity mix
NDR INVIT Trust,NDRINVIT,Small Cap,Diversified & Manufacturing,Diversified Conglomerates,145.0,28.0,66.0,119.0,177.0,245.0,293.0,1.3,18.0,2.0,8.9,3.7,5.2,10.4,Group Captive Solar & Rooftop PV (SEBI Rank #758),Targeting >43% clean electricity mix
Tour. Fin. Corp.,TFCILTD,Small Cap,Diversified & Manufacturing,Diversified Conglomerates,143.26,29.0,68.0,122.0,181.0,250.0,299.0,1.3,19.0,2.0,8.9,3.7,5.2,10.4,Group Captive Solar & Rooftop PV (SEBI Rank #759),Targeting >44% clean electricity mix
Kovai Medical,KOVAI,Small Cap,Diversified & Manufacturing,Diversified Conglomerates,6062.5,30.0,70.0,125.0,185.0,255.0,305.0,1.3,20.0,2.0,8.9,3.7,5.2,10.4,Group Captive Solar & Rooftop PV (SEBI Rank #760),Targeting >45% clean electricity mix
Leap India,LEAPIND,Small Cap,Diversified & Manufacturing,Diversified Conglomerates,150.26,31.0,72.0,128.0,189.0,260.0,311.0,1.3,21.0,2.0,8.9,3.7,5.2,10.4,Group Captive Solar & Rooftop PV (SEBI Rank #761),Targeting >46% clean electricity mix
Suprajit Engg.,SUPRAJIT,Small Cap,Diversified & Manufacturing,Diversified Conglomerates,479.45,33.0,76.0,134.0,197.0,270.0,323.0,1.3,23.0,2.0,8.9,3.7,5.2,10.4,Group Captive Solar & Rooftop PV (SEBI Rank #763),Targeting >48% clean electricity mix
V-Mart Retail,VMART,Small Cap,Diversified & Manufacturing,Diversified Conglomerates,824.2,34.0,78.0,137.0,201.0,275.0,329.0,1.3,24.0,2.0,8.9,3.7,5.2,10.4,Group Captive Solar & Rooftop PV (SEBI Rank #764),Targeting >49% clean electricity mix
Dilip Buildcon,DBL,Small Cap,Diversified & Manufacturing,Diversified Conglomerates,401.0,35.0,35.0,95.0,160.0,235.0,290.0,1.3,25.0,2.0,8.9,3.7,5.2,10.4,Group Captive Solar & Rooftop PV (SEBI Rank #765),Targeting >50% clean electricity mix
G S F C,GSFC,Small Cap,Diversified & Manufacturing,Diversified Conglomerates,162.88,37.0,39.0,101.0,168.0,245.0,302.0,1.3,27.0,2.0,8.9,3.7,5.2,10.4,Group Captive Solar & Rooftop PV (SEBI Rank #767),Targeting >52% clean electricity mix
SPARC,SPARC,Small Cap,Diversified & Manufacturing,Diversified Conglomerates,199.47,38.0,41.0,104.0,172.0,250.0,308.0,1.3,28.0,2.0,8.9,3.7,5.2,10.4,Group Captive Solar & Rooftop PV (SEBI Rank #768),Targeting >53% clean electricity mix
Aditya Bir. Fas.,ABFRL,Small Cap,Diversified & Manufacturing,Diversified Conglomerates,52.97,39.0,43.0,107.0,176.0,255.0,314.0,1.3,29.0,2.0,8.9,3.7,5.2,10.4,Group Captive Solar & Rooftop PV (SEBI Rank #769),Targeting >54% clean electricity mix
Dodla Dairy,DODLA,Small Cap,Diversified & Manufacturing,Diversified Conglomerates,1066.8,41.0,47.0,113.0,184.0,265.0,326.0,1.3,31.0,2.0,8.9,3.7,5.2,10.4,Group Captive Solar & Rooftop PV (SEBI Rank #771),Targeting >56% clean electricity mix
Jeena Sikho,JSLL,Small Cap,Diversified & Manufacturing,Diversified Conglomerates,516.3,42.0,49.0,116.0,188.0,270.0,332.0,1.3,32.0,2.0,8.9,3.7,5.2,10.4,Group Captive Solar & Rooftop PV (SEBI Rank #772),Targeting >57% clean electricity mix
JK Lakshmi Cem.,JKLAKSHMI,Small Cap,Diversified & Manufacturing,Diversified Conglomerates,515.7,43.0,51.0,119.0,192.0,275.0,338.0,1.3,33.0,2.0,8.9,3.7,5.2,10.4,Group Captive Solar & Rooftop PV (SEBI Rank #773),Targeting >58% clean electricity mix
R C F,RCF,Small Cap,Diversified & Manufacturing,Diversified Conglomerates,114.92,45.0,55.0,125.0,200.0,285.0,350.0,1.3,10.0,2.0,8.9,3.7,5.2,10.4,Group Captive Solar & Rooftop PV (SEBI Rank #775),Targeting >35% clean electricity mix
Ganesh Housing,GANESHHOU,Small Cap,Diversified & Manufacturing,Diversified Conglomerates,758.95,46.0,57.0,128.0,204.0,290.0,356.0,1.3,11.0,2.0,8.9,3.7,5.2,10.4,Group Captive Solar & Rooftop PV (SEBI Rank #776),Targeting >36% clean electricity mix
Ceigall India,CEIGALL,Small Cap,Diversified & Manufacturing,Diversified Conglomerates,355.8,-15.0,0.0,15.0,95.0,185.0,255.0,1.2,15.0,1.8,8.9,3.7,5.2,9.4,Group Captive Solar & Rooftop PV (SEBI Rank #780),Targeting >40% clean electricity mix
Smartworks Cowor,SMARTWORKS,Small Cap,Diversified & Manufacturing,Diversified Conglomerates,541.5,-13.0,4.0,21.0,103.0,195.0,267.0,1.2,17.0,1.8,8.9,3.7,5.2,9.4,Group Captive Solar & Rooftop PV (SEBI Rank #782),Targeting >42% clean electricity mix
Praj Industries,PRAJIND,Small Cap,Diversified & Manufacturing,Diversified Conglomerates,335.55,-11.0,8.0,27.0,111.0,205.0,279.0,1.2,19.0,1.8,8.9,3.7,5.2,9.4,Group Captive Solar & Rooftop PV (SEBI Rank #784),Targeting >44% clean electricity mix
Lohia Corp,LCL,Small Cap,Diversified & Manufacturing,Diversified Conglomerates,581.5,-10.0,10.0,30.0,115.0,210.0,285.0,1.2,20.0,1.8,8.9,3.7,5.2,9.4,Group Captive Solar & Rooftop PV (SEBI Rank #785),Targeting >45% clean electricity mix
Shrem InvIT,SHREMINVIT,Small Cap,Diversified & Manufacturing,Diversified Conglomerates,100.5,-9.0,12.0,33.0,119.0,215.0,291.0,1.2,21.0,1.8,8.9,3.7,5.2,9.4,Group Captive Solar & Rooftop PV (SEBI Rank #786),Targeting >46% clean electricity mix
SIS,SIS,Small Cap,Diversified & Manufacturing,Diversified Conglomerates,430.95,-7.0,16.0,39.0,127.0,225.0,303.0,1.2,23.0,1.8,8.9,3.7,5.2,9.4,Group Captive Solar & Rooftop PV (SEBI Rank #788),Targeting >48% clean electricity mix
Triven.Engg.Ind.,TRIVENI,Small Cap,Diversified & Manufacturing,Diversified Conglomerates,275.65,-6.0,18.0,42.0,131.0,230.0,309.0,1.2,24.0,1.8,8.9,3.7,5.2,9.4,Group Captive Solar & Rooftop PV (SEBI Rank #789),Targeting >49% clean electricity mix
Piccadily Agro,PICCADIL,Small Cap,Diversified & Manufacturing,Diversified Conglomerates,615.75,-5.0,20.0,45.0,135.0,235.0,315.0,1.2,25.0,1.8,8.9,3.7,5.2,9.4,Group Captive Solar & Rooftop PV (SEBI Rank #790),Targeting >50% clean electricity mix
Fedbank Financi.,FEDFINA,Small Cap,Banking & Financial Services,BFSI,161.56,-3.0,24.0,51.0,143.0,245.0,327.0,1.2,27.0,1.8,8.9,3.7,5.2,9.4,Group Captive Solar & Rooftop PV (SEBI Rank #792),Targeting >52% clean electricity mix
Marine Electric.,MARINE,Small Cap,Diversified & Manufacturing,Diversified Conglomerates,432.15,-2.0,26.0,54.0,147.0,250.0,333.0,1.2,28.0,1.8,8.9,3.7,5.2,9.4,Group Captive Solar & Rooftop PV (SEBI Rank #793),Targeting >53% clean electricity mix
Hind.Construct.,HCC,Small Cap,Diversified & Manufacturing,Diversified Conglomerates,22.98,-1.0,28.0,57.0,151.0,255.0,339.0,1.2,29.0,1.8,8.9,3.7,5.2,9.4,Group Captive Solar & Rooftop PV (SEBI Rank #794),Targeting >54% clean electricity mix
ION Exchange,IONEXCHANG,Small Cap,Diversified & Manufacturing,Diversified Conglomerates,409.2,0.0,30.0,60.0,155.0,260.0,345.0,1.2,30.0,1.8,8.9,3.7,5.2,9.4,Group Captive Solar & Rooftop PV (SEBI Rank #795),Targeting >55% clean electricity mix
Kusumgar,KUSUMGAR,Small Cap,Diversified & Manufacturing,Diversified Conglomerates,571.2,2.0,34.0,66.0,163.0,270.0,357.0,1.2,32.0,1.8,8.9,3.7,5.2,9.4,Group Captive Solar & Rooftop PV (SEBI Rank #797),Targeting >57% clean electricity mix
Indiabulls,IBULLSLTD,Small Cap,Diversified & Manufacturing,Diversified Conglomerates,25.67,3.0,36.0,69.0,167.0,275.0,363.0,1.2,33.0,1.8,8.9,3.7,5.2,9.4,Group Captive Solar & Rooftop PV (SEBI Rank #798),Targeting >58% clean electricity mix
Man Industries,MANINDS,Small Cap,Diversified & Manufacturing,Diversified Conglomerates,788.55,5.0,40.0,75.0,95.0,205.0,295.0,1.2,10.0,1.8,8.9,3.7,5.2,9.4,Group Captive Solar & Rooftop PV (SEBI Rank #800),Targeting >35% clean electricity mix
Just Dial,JUSTDIAL,Small Cap,Diversified & Manufacturing,Diversified Conglomerates,692.85,6.0,42.0,78.0,99.0,210.0,301.0,1.2,11.0,1.8,8.9,3.7,5.2,9.4,Group Captive Solar & Rooftop PV (SEBI Rank #801),Targeting >36% clean electricity mix
Senco Gold,SENCO,Small Cap,Diversified & Manufacturing,Diversified Conglomerates,358.65,7.0,44.0,81.0,103.0,215.0,307.0,1.2,12.0,1.8,8.9,3.7,5.2,9.4,Group Captive Solar & Rooftop PV (SEBI Rank #802),Targeting >37% clean electricity mix
Shakti Pumps,SHAKTIPUMP,Small Cap,Diversified & Manufacturing,Diversified Conglomerates,473.0,10.0,50.0,90.0,115.0,230.0,325.0,1.2,15.0,1.8,8.9,3.7,5.2,9.4,Group Captive Solar & Rooftop PV (SEBI Rank #805),Targeting >40% clean electricity mix
ISGEC Heavy,ISGEC,Small Cap,Diversified & Manufacturing,Diversified Conglomerates,787.35,11.0,52.0,93.0,119.0,235.0,331.0,1.2,16.0,1.8,8.9,3.7,5.2,9.4,Group Captive Solar & Rooftop PV (SEBI Rank #806),Targeting >41% clean electricity mix
Transrail Light,TRANSRAILL,Small Cap,Diversified & Manufacturing,Diversified Conglomerates,429.3,15.0,15.0,60.0,90.0,210.0,310.0,1.2,20.0,1.8,8.9,3.7,5.2,9.4,Group Captive Solar & Rooftop PV (SEBI Rank #810),Targeting >45% clean electricity mix
TVS Supply,TVSSCS,Small Cap,Diversified & Manufacturing,Diversified Conglomerates,130.41,16.0,17.0,63.0,94.0,215.0,316.0,1.2,21.0,1.8,8.9,3.7,5.2,9.4,Group Captive Solar & Rooftop PV (SEBI Rank #811),Targeting >46% clean electricity mix
Lumax Auto Tech Ltd,LUMAXTECH,Small Cap,Automotive & Ancillary,Rooftop Solar installations,1951.9,56.4,247.6,440.0,596.9,1295.7,1894.6,8.0,26.0,18.0,8.8,3.8,5.0,9.0,Rooftop Solar installations,40% RE by 2030
Stylam Industrie,STYLAMIND,Small Cap,Diversified & Manufacturing,Diversified Conglomerates,3387.4,17.0,19.0,66.0,98.0,220.0,322.0,1.1,22.0,1.7,8.9,3.7,5.2,8.8,Group Captive Solar & Rooftop PV (SEBI Rank #812),Targeting >47% clean electricity mix
Kalpat.,KALPATARU,Small Cap,Diversified & Manufacturing,Diversified Conglomerates,277.65,18.0,21.0,69.0,102.0,225.0,328.0,1.1,23.0,1.7,8.9,3.7,5.2,8.8,Group Captive Solar & Rooftop PV (SEBI Rank #813),Targeting >48% clean electricity mix
CSB Bank,CSBBANK,Small Cap,Banking & Financial Services,BFSI,328.55,20.0,25.0,75.0,110.0,235.0,340.0,1.1,25.0,1.7,8.9,3.7,5.2,8.8,Group Captive Solar & Rooftop PV (SEBI Rank #815),Targeting >50% clean electricity mix
Krishana Phosch.,KRISHANA,Small Cap,Diversified & Manufacturing,Diversified Conglomerates,184.13,21.0,27.0,78.0,114.0,240.0,346.0,1.1,26.0,1.7,8.9,3.7,5.2,8.8,Group Captive Solar & Rooftop PV (SEBI Rank #816),Targeting >51% clean electricity mix
Indigo Paints,INDIGOPNTS,Small Cap,Diversified & Manufacturing,Diversified Conglomerates,1185.8,23.0,31.0,84.0,122.0,250.0,358.0,1.1,28.0,1.7,8.9,3.7,5.2,8.8,Group Captive Solar & Rooftop PV (SEBI Rank #818),Targeting >53% clean electricity mix
Jana Small Finan,JSFB,Small Cap,Diversified & Manufacturing,Diversified Conglomerates,535.1,24.0,33.0,87.0,126.0,255.0,364.0,1.1,29.0,1.7,8.9,3.7,5.2,8.8,Group Captive Solar & Rooftop PV (SEBI Rank #819),Targeting >54% clean electricity mix
Prism Johnson,PRSMJOHNSN,Small Cap,Diversified & Manufacturing,Diversified Conglomerates,111.12,25.0,35.0,90.0,130.0,260.0,370.0,1.1,30.0,1.7,8.9,3.7,5.2,8.8,Group Captive Solar & Rooftop PV (SEBI Rank #820),Targeting >55% clean electricity mix
Nirlon,NIRLON,Small Cap,Diversified & Manufacturing,Diversified Conglomerates,620.0,26.0,37.0,93.0,134.0,265.0,376.0,1.1,31.0,1.7,8.9,3.7,5.2,8.8,Group Captive Solar & Rooftop PV (SEBI Rank #821),Targeting >56% clean electricity mix
FDC,FDC,Small Cap,Diversified & Manufacturing,Diversified Conglomerates,342.8,27.0,39.0,96.0,138.0,270.0,382.0,1.1,32.0,1.7,8.9,3.7,5.2,8.8,Group Captive Solar & Rooftop PV (SEBI Rank #822),Targeting >57% clean electricity mix
Valor Estate,DBREALTY,Small Cap,Diversified & Manufacturing,Diversified Conglomerates,102.57,28.0,41.0,99.0,142.0,275.0,388.0,1.1,33.0,1.7,8.9,3.7,5.2,8.8,Group Captive Solar & Rooftop PV (SEBI Rank #823),Targeting >58% clean electricity mix
Centum Electron,CENTUM,Small Cap,Diversified & Manufacturing,Diversified Conglomerates,3767.3,29.0,43.0,102.0,146.0,280.0,394.0,1.1,34.0,1.7,8.9,3.7,5.2,8.8,Group Captive Solar & Rooftop PV (SEBI Rank #824),Targeting >59% clean electricity mix
Latent View,LATENTVIEW,Small Cap,Diversified & Manufacturing,Diversified Conglomerates,267.25,30.0,45.0,105.0,150.0,285.0,400.0,1.1,10.0,1.7,8.9,3.7,5.2,8.8,Group Captive Solar & Rooftop PV (SEBI Rank #825),Targeting >35% clean electricity mix
I T D C,ITDC,Small Cap,Diversified & Manufacturing,Diversified Conglomerates,644.35,31.0,47.0,108.0,154.0,290.0,406.0,1.1,11.0,1.7,8.9,3.7,5.2,8.8,Group Captive Solar & Rooftop PV (SEBI Rank #826),Targeting >36% clean electricity mix
Vadilal Inds.,VADILALIND,Small Cap,Diversified & Manufacturing,Diversified Conglomerates,7655.0,32.0,49.0,111.0,158.0,295.0,412.0,1.1,12.0,1.7,8.9,3.7,5.2,8.8,Group Captive Solar & Rooftop PV (SEBI Rank #827),Targeting >37% clean electricity mix
Mastek,MASTEK,Small Cap,Diversified & Manufacturing,Diversified Conglomerates,1772.9,33.0,51.0,114.0,162.0,300.0,418.0,1.1,13.0,1.7,8.9,3.7,5.2,8.8,Group Captive Solar & Rooftop PV (SEBI Rank #828),Targeting >38% clean electricity mix
Fiem Industries,FIEMIND,Small Cap,Diversified & Manufacturing,Diversified Conglomerates,2085.8,34.0,53.0,117.0,166.0,305.0,424.0,1.1,14.0,1.7,8.9,3.7,5.2,8.8,Group Captive Solar & Rooftop PV (SEBI Rank #829),Targeting >39% clean electricity mix
AvenuesAI,CCAVENUE,Small Cap,Diversified & Manufacturing,Diversified Conglomerates,15.7,36.0,57.0,123.0,174.0,315.0,436.0,1.1,16.0,1.7,8.9,3.7,5.2,8.8,Group Captive Solar & Rooftop PV (SEBI Rank #831),Targeting >41% clean electricity mix
Puravankara,PURVA,Small Cap,Diversified & Manufacturing,Diversified Conglomerates,230.72,37.0,59.0,126.0,178.0,320.0,442.0,1.1,17.0,1.7,8.9,3.7,5.2,8.8,Group Captive Solar & Rooftop PV (SEBI Rank #832),Targeting >42% clean electricity mix
Universal Cables,UNIVCABLES,Small Cap,Diversified & Manufacturing,Diversified Conglomerates,1576.3,39.0,63.0,132.0,186.0,330.0,454.0,1.1,19.0,1.7,8.9,3.7,5.2,8.8,Group Captive Solar & Rooftop PV (SEBI Rank #834),Targeting >44% clean electricity mix
L G Balakrishnan,LGBBROSLTD,Small Cap,Diversified & Manufacturing,Diversified Conglomerates,1702.8,40.0,65.0,135.0,190.0,335.0,460.0,1.1,20.0,1.7,8.9,3.7,5.2,8.8,Group Captive Solar & Rooftop PV (SEBI Rank #835),Targeting >45% clean electricity mix
Happiest Minds,HAPPSTMNDS,Small Cap,Diversified & Manufacturing,Diversified Conglomerates,354.0,42.0,69.0,141.0,198.0,345.0,472.0,1.1,22.0,1.7,8.9,3.7,5.2,8.8,Group Captive Solar & Rooftop PV (SEBI Rank #837),Targeting >47% clean electricity mix
Guj. Themis Bio.,GUJTHEM,Small Cap,Diversified & Manufacturing,Diversified Conglomerates,411.35,43.0,71.0,144.0,202.0,350.0,478.0,1.1,23.0,1.7,8.9,3.7,5.2,8.8,Group Captive Solar & Rooftop PV (SEBI Rank #838),Targeting >48% clean electricity mix
MAS FINANC SER,MASFIN,Small Cap,Diversified & Manufacturing,Diversified Conglomerates,295.0,44.0,73.0,147.0,206.0,355.0,484.0,1.1,24.0,1.7,8.9,3.7,5.2,8.8,Group Captive Solar & Rooftop PV (SEBI Rank #839),Targeting >49% clean electricity mix
C.E. Info System,MAPMYINDIA,Small Cap,Diversified & Manufacturing,Diversified Conglomerates,972.2,45.0,75.0,90.0,150.0,180.0,310.0,1.1,25.0,1.7,8.9,3.7,5.2,8.8,Group Captive Solar & Rooftop PV (SEBI Rank #840),Targeting >50% clean electricity mix
Quess Corp,QUESS,Small Cap,Diversified & Manufacturing,Diversified Conglomerates,354.75,46.0,77.0,93.0,154.0,185.0,316.0,1.1,26.0,1.7,8.9,3.7,5.2,8.8,Group Captive Solar & Rooftop PV (SEBI Rank #841),Targeting >51% clean electricity mix
Gujarat Alkalies,GUJALKALI,Small Cap,Diversified & Manufacturing,Diversified Conglomerates,721.6,47.0,79.0,96.0,158.0,190.0,322.0,1.1,27.0,1.7,8.9,3.7,5.2,8.8,Group Captive Solar & Rooftop PV (SEBI Rank #842),Targeting >52% clean electricity mix
Gulf Oil Lubric.,GULFOILLUB,Small Cap,Diversified & Manufacturing,Diversified Conglomerates,1067.8,48.0,81.0,99.0,162.0,195.0,328.0,1.1,28.0,1.7,8.9,3.7,5.2,8.8,Group Captive Solar & Rooftop PV (SEBI Rank #843),Targeting >53% clean electricity mix
IFB Industries,IFBIND,Small Cap,Diversified & Manufacturing,Diversified Conglomerates,1305.7,49.0,83.0,102.0,166.0,200.0,334.0,1.1,29.0,1.7,8.9,3.7,5.2,8.8,Group Captive Solar & Rooftop PV (SEBI Rank #844),Targeting >54% clean electricity mix
Artemis Medicare,ARTEMISMED,Small Cap,Diversified & Manufacturing,Diversified Conglomerates,332.8,-15.0,20.0,40.0,105.0,140.0,275.0,1.1,30.0,1.7,8.9,3.7,5.2,8.8,Group Captive Solar & Rooftop PV (SEBI Rank #845),Targeting >55% clean electricity mix
Ashapura Minech.,ASHAPURMIN,Small Cap,Diversified & Manufacturing,Diversified Conglomerates,551.0,-14.0,22.0,43.0,109.0,145.0,281.0,1.1,31.0,1.7,8.9,3.7,5.2,8.8,Group Captive Solar & Rooftop PV (SEBI Rank #846),Targeting >56% clean electricity mix
Epigral,EPIGRAL,Small Cap,Diversified & Manufacturing,Diversified Conglomerates,1219.7,-13.0,24.0,46.0,113.0,150.0,287.0,1.1,32.0,1.7,8.9,3.7,5.2,8.8,Group Captive Solar & Rooftop PV (SEBI Rank #847),Targeting >57% clean electricity mix
Thomas Cook (I),THOMASCOOK,Small Cap,Diversified & Manufacturing,Diversified Conglomerates,111.65,-12.0,26.0,49.0,117.0,155.0,293.0,1.1,33.0,1.7,8.9,3.7,5.2,8.8,Group Captive Solar & Rooftop PV (SEBI Rank #848),Targeting >58% clean electricity mix
Somany Ceramics Ltd,SOMANYCERA,Small Cap,Cement & Building Materials,Onsite Rooftop Solar,556.7,24.7,-23.6,-19.6,1.8,-26.3,185.8,8.5,20.0,18.0,8.6,3.75,4.85,8.7,Onsite Rooftop Solar,30% RE by 2028
Voltas Ltd,VOLTAS,Mid Cap,FMCG & Consumer Goods,Factory Rooftop Solar PV,1170.0,-13.6,-36.6,35.5,29.1,-3.9,72.0,8.5,40.0,16.0,8.7,3.75,4.95,7.9,Factory Rooftop Solar PV,50% RE by 2030
Nxt-Infra Trust,NXT-INFRA,Small Cap,Diversified & Manufacturing,Diversified Conglomerates,97.0,-11.0,28.0,52.0,121.0,160.0,299.0,1.0,34.0,1.5,8.9,3.7,5.2,7.8,Group Captive Solar & Rooftop PV (SEBI Rank #849),Targeting >59% clean electricity mix
CARE Ratings,CARERATING,Small Cap,Diversified & Manufacturing,Diversified Conglomerates,1738.2,-10.0,30.0,55.0,125.0,165.0,305.0,1.0,10.0,1.5,8.9,3.7,5.2,7.8,Group Captive Solar & Rooftop PV (SEBI Rank #850),Targeting >35% clean electricity mix
Ram Ratna Wires,RAMRAT,Small Cap,Diversified & Manufacturing,Diversified Conglomerates,560.65,-9.0,32.0,58.0,129.0,170.0,311.0,1.0,11.0,1.5,8.9,3.7,5.2,7.8,Group Captive Solar & Rooftop PV (SEBI Rank #851),Targeting >36% clean electricity mix
Bajaj Hindusthan,BAJAJHIND,Small Cap,Diversified & Manufacturing,Diversified Conglomerates,21.86,-8.0,34.0,61.0,133.0,175.0,317.0,1.0,12.0,1.5,8.9,3.7,5.2,7.8,Group Captive Solar & Rooftop PV (SEBI Rank #852),Targeting >37% clean electricity mix
VRL Logistics,VRLLOG,Small Cap,Diversified & Manufacturing,Diversified Conglomerates,297.7,-7.0,36.0,64.0,137.0,180.0,323.0,1.0,13.0,1.5,8.9,3.7,5.2,7.8,Group Captive Solar & Rooftop PV (SEBI Rank #853),Targeting >38% clean electricity mix
Goldiam Intl.,GOLDIAM,Small Cap,Diversified & Manufacturing,Diversified Conglomerates,345.3,-6.0,38.0,67.0,141.0,185.0,329.0,1.0,14.0,1.5,8.9,3.7,5.2,7.8,Group Captive Solar & Rooftop PV (SEBI Rank #854),Targeting >39% clean electricity mix
Electrost.Cast.,ELECTCAST,Small Cap,Diversified & Manufacturing,Diversified Conglomerates,83.71,-5.0,-5.0,25.0,100.0,145.0,290.0,1.0,15.0,1.5,8.9,3.7,5.2,7.8,Group Captive Solar & Rooftop PV (SEBI Rank #855),Targeting >40% clean electricity mix
MSTC,MSTCLTD,Small Cap,Diversified & Manufacturing,Diversified Conglomerates,734.2,-4.0,-3.0,28.0,104.0,150.0,296.0,1.0,16.0,1.5,8.9,3.7,5.2,7.8,Group Captive Solar & Rooftop PV (SEBI Rank #856),Targeting >41% clean electricity mix
GMM Pfaudler,GMMPFAUDLR,Small Cap,Diversified & Manufacturing,Diversified Conglomerates,1147.9,-3.0,-1.0,31.0,108.0,155.0,302.0,1.0,17.0,1.5,8.9,3.7,5.2,7.8,Group Captive Solar & Rooftop PV (SEBI Rank #857),Targeting >42% clean electricity mix
MOIL,MOIL,Small Cap,Diversified & Manufacturing,Diversified Conglomerates,252.3,-2.0,1.0,34.0,112.0,160.0,308.0,1.0,18.0,1.5,8.9,3.7,5.2,7.8,Group Captive Solar & Rooftop PV (SEBI Rank #858),Targeting >43% clean electricity mix
Optiemus Infra.,OPTIEMUS,Small Cap,Diversified & Manufacturing,Diversified Conglomerates,569.3,-1.0,3.0,37.0,116.0,165.0,314.0,1.0,19.0,1.5,8.9,3.7,5.2,7.8,Group Captive Solar & Rooftop PV (SEBI Rank #859),Targeting >44% clean electricity mix
Sh.Renuka Sugar,RENUKA,Small Cap,Diversified & Manufacturing,Diversified Conglomerates,24.04,0.0,5.0,40.0,120.0,170.0,320.0,1.0,20.0,1.5,8.9,3.7,5.2,7.8,Group Captive Solar & Rooftop PV (SEBI Rank #860),Targeting >45% clean electricity mix
IRB InvIT Fund,IRBINVIT,Small Cap,Diversified & Manufacturing,Diversified Conglomerates,64.54,1.0,7.0,43.0,124.0,175.0,326.0,1.0,21.0,1.5,8.9,3.7,5.2,7.8,Group Captive Solar & Rooftop PV (SEBI Rank #861),Targeting >46% clean electricity mix
PDS,PDSL,Small Cap,Diversified & Manufacturing,Diversified Conglomerates,358.5,3.0,11.0,49.0,132.0,185.0,338.0,1.0,23.0,1.5,8.9,3.7,5.2,7.8,Group Captive Solar & Rooftop PV (SEBI Rank #863),Targeting >48% clean electricity mix
Man Infra,MANINFRA,Small Cap,Diversified & Manufacturing,Diversified Conglomerates,124.8,5.0,15.0,55.0,140.0,195.0,350.0,1.0,25.0,1.5,8.9,3.7,5.2,7.8,Group Captive Solar & Rooftop PV (SEBI Rank #865),Targeting >50% clean electricity mix
Deep Industries,DEEPINDS,Small Cap,Diversified & Manufacturing,Diversified Conglomerates,786.45,6.0,17.0,58.0,144.0,200.0,356.0,1.0,26.0,1.5,8.9,3.7,5.2,7.8,Group Captive Solar & Rooftop PV (SEBI Rank #866),Targeting >51% clean electricity mix
Wakefit Innovati,WAKEFIT,Small Cap,Diversified & Manufacturing,Diversified Conglomerates,151.55,7.0,19.0,61.0,148.0,205.0,362.0,1.0,27.0,1.5,8.9,3.7,5.2,7.8,Group Captive Solar & Rooftop PV (SEBI Rank #867),Targeting >52% clean electricity mix
Canara Robeco,CRAMC,Small Cap,Diversified & Manufacturing,Diversified Conglomerates,251.5,8.0,21.0,64.0,152.0,210.0,368.0,1.0,28.0,1.5,8.9,3.7,5.2,7.8,Group Captive Solar & Rooftop PV (SEBI Rank #868),Targeting >53% clean electricity mix
Kanohar Elect.,531214,Small Cap,Diversified & Manufacturing,Diversified Conglomerates,0.0,9.0,23.0,67.0,156.0,215.0,374.0,1.0,29.0,1.5,8.9,3.7,5.2,7.8,Group Captive Solar & Rooftop PV (SEBI Rank #869),Targeting >54% clean electricity mix
Yasho Industries,YASHO,Small Cap,Diversified & Manufacturing,Diversified Conglomerates,4134.1,11.0,27.0,73.0,164.0,225.0,386.0,1.0,31.0,1.5,8.9,3.7,5.2,7.8,Group Captive Solar & Rooftop PV (SEBI Rank #871),Targeting >56% clean electricity mix
DEE Development,DEEDEV,Small Cap,Diversified & Manufacturing,Diversified Conglomerates,658.25,12.0,29.0,76.0,168.0,230.0,392.0,1.0,32.0,1.5,8.9,3.7,5.2,7.8,Group Captive Solar & Rooftop PV (SEBI Rank #872),Targeting >57% clean electricity mix
Bansal Wire Inds,BANSALWIRE,Small Cap,Diversified & Manufacturing,Diversified Conglomerates,315.0,15.0,35.0,85.0,180.0,245.0,410.0,1.0,10.0,1.5,8.9,3.7,5.2,7.8,Group Captive Solar & Rooftop PV (SEBI Rank #875),Targeting >35% clean electricity mix
Northern Arc,NORTHARC,Small Cap,Diversified & Manufacturing,Diversified Conglomerates,302.15,17.0,39.0,91.0,188.0,255.0,422.0,1.0,12.0,1.5,8.9,3.7,5.2,7.8,Group Captive Solar & Rooftop PV (SEBI Rank #877),Targeting >37% clean electricity mix
Uflex,UFLEX,Small Cap,Diversified & Manufacturing,Diversified Conglomerates,675.6,19.0,43.0,97.0,196.0,265.0,434.0,1.0,14.0,1.5,8.9,3.7,5.2,7.8,Group Captive Solar & Rooftop PV (SEBI Rank #879),Targeting >39% clean electricity mix
Juniper Hotels,JUNIPER,Small Cap,Diversified & Manufacturing,Diversified Conglomerates,216.82,21.0,47.0,103.0,124.0,195.0,366.0,1.0,16.0,1.5,8.9,3.7,5.2,7.8,Group Captive Solar & Rooftop PV (SEBI Rank #881),Targeting >41% clean electricity mix
KDDL Ltd,KDDL,Small Cap,Diversified & Manufacturing,Diversified Conglomerates,3911.0,22.0,49.0,106.0,128.0,200.0,372.0,1.0,17.0,1.5,8.9,3.7,5.2,7.8,Group Captive Solar & Rooftop PV (SEBI Rank #882),Targeting >42% clean electricity mix
Pilani Invest.,PILANIINVS,Small Cap,Diversified & Manufacturing,Diversified Conglomerates,4323.8,23.0,51.0,109.0,132.0,205.0,378.0,1.0,18.0,1.5,8.9,3.7,5.2,7.8,Group Captive Solar & Rooftop PV (SEBI Rank #883),Targeting >43% clean electricity mix
Shanthi Gears,SHANTIGEAR,Small Cap,Diversified & Manufacturing,Diversified Conglomerates,621.75,25.0,55.0,115.0,140.0,215.0,390.0,1.0,20.0,1.5,8.9,3.7,5.2,7.8,Group Captive Solar & Rooftop PV (SEBI Rank #885),Targeting >45% clean electricity mix
Bannari Amm.Sug.,BANARISUG,Small Cap,Diversified & Manufacturing,Diversified Conglomerates,3803.3,26.0,57.0,118.0,144.0,220.0,396.0,1.0,21.0,1.5,8.9,3.7,5.2,7.8,Group Captive Solar & Rooftop PV (SEBI Rank #886),Targeting >46% clean electricity mix
Keystone Realtor,RUSTOMJEE,Small Cap,Diversified & Manufacturing,Diversified Conglomerates,373.95,29.0,63.0,127.0,156.0,235.0,414.0,1.0,24.0,1.5,8.9,3.7,5.2,7.8,Group Captive Solar & Rooftop PV (SEBI Rank #889),Targeting >49% clean electricity mix
Foseco India,FOSECOIND,Small Cap,Diversified & Manufacturing,Diversified Conglomerates,6263.0,30.0,65.0,130.0,160.0,240.0,420.0,1.0,25.0,1.5,8.9,3.7,5.2,7.8,Group Captive Solar & Rooftop PV (SEBI Rank #890),Targeting >50% clean electricity mix
Texmaco Rail,TEXRAIL,Small Cap,Diversified & Manufacturing,Diversified Conglomerates,115.99,31.0,67.0,133.0,164.0,245.0,426.0,1.0,26.0,1.5,8.9,3.7,5.2,7.8,Group Captive Solar & Rooftop PV (SEBI Rank #891),Targeting >51% clean electricity mix
Goodluck India,GOODLUCK,Small Cap,Diversified & Manufacturing,Diversified Conglomerates,472.9,32.0,69.0,136.0,168.0,250.0,432.0,1.0,27.0,1.5,8.9,3.7,5.2,7.8,Group Captive Solar & Rooftop PV (SEBI Rank #892),Targeting >52% clean electricity mix
Afcom Holdings,544224,Small Cap,Diversified & Manufacturing,Diversified Conglomerates,1630.65,33.0,71.0,139.0,172.0,255.0,438.0,1.0,28.0,1.5,8.9,3.7,5.2,7.8,Group Captive Solar & Rooftop PV (SEBI Rank #893),Targeting >53% clean electricity mix
ICRA,ICRA,Small Cap,Diversified & Manufacturing,Diversified Conglomerates,4884.5,34.0,73.0,142.0,176.0,260.0,444.0,1.0,29.0,1.5,8.9,3.7,5.2,7.8,Group Captive Solar & Rooftop PV (SEBI Rank #894),Targeting >54% clean electricity mix
Surya Roshni,SURYAROSNI,Small Cap,Diversified & Manufacturing,Diversified Conglomerates,216.49,35.0,75.0,145.0,180.0,265.0,450.0,1.0,30.0,1.5,8.9,3.7,5.2,7.8,Group Captive Solar & Rooftop PV (SEBI Rank #895),Targeting >55% clean electricity mix
V-Marc India,VMARCIND,Small Cap,Diversified & Manufacturing,Diversified Conglomerates,320.1,37.0,79.0,151.0,188.0,275.0,462.0,1.0,32.0,1.5,8.9,3.7,5.2,7.8,Group Captive Solar & Rooftop PV (SEBI Rank #897),Targeting >57% clean electricity mix
Ellen.Indl.Gas,ELLEN,Small Cap,Diversified & Manufacturing,Diversified Conglomerates,331.85,38.0,81.0,154.0,192.0,280.0,468.0,1.0,33.0,1.5,8.9,3.7,5.2,7.8,Group Captive Solar & Rooftop PV (SEBI Rank #898),Targeting >58% clean electricity mix
Tempsens Instruments,TEMPSENS,Small Cap,Diversified & Manufacturing,Diversified Conglomerates,554.8,39.0,83.0,157.0,196.0,285.0,474.0,1.0,34.0,1.5,8.9,3.7,5.2,7.8,Group Captive Solar & Rooftop PV (SEBI Rank #899),Targeting >59% clean electricity mix
PTC India,PTC,Small Cap,Diversified & Manufacturing,Diversified Conglomerates,156.29,42.0,44.0,61.0,103.0,195.0,237.0,1.0,12.0,1.5,8.9,3.7,5.2,7.8,Group Captive Solar & Rooftop PV (SEBI Rank #902),Targeting >37% clean electricity mix
Purple Style,PERNIASPOP,Small Cap,Diversified & Manufacturing,Diversified Conglomerates,0.0,43.0,46.0,64.0,107.0,200.0,243.0,1.0,13.0,1.5,8.9,3.7,5.2,7.8,Group Captive Solar & Rooftop PV (SEBI Rank #903),Targeting >38% clean electricity mix
Aye Finance,AYE,Small Cap,Banking & Financial Services,BFSI,184.81,44.0,48.0,67.0,111.0,205.0,249.0,1.0,14.0,1.5,8.9,3.7,5.2,7.8,Group Captive Solar & Rooftop PV (SEBI Rank #904),Targeting >39% clean electricity mix
SEAMEC Ltd,SEAMECLTD,Small Cap,Diversified & Manufacturing,Diversified Conglomerates,1793.6,45.0,50.0,70.0,115.0,210.0,255.0,1.0,15.0,1.5,8.9,3.7,5.2,7.8,Group Captive Solar & Rooftop PV (SEBI Rank #905),Targeting >40% clean electricity mix
Greaves Cotton,GREAVESCOT,Small Cap,Diversified & Manufacturing,Diversified Conglomerates,195.56,46.0,52.0,73.0,119.0,215.0,261.0,1.0,16.0,1.5,8.9,3.7,5.2,7.8,Group Captive Solar & Rooftop PV (SEBI Rank #906),Targeting >41% clean electricity mix
MPS,MPSLTD,Small Cap,Diversified & Manufacturing,Diversified Conglomerates,2658.9,47.0,54.0,76.0,123.0,220.0,267.0,1.0,17.0,1.5,8.9,3.7,5.2,7.8,Group Captive Solar & Rooftop PV (SEBI Rank #907),Targeting >42% clean electricity mix
Datamatics Glob.,DATAMATICS,Small Cap,Diversified & Manufacturing,Diversified Conglomerates,764.9,48.0,56.0,79.0,127.0,225.0,273.0,1.0,18.0,1.5,8.9,3.7,5.2,7.8,Group Captive Solar & Rooftop PV (SEBI Rank #908),Targeting >43% clean electricity mix
Rolex Rings,ROLEXRINGS,Small Cap,Diversified & Manufacturing,Diversified Conglomerates,171.72,-14.0,-3.0,23.0,74.0,175.0,226.0,1.0,21.0,1.5,8.9,3.7,5.2,7.8,Group Captive Solar & Rooftop PV (SEBI Rank #911),Targeting >46% clean electricity mix
RPG LifeScience.,RPGLIFE,Small Cap,Diversified & Manufacturing,Diversified Conglomerates,2721.6,-13.0,-1.0,26.0,78.0,180.0,232.0,1.0,22.0,1.5,8.9,3.7,5.2,7.8,Group Captive Solar & Rooftop PV (SEBI Rank #912),Targeting >47% clean electricity mix
Gufic BioScience,GUFICBIO,Small Cap,Diversified & Manufacturing,Diversified Conglomerates,444.9,-12.0,1.0,29.0,82.0,185.0,238.0,1.0,23.0,1.5,8.9,3.7,5.2,7.8,Group Captive Solar & Rooftop PV (SEBI Rank #913),Targeting >48% clean electricity mix
V I P Inds.,VIPIND,Small Cap,Diversified & Manufacturing,Diversified Conglomerates,314.05,-11.0,3.0,32.0,86.0,190.0,244.0,1.0,24.0,1.5,8.9,3.7,5.2,7.8,Group Captive Solar & Rooftop PV (SEBI Rank #914),Targeting >49% clean electricity mix
SG Finserve,SGFIN,Small Cap,Diversified & Manufacturing,Diversified Conglomerates,675.7,-10.0,5.0,35.0,90.0,195.0,250.0,1.0,25.0,1.5,8.9,3.7,5.2,7.8,Group Captive Solar & Rooftop PV (SEBI Rank #915),Targeting >50% clean electricity mix
Hawkins Cookers,HAWKINCOOK,Small Cap,Diversified & Manufacturing,Diversified Conglomerates,8406.5,-9.0,7.0,38.0,94.0,200.0,256.0,1.0,26.0,1.5,8.9,3.7,5.2,7.8,Group Captive Solar & Rooftop PV (SEBI Rank #916),Targeting >51% clean electricity mix
Sunteck Realty,SUNTECK,Small Cap,Diversified & Manufacturing,Diversified Conglomerates,299.5,-8.0,9.0,41.0,98.0,205.0,262.0,1.0,27.0,1.5,8.9,3.7,5.2,7.8,Group Captive Solar & Rooftop PV (SEBI Rank #917),Targeting >52% clean electricity mix
Netwrk.18 Media,NETWORK18,Small Cap,Diversified & Manufacturing,Diversified Conglomerates,28.38,-7.0,11.0,44.0,102.0,210.0,268.0,1.0,28.0,1.5,8.9,3.7,5.2,7.8,Group Captive Solar & Rooftop PV (SEBI Rank #918),Targeting >53% clean electricity mix
eMudhra,EMUDHRA,Small Cap,Diversified & Manufacturing,Diversified Conglomerates,524.8,-4.0,17.0,53.0,114.0,225.0,286.0,1.0,31.0,1.5,8.9,3.7,5.2,7.8,Group Captive Solar & Rooftop PV (SEBI Rank #921),Targeting >56% clean electricity mix
WPIL,WPIL,Small Cap,Diversified & Manufacturing,Diversified Conglomerates,443.9,-2.0,21.0,59.0,122.0,235.0,298.0,1.0,33.0,1.5,8.9,3.7,5.2,7.8,Group Captive Solar & Rooftop PV (SEBI Rank #923),Targeting >58% clean electricity mix
Hirect,HIRECT,Small Cap,Diversified & Manufacturing,Diversified Conglomerates,1222.4,-1.0,23.0,62.0,126.0,240.0,304.0,1.0,34.0,1.5,8.9,3.7,5.2,7.8,Group Captive Solar & Rooftop PV (SEBI Rank #924),Targeting >59% clean electricity mix
NRB Bearings,NRBBEARING,Small Cap,Diversified & Manufacturing,Diversified Conglomerates,447.0,0.0,25.0,65.0,130.0,245.0,310.0,1.0,10.0,1.5,8.9,3.7,5.2,7.8,Group Captive Solar & Rooftop PV (SEBI Rank #925),Targeting >35% clean electricity mix
Swaraj Engines,SWARAJENG,Small Cap,Diversified & Manufacturing,Diversified Conglomerates,3557.8,1.0,27.0,68.0,134.0,250.0,316.0,1.0,11.0,1.5,8.9,3.7,5.2,7.8,Group Captive Solar & Rooftop PV (SEBI Rank #926),Targeting >36% clean electricity mix
Dec.Gold Mines,DECNGOLD,Small Cap,Diversified & Manufacturing,Diversified Conglomerates,213.87,3.0,31.0,74.0,142.0,260.0,328.0,1.0,13.0,1.5,8.9,3.7,5.2,7.8,Group Captive Solar & Rooftop PV (SEBI Rank #928),Targeting >38% clean electricity mix
Wheels India,WHEELS,Small Cap,Diversified & Manufacturing,Diversified Conglomerates,1724.9,6.0,37.0,83.0,154.0,275.0,346.0,1.0,16.0,1.5,8.9,3.7,5.2,7.8,Group Captive Solar & Rooftop PV (SEBI Rank #931),Targeting >41% clean electricity mix
Shoppers Stop,SHOPERSTOP,Small Cap,Diversified & Manufacturing,Diversified Conglomerates,381.75,7.0,39.0,86.0,158.0,280.0,352.0,1.0,17.0,1.5,8.9,3.7,5.2,7.8,Group Captive Solar & Rooftop PV (SEBI Rank #932),Targeting >42% clean electricity mix
Mahindra Holiday,MHRIL,Small Cap,Diversified & Manufacturing,Diversified Conglomerates,207.4,9.0,43.0,92.0,166.0,290.0,364.0,1.0,19.0,1.5,8.9,3.7,5.2,7.8,Group Captive Solar & Rooftop PV (SEBI Rank #934),Targeting >44% clean electricity mix
Indostar Capital,INDOSTAR,Small Cap,Diversified & Manufacturing,Diversified Conglomerates,258.66,10.0,45.0,95.0,170.0,295.0,370.0,1.0,20.0,1.5,8.9,3.7,5.2,7.8,Group Captive Solar & Rooftop PV (SEBI Rank #935),Targeting >45% clean electricity mix
Harsha Engg Intl,HARSHA,Small Cap,Diversified & Manufacturing,Diversified Conglomerates,454.35,13.0,51.0,104.0,182.0,310.0,388.0,1.0,23.0,1.5,8.9,3.7,5.2,7.8,Group Captive Solar & Rooftop PV (SEBI Rank #938),Targeting >48% clean electricity mix
Responsive Ind,RESPONIND,Small Cap,Diversified & Manufacturing,Diversified Conglomerates,154.9,14.0,53.0,107.0,186.0,315.0,394.0,1.0,24.0,1.5,8.9,3.7,5.2,7.8,Group Captive Solar & Rooftop PV (SEBI Rank #939),Targeting >49% clean electricity mix
Indiqube Spaces,INDIQUBE,Small Cap,Diversified & Manufacturing,Diversified Conglomerates,194.54,15.0,55.0,110.0,190.0,320.0,400.0,1.0,25.0,1.5,8.9,3.7,5.2,7.8,Group Captive Solar & Rooftop PV (SEBI Rank #940),Targeting >50% clean electricity mix
Avantel,AVANTEL,Small Cap,Diversified & Manufacturing,Diversified Conglomerates,154.96,16.0,57.0,113.0,194.0,325.0,406.0,1.0,26.0,1.5,8.9,3.7,5.2,7.8,Group Captive Solar & Rooftop PV (SEBI Rank #941),Targeting >51% clean electricity mix
Pitti Engg.,PITTIENG,Small Cap,Diversified & Manufacturing,Diversified Conglomerates,1084.9,18.0,61.0,119.0,202.0,335.0,418.0,1.0,28.0,1.5,8.9,3.7,5.2,7.8,Group Captive Solar & Rooftop PV (SEBI Rank #943),Targeting >53% clean electricity mix
Novartis India,NOVARTIND,Small Cap,Diversified & Manufacturing,Diversified Conglomerates,1646.7,19.0,63.0,122.0,206.0,340.0,424.0,1.0,29.0,1.5,8.9,3.7,5.2,7.8,Group Captive Solar & Rooftop PV (SEBI Rank #944),Targeting >54% clean electricity mix
Rallis India,RALLIS,Small Cap,Diversified & Manufacturing,Diversified Conglomerates,208.82,20.0,20.0,80.0,165.0,300.0,385.0,1.0,30.0,1.5,8.9,3.7,5.2,7.8,Group Captive Solar & Rooftop PV (SEBI Rank #945),Targeting >55% clean electricity mix
John Cockerill,COCKERILL,Small Cap,Diversified & Manufacturing,Diversified Conglomerates,8193.5,21.0,22.0,83.0,169.0,305.0,391.0,1.0,31.0,1.5,8.9,3.7,5.2,7.8,Group Captive Solar & Rooftop PV (SEBI Rank #946),Targeting >56% clean electricity mix
Mahindra Logis.,MAHLOG,Small Cap,Diversified & Manufacturing,Diversified Conglomerates,405.35,24.0,28.0,92.0,181.0,320.0,409.0,1.0,34.0,1.5,8.9,3.7,5.2,7.8,Group Captive Solar & Rooftop PV (SEBI Rank #949),Targeting >59% clean electricity mix
Ahluwalia Contr.,AHLUCONT,Small Cap,Diversified & Manufacturing,Diversified Conglomerates,599.05,26.0,32.0,98.0,189.0,330.0,421.0,1.0,11.0,1.5,8.9,3.7,5.2,7.8,Group Captive Solar & Rooftop PV (SEBI Rank #951),Targeting >36% clean electricity mix
TVS Srichakra,TVSSRICHAK,Small Cap,Diversified & Manufacturing,Diversified Conglomerates,5237.5,27.0,34.0,101.0,193.0,335.0,427.0,1.0,12.0,1.5,8.9,3.7,5.2,7.8,Group Captive Solar & Rooftop PV (SEBI Rank #952),Targeting >37% clean electricity mix
Symphony,SYMPHONY,Small Cap,Diversified & Manufacturing,Diversified Conglomerates,580.35,29.0,38.0,107.0,201.0,345.0,439.0,1.0,14.0,1.5,8.9,3.7,5.2,7.8,Group Captive Solar & Rooftop PV (SEBI Rank #954),Targeting >39% clean electricity mix
Sustainable Ener,SEITINVIT,Small Cap,Diversified & Manufacturing,Diversified Conglomerates,122.0,30.0,40.0,110.0,205.0,350.0,445.0,1.0,15.0,1.5,8.9,3.7,5.2,7.8,Group Captive Solar & Rooftop PV (SEBI Rank #955),Targeting >40% clean electricity mix
Uniparts India,UNIPARTS,Small Cap,Diversified & Manufacturing,Diversified Conglomerates,874.05,32.0,44.0,116.0,213.0,360.0,457.0,1.0,17.0,1.5,8.9,3.7,5.2,7.8,Group Captive Solar & Rooftop PV (SEBI Rank #957),Targeting >42% clean electricity mix
Tatva Chintan,TATVA,Small Cap,Diversified & Manufacturing,Diversified Conglomerates,1678.5,35.0,50.0,65.0,85.0,115.0,215.0,1.0,20.0,1.5,8.9,3.7,5.2,7.8,Group Captive Solar & Rooftop PV (SEBI Rank #960),Targeting >45% clean electricity mix
Zota Health Care,ZOTA,Small Cap,Diversified & Manufacturing,Diversified Conglomerates,1132.4,36.0,52.0,68.0,89.0,120.0,221.0,1.0,21.0,1.5,8.9,3.7,5.2,7.8,Group Captive Solar & Rooftop PV (SEBI Rank #961),Targeting >46% clean electricity mix
Kirloskar Indus.,KIRLOSIND,Small Cap,Diversified & Manufacturing,Diversified Conglomerates,3731.5,37.0,54.0,71.0,93.0,125.0,227.0,1.0,22.0,1.5,8.9,3.7,5.2,7.8,Group Captive Solar & Rooftop PV (SEBI Rank #962),Targeting >47% clean electricity mix
Kolte Patil Dev.,KOLTEPATIL,Small Cap,Diversified & Manufacturing,Diversified Conglomerates,441.85,38.0,56.0,74.0,97.0,130.0,233.0,1.0,23.0,1.5,8.9,3.7,5.2,7.8,Group Captive Solar & Rooftop PV (SEBI Rank #963),Targeting >48% clean electricity mix
NACL Industries,NACLIND,Small Cap,Diversified & Manufacturing,Diversified Conglomerates,166.84,39.0,58.0,77.0,101.0,135.0,239.0,1.0,24.0,1.5,8.9,3.7,5.2,7.8,Group Captive Solar & Rooftop PV (SEBI Rank #964),Targeting >49% clean electricity mix
Intellig Sup Tru,544005,Small Cap,Diversified & Manufacturing,Diversified Conglomerates,128.0,40.0,60.0,80.0,105.0,140.0,245.0,1.0,25.0,1.5,8.9,3.7,5.2,7.8,Group Captive Solar & Rooftop PV (SEBI Rank #965),Targeting >50% clean electricity mix
Sindhu Trade,SINDHUTRAD,Small Cap,Diversified & Manufacturing,Diversified Conglomerates,25.28,42.0,64.0,86.0,113.0,150.0,257.0,1.0,27.0,1.5,8.9,3.7,5.2,7.8,Group Captive Solar & Rooftop PV (SEBI Rank #967),Targeting >52% clean electricity mix
CMS Info Systems,CMSINFO,Small Cap,Diversified & Manufacturing,Diversified Conglomerates,243.46,43.0,66.0,89.0,117.0,155.0,263.0,1.0,28.0,1.5,8.9,3.7,5.2,7.8,Group Captive Solar & Rooftop PV (SEBI Rank #968),Targeting >53% clean electricity mix
Refex Industries,REFEX,Small Cap,Diversified & Manufacturing,Diversified Conglomerates,282.55,46.0,72.0,98.0,129.0,170.0,281.0,1.0,31.0,1.5,8.9,3.7,5.2,7.8,Group Captive Solar & Rooftop PV (SEBI Rank #971),Targeting >56% clean electricity mix
Dhenu Buildcon,501945,Small Cap,Diversified & Manufacturing,Diversified Conglomerates,6.5,49.0,78.0,107.0,141.0,185.0,299.0,1.0,34.0,1.5,8.9,3.7,5.2,7.8,Group Captive Solar & Rooftop PV (SEBI Rank #974),Targeting >59% clean electricity mix
CIAN Agro,519477,Small Cap,Diversified & Manufacturing,Diversified Conglomerates,1375.95,-15.0,15.0,45.0,80.0,125.0,240.0,1.0,10.0,1.5,8.9,3.7,5.2,7.8,Group Captive Solar & Rooftop PV (SEBI Rank #975),Targeting >35% clean electricity mix
RattanIndia Ent,RTNINDIA,Small Cap,Diversified & Manufacturing,Diversified Conglomerates,27.82,-13.0,19.0,51.0,88.0,135.0,252.0,1.0,12.0,1.5,8.9,3.7,5.2,7.8,Group Captive Solar & Rooftop PV (SEBI Rank #977),Targeting >37% clean electricity mix
Midwest,MIDWESTLTD,Small Cap,Diversified & Manufacturing,Diversified Conglomerates,1062.1,-12.0,21.0,54.0,92.0,140.0,258.0,1.0,13.0,1.5,8.9,3.7,5.2,7.8,Group Captive Solar & Rooftop PV (SEBI Rank #978),Targeting >38% clean electricity mix
Kaveri Seed Co.,KSCL,Small Cap,Diversified & Manufacturing,Diversified Conglomerates,744.1,-11.0,23.0,57.0,96.0,145.0,264.0,1.0,14.0,1.5,8.9,3.7,5.2,7.8,Group Captive Solar & Rooftop PV (SEBI Rank #979),Targeting >39% clean electricity mix
Orient Electric,ORIENTELEC,Small Cap,Diversified & Manufacturing,Diversified Conglomerates,179.19,-10.0,25.0,60.0,100.0,150.0,270.0,1.0,15.0,1.5,8.9,3.7,5.2,7.8,Group Captive Solar & Rooftop PV (SEBI Rank #980),Targeting >40% clean electricity mix
Bajaj Electrical,BAJAJELEC,Small Cap,Diversified & Manufacturing,Diversified Conglomerates,331.15,-9.0,27.0,63.0,104.0,155.0,276.0,1.0,16.0,1.5,8.9,3.7,5.2,7.8,Group Captive Solar & Rooftop PV (SEBI Rank #981),Targeting >41% clean electricity mix
Aurionpro Sol.,AURIONPRO,Small Cap,Diversified & Manufacturing,Diversified Conglomerates,689.7,-8.0,29.0,66.0,108.0,160.0,282.0,1.0,17.0,1.5,8.9,3.7,5.2,7.8,Group Captive Solar & Rooftop PV (SEBI Rank #982),Targeting >42% clean electricity mix
Sanghvi Movers,SANGHVIMOV,Small Cap,Diversified & Manufacturing,Diversified Conglomerates,439.2,-6.0,33.0,72.0,116.0,170.0,294.0,1.0,19.0,1.5,8.9,3.7,5.2,7.8,Group Captive Solar & Rooftop PV (SEBI Rank #984),Targeting >44% clean electricity mix
Divgi Torq,DIVGIITTS,Small Cap,Diversified & Manufacturing,Diversified Conglomerates,1235.8,-4.0,37.0,78.0,124.0,180.0,306.0,1.0,21.0,1.5,8.9,3.7,5.2,7.8,Group Captive Solar & Rooftop PV (SEBI Rank #986),Targeting >46% clean electricity mix
TARC Ltd,TARC,Small Cap,Diversified & Manufacturing,Diversified Conglomerates,126.99,-2.0,41.0,84.0,132.0,190.0,318.0,1.0,23.0,1.5,8.9,3.7,5.2,7.8,Group Captive Solar & Rooftop PV (SEBI Rank #988),Targeting >48% clean electricity mix
Kesar India,543542,Small Cap,Diversified & Manufacturing,Diversified Conglomerates,1150.0,-1.0,43.0,87.0,136.0,195.0,324.0,1.0,24.0,1.5,8.9,3.7,5.2,7.8,Group Captive Solar & Rooftop PV (SEBI Rank #989),Targeting >49% clean electricity mix
Polyplex Corpn,POLYPLEX,Small Cap,Diversified & Manufacturing,Diversified Conglomerates,1191.0,0.0,0.0,45.0,95.0,155.0,285.0,1.0,25.0,1.5,8.9,3.7,5.2,7.8,Group Captive Solar & Rooftop PV (SEBI Rank #990),Targeting >50% clean electricity mix
Share India Sec.,SHAREINDIA,Small Cap,Diversified & Manufacturing,Diversified Conglomerates,170.5,1.0,2.0,48.0,99.0,160.0,291.0,1.0,26.0,1.5,8.9,3.7,5.2,7.8,Group Captive Solar & Rooftop PV (SEBI Rank #991),Targeting >51% clean electricity mix
TCPL Packaging,TCPLPACK,Small Cap,Diversified & Manufacturing,Diversified Conglomerates,4091.9,2.0,4.0,51.0,103.0,165.0,297.0,1.0,27.0,1.5,8.9,3.7,5.2,7.8,Group Captive Solar & Rooftop PV (SEBI Rank #992),Targeting >52% clean electricity mix
Spectrum Electr.,SPECTRUM,Small Cap,Diversified & Manufacturing,Diversified Conglomerates,2368.4,3.0,6.0,54.0,107.0,170.0,303.0,1.0,28.0,1.5,8.9,3.7,5.2,7.8,Group Captive Solar & Rooftop PV (SEBI Rank #993),Targeting >53% clean electricity mix
J Kumar Infra,JKIL,Small Cap,Diversified & Manufacturing,Diversified Conglomerates,487.35,4.0,8.0,57.0,111.0,175.0,309.0,1.0,29.0,1.5,8.9,3.7,5.2,7.8,Group Captive Solar & Rooftop PV (SEBI Rank #994),Targeting >54% clean electricity mix
Lords Mark Industries,501261,Small Cap,Diversified & Manufacturing,Diversified Conglomerates,86.39,5.0,10.0,60.0,115.0,180.0,315.0,1.0,30.0,1.5,8.9,3.7,5.2,7.8,Group Captive Solar & Rooftop PV (SEBI Rank #995),Targeting >55% clean electricity mix
Vaibhav Global,VAIBHAVGBL,Small Cap,Diversified & Manufacturing,Diversified Conglomerates,218.74,7.0,14.0,66.0,123.0,190.0,327.0,1.0,32.0,1.5,8.9,3.7,5.2,7.8,Group Captive Solar & Rooftop PV (SEBI Rank #997),Targeting >57% clean electricity mix
Pondy Oxides,POCL,Small Cap,Diversified & Manufacturing,Diversified Conglomerates,477.8,9.0,18.0,72.0,131.0,200.0,339.0,1.0,34.0,1.5,8.9,3.7,5.2,7.8,Group Captive Solar & Rooftop PV (SEBI Rank #999),Targeting >59% clean electricity mix
Kiri Industries,KIRIINDUS,Small Cap,Diversified & Manufacturing,Diversified Conglomerates,559.1,10.0,20.0,75.0,135.0,205.0,345.0,1.0,10.0,1.5,8.9,3.7,5.2,7.8,Group Captive Solar & Rooftop PV (SEBI Rank #1000),Targeting >35% clean electricity mix
Gabriel India Ltd,GABRIEL,Mid Cap,Automotive & Ancillary,Rooftop Solar on factory sheds,1353.2,14.7,162.9,310.2,781.9,782.2,1189.1,6.5,32.0,14.0,8.9,3.8,5.1,7.1,Rooftop Solar on factory sheds,50% RE by 2028
Subros Ltd,SUBROS,Small Cap,Automotive & Ancillary,Rooftop Solar PV,709.6,-34.5,-6.3,82.6,95.3,116.3,177.0,5.5,22.0,12.0,8.7,3.8,4.9,5.9,Rooftop Solar PV,35% RE by 2029
Sharda Motor Industries,SHARDAMOTR,Small Cap,Automotive & Ancillary,Rooftop Solar on manufacturing units,881.95,-15.6,-63.6,-9.7,8.2,44.7,417.7,4.5,20.0,10.0,8.8,3.8,5.0,5.0,Rooftop Solar on manufacturing units,30% RE by 2030
Atul Auto Ltd,ATULAUTO,Small Cap,Automotive & 2W/3W,3W OEM (Pure-Play),467.0,-1.6,-26.8,-22.4,148.5,117.1,175.4,1.2,22.5,2.8,8.0,3.8,4.2,1.18,Captive Wind Turbine in Saurashtra + Solar EV Testing,40% RE by 2028 via Atul Greentech EV expansion
Wardwizard Innovations & Mobility,WARDINMOBI,Small Cap,Automotive & 2W/3W,EV 2W & 3W,48.0,-8.5,-24.0,15.0,42.0,185.0,240.0,1.2,35.0,1.6,7.9,3.8,4.1,0.66,Onsite Rooftop Solar PV,50% RE by 2028 across Vadodara EV Cluster
