Rank,Company Name,Ticker,Cap Tier,Sector,Sub Segment,CMP,P/E,Market Cap (Cr),Div Yield (%),Net Profit Qtr (Cr),Sales Qtr (Cr),ROCE (%),RE Share (%),Green MW,Annual Cost Shielded (Cr)
1,Reliance Industries,RELIANCE,Large Cap,Manufacturing & Services,Diversified,1322.0,23.94,1789001.13,0.45,23196.0,309468.0,10.26,11.0,357.8,2737.2
2,Bharti Airtel,BHARTIARTL,Large Cap,Telecom & Data Centers,Telecom Infrastructure,1840.0,36.77,1148252.2,1.3,10011.6,58539.1,17.56,47.0,574.1,4822.7
3,HDFC Bank,HDFCBANK,Large Cap,Banking & Financial Services,BFSI,712.1,13.89,1097643.69,1.83,20382.69,90575.33,7.02,13.0,219.5,1678.9
4,ICICI Bank,ICICIBANK,Large Cap,Banking & Financial Services,BFSI,1423.2,18.21,1021462.57,0.84,16276.22,52240.85,7.18,14.0,204.3,1563.1
5,SBI,SBIN,Large Cap,Banking & Financial Services,BFSI,1016.1,11.16,937923.05,1.71,25120.89,136240.49,6.13,15.0,187.6,1435.1
6,TCS,TCS,Large Cap,IT & Software Services,IT & Software,2304.0,15.53,833607.36,2.78,13420.0,72275.0,63.03,51.0,416.8,3501.1
7,Bajaj Finance,BAJFINANCE,Large Cap,Banking & Financial Services,BFSI,1060.5,32.24,660262.45,0.51,6080.6,23165.45,10.87,17.0,132.1,1010.3
8,Larsen & Toubro,LT,Large Cap,Capital Goods & Engineering,Capital Goods,3964.1,30.95,545407.08,0.96,4988.03,67941.74,14.57,18.0,109.1,834.4
9,Life Insurance,LICI,Large Cap,Banking & Financial Services,BFSI,415.35,8.75,525417.56,2.41,13584.25,239865.7,35.14,19.0,105.1,803.8
10,Hind. Unilever,HINDUNILVR,Large Cap,Manufacturing & Services,Diversified,1973.4,42.05,463668.34,2.08,2680.0,17341.0,28.42,20.0,92.7,709.4
11,Infosys,INFY,Large Cap,IT & Software Services,IT & Software,1130.0,14.71,458580.27,4.25,7775.0,48211.0,39.95,56.0,229.3,1926.4
12,Sun Pharma.Inds.,SUNPHARMA,Large Cap,Pharmaceuticals & Healthcare,Pharma & Healthcare,1899.0,36.07,455633.71,0.84,2901.23,15299.88,20.53,22.0,91.1,696.7
13,Titan Company,TITAN,Large Cap,Manufacturing & Services,Diversified,5020.0,76.37,445668.65,0.3,1777.0,21356.0,20.54,23.0,89.1,681.4
14,Kotak Mah. Bank,KOTAKBANK,Large Cap,Banking & Financial Services,BFSI,424.5,21.08,422278.0,0.15,5480.46,18354.57,6.98,24.0,84.5,646.7
15,Adani Power,ADANIPOWER,Large Cap,Power Utilities & Cleantech,Renewable Energy & Power,207.2,28.03,399578.87,0.0,4866.6,18901.89,17.22,30.0,599.4,3956.0
16,Maruti Suzuki,MARUTI,Large Cap,Manufacturing & Services,Diversified,12694.0,27.84,399102.63,1.1,3446.9,52469.8,18.87,26.0,79.8,610.5
17,Adani Enterp.,ADANIENT,Large Cap,Manufacturing & Services,Diversified,2938.0,167.5,397637.62,0.04,-1461.54,32923.98,5.8,27.0,79.5,607.9
18,Axis Bank,AXISBANK,Large Cap,Banking & Financial Services,BFSI,1273.0,14.27,396316.12,0.08,7670.37,35541.96,6.24,28.0,79.3,606.4
19,M & M,M&M,Large Cap,Manufacturing & Services,Diversified,3170.0,20.56,394198.64,1.04,5997.56,58187.57,15.1,29.0,78.8,602.8
20,Adani Ports,ADANIPORTS,Large Cap,Manufacturing & Services,Diversified,1707.3,29.6,393354.94,0.44,3649.5,10820.8,14.12,30.0,78.7,602.3
21,HCL Technologies,HCLTECH,Large Cap,IT & Software Services,IT & Software,1293.4,19.36,350985.44,4.18,4626.0,34579.0,30.4,66.0,175.5,1473.9
22,UltraTech Cem.,ULTRACEMCO,Large Cap,Cement & Building Materials,Cement & Materials,11408.0,38.98,336170.0,2.1,2603.72,24648.2,12.66,37.0,504.3,3328.6
23,ITC,ITC,Large Cap,FMCG & Consumer Goods,FMCG,264.1,16.76,330911.54,5.49,4508.79,19114.37,38.91,33.0,66.2,506.4
24,Bajaj Auto,BAJAJ-AUTO,Large Cap,Automotive & 2W/3W,2W & 3W OEM,11919.0,27.79,327538.69,1.26,3188.75,21688.83,28.24,49.0,262.0,1906.0
25,Hind.Aeronautics,HAL,Large Cap,Capital Goods & Engineering,Capital Goods,4856.0,34.84,324757.14,0.93,1589.66,5515.17,31.97,10.0,65.0,497.2
26,JSW Steel,JSWSTEEL,Large Cap,Metals & Mining,Metals & Mining,1325.0,26.91,324022.65,0.54,4696.0,47364.0,10.96,41.0,486.0,3207.6
27,NTPC,NTPC,Large Cap,Power Utilities & Cleantech,Renewable Energy & Power,332.5,11.61,322414.15,2.71,6896.44,50740.96,8.92,42.0,483.6,3191.8
28,Bajaj Finserv,BAJAJFINSV,Large Cap,Banking & Financial Services,BFSI,1970.0,30.71,315606.09,0.08,6296.67,42036.9,10.58,13.0,63.1,483.0
29,Eternal,ETERNAL,Large Cap,Manufacturing & Services,Diversified,322.75,719.32,311465.07,0.0,92.0,20211.0,2.48,14.0,62.3,476.3
30,Bharat Electron,BEL,Large Cap,Capital Goods & Engineering,Capital Goods,405.35,48.21,296301.88,0.62,1054.53,5546.98,36.44,15.0,59.3,453.4
31,O N G C,ONGC,Large Cap,Manufacturing & Services,Diversified,234.65,6.75,295196.25,5.65,6554.44,204987.35,14.15,16.0,59.0,451.4
32,Nestle India,NESTLEIND,Large Cap,FMCG & Consumer Goods,FMCG,1410.5,72.44,271988.73,0.85,975.12,6378.18,84.14,17.0,54.4,416.2
33,Coal India,COALINDIA,Large Cap,Metals & Mining,Metals & Mining,415.35,8.2,255968.92,6.38,8849.81,46254.8,34.97,18.0,384.0,2534.4
34,Hindustan Zinc,HINDZINC,Large Cap,Metals & Mining,Metals & Mining,601.0,15.01,253941.67,1.83,5425.0,13687.0,69.25,19.0,380.9,2513.7
35,Power Grid Corpn,POWERGRID,Large Cap,Power Utilities & Cleantech,Renewable Energy & Power,266.0,15.56,247396.06,3.38,3598.42,11496.72,9.1,20.0,371.1,2449.5
36,Avenue Super.,DMART,Large Cap,Manufacturing & Services,Diversified,3770.0,80.41,245896.73,0.0,860.44,18794.53,17.18,21.0,49.2,376.4
37,Shriram Finance,SHRIRAMFIN,Large Cap,Banking & Financial Services,BFSI,1041.0,21.64,244945.59,1.04,3452.77,13400.43,11.49,22.0,49.0,374.8
38,Asian Paints,ASIANPAINT,Large Cap,Manufacturing & Services,Diversified,2527.3,49.71,242418.06,1.09,1559.45,10541.94,26.34,23.0,48.5,371.3
39,Divi's Lab.,DIVISLAB,Large Cap,Pharmaceuticals & Healthcare,Pharma & Healthcare,9100.0,81.09,241576.41,0.33,902.0,3080.0,21.97,24.0,48.3,369.2
40,Tata Steel,TATASTEEL,Large Cap,Metals & Mining,Metals & Mining,188.79,19.92,235676.51,2.12,2385.24,60794.29,12.52,25.0,353.5,2332.9
41,Hindalco Inds.,HINDALCO,Large Cap,Metals & Mining,Metals & Mining,1011.0,10.91,227194.6,0.49,7013.0,84825.0,13.21,26.0,340.8,2249.3
42,Grasim Inds,GRASIM,Large Cap,Manufacturing & Services,Diversified,3322.0,39.4,226073.98,0.3,3846.28,48716.2,8.01,27.0,45.2,345.8
43,Adani Green,ADANIGREEN,Large Cap,Power Utilities & Cleantech,Renewable Energy & Power,1301.3,110.55,214347.03,0.0,983.0,4431.0,7.39,28.0,321.5,2121.7
44,Eicher Motors,EICHERMOT,Large Cap,Automotive & 2W/3W,2W & 3W OEM,7630.5,36.01,209473.79,1.07,1462.51,6632.42,30.53,69.0,167.6,1219.3
45,TVS Motor Co.,TVSMOTOR,Large Cap,Automotive & 2W/3W,2W & 3W OEM,4133.1,56.76,196358.26,0.29,1057.61,16295.52,17.37,70.0,157.1,1142.7
46,I O C L,IOC,Large Cap,Manufacturing & Services,Diversified,137.6,5.77,194308.24,6.0,-1141.09,266407.28,18.66,31.0,38.9,297.3
47,Solar Industries,SOLARINDS,Large Cap,Power Utilities & Cleantech,Renewable Energy & Power,21445.0,97.45,194055.92,0.05,666.37,3668.2,38.08,32.0,291.1,1921.5
48,Interglobe Aviat,INDIGO,Large Cap,Manufacturing & Services,Diversified,4977.0,0.0,192443.97,0.2,-238.0,24584.1,5.24,33.0,38.5,294.8
49,Torrent Pharma.,TORNTPHARM,Large Cap,Pharmaceuticals & Healthcare,Pharma & Healthcare,4857.0,82.8,184744.67,0.78,566.0,4921.0,15.19,34.0,36.9,282.0
50,Hyundai Motor I,HYUNDAI,Large Cap,Automotive & 2W/3W,Auto Ancillary & Components,2205.0,36.19,179165.31,0.95,888.62,16334.63,38.4,25.0,143.3,1042.8
51,SBI Life Insuran,SBILIFE,Large Cap,Banking & Financial Services,BFSI,1775.0,68.47,178094.55,0.15,724.93,46336.78,14.95,11.0,35.6,272.3
52,Wipro,WIPRO,Large Cap,IT & Software Services,IT & Software,176.4,13.22,174718.4,6.24,3356.3,24478.6,17.84,57.0,87.4,734.2
53,Adani Energy Sol,ADANIENSOL,Large Cap,Power Utilities & Cleantech,Renewable Energy & Power,1409.6,59.05,172387.66,0.0,1236.56,9711.08,9.65,38.0,258.6,1706.8
54,Vedanta Aluminium Metal,VAML,Large Cap,Metals & Mining,Metals & Mining,437.75,10.82,171177.24,1.83,6597.0,21393.0,0.0,39.0,256.8,1694.9
55,Samvardh. Mothe.,MOTHERSON,Large Cap,Automotive & 2W/3W,Auto Ancillary & Components,160.7,37.12,169609.89,0.37,1075.66,35243.77,13.43,30.0,135.7,987.0
56,DLF,DLF,Large Cap,Manufacturing & Services,Diversified,681.9,39.23,168791.51,1.17,793.9,1280.34,6.32,16.0,33.8,258.6
57,Tata Motors,TMCV,Large Cap,Automotive & 2W/3W,Auto Ancillary & Components,458.2,22.72,168741.33,0.87,2556.0,20667.0,35.9,32.0,135.0,982.1
58,Pidilite Inds.,PIDILITIND,Large Cap,Manufacturing & Services,Diversified,1629.5,62.62,165863.5,0.71,883.51,4551.55,31.02,18.0,33.2,254.0
59,Vodafone Idea,IDEA,Large Cap,Telecom & Data Centers,Telecom Infrastructure,15.02,0.0,162731.24,0.0,-3754.0,11689.0,-1.72,64.0,81.4,683.8
60,Tata Capital,TATACAP,Large Cap,Manufacturing & Services,Diversified,375.05,29.29,159203.81,0.15,1628.18,8821.93,8.58,20.0,31.8,243.3
61,Jio Financial,JIOFIN,Large Cap,Manufacturing & Services,Diversified,239.5,76.53,158145.24,0.25,830.25,2004.47,1.86,21.0,31.6,241.7
62,Cholaman.Inv.&Fn,CHOLAFIN,Large Cap,Manufacturing & Services,Diversified,1839.0,27.31,157062.74,0.11,1656.22,8856.29,9.71,22.0,31.4,240.2
63,A B B,ABB,Large Cap,Capital Goods & Engineering,Capital Goods,7410.0,101.88,157024.11,0.53,362.3,3558.87,29.93,23.0,31.4,240.2
64,Tech Mahindra,TECHM,Large Cap,IT & Software Services,IT & Software,1596.9,29.42,156517.56,3.19,1486.3,15711.9,23.12,69.0,78.3,657.4
65,Trent,TRENT,Large Cap,Manufacturing & Services,Diversified,2853.0,83.2,152131.18,0.14,518.07,5754.71,28.34,25.0,30.4,232.6
66,B H E L,BHEL,Large Cap,Capital Goods & Engineering,Capital Goods,431.1,61.71,150111.75,0.32,376.71,7697.72,9.14,26.0,30.0,229.5
67,ICICI AMC,ICICIAMC,Large Cap,Banking & Financial Services,BFSI,2970.9,42.13,146839.26,0.92,964.63,1564.22,115.1,27.0,29.4,224.9
68,Union Bank (I),UNIONBANK,Large Cap,Banking & Financial Services,BFSI,187.22,6.92,142916.36,2.67,5641.52,27427.1,6.3,28.0,28.6,218.8
69,Siemens,SIEMENS,Large Cap,Capital Goods & Engineering,Capital Goods,3977.0,94.21,141629.12,0.45,2143.1,4713.7,21.44,29.0,28.3,216.8
70,Hitachi Energy,POWERINDIA,Large Cap,Power Utilities & Cleantech,Renewable Energy & Power,31650.0,118.43,141071.54,0.03,294.15,2493.69,29.36,25.0,211.6,1396.6
71,CG Power & Ind,CGPOWER,Large Cap,Power Utilities & Cleantech,Renewable Energy & Power,891.0,110.3,140372.6,0.15,308.28,3280.81,26.71,26.0,210.6,1390.0
72,Cummins India,CUMMINSIND,Large Cap,Capital Goods & Engineering,Capital Goods,5035.0,57.21,139570.2,1.31,609.3,3426.01,39.5,32.0,27.9,213.2
73,BSE,BSE,Large Cap,Manufacturing & Services,Diversified,3409.8,49.12,139080.31,0.29,872.66,1566.02,59.99,33.0,27.8,212.7
74,Bosch,BOSCHLTD,Large Cap,Automotive & 2W/3W,Auto Ancillary & Components,46820.0,58.44,138100.74,0.58,706.1,5841.9,21.54,49.0,110.5,804.1
75,Varun Beverages,VBL,Large Cap,FMCG & Consumer Goods,FMCG,407.6,40.72,137869.27,0.37,1525.36,8451.23,19.71,10.0,27.6,211.1
76,B P C L,BPCL,Large Cap,Manufacturing & Services,Diversified,315.7,8.84,136966.62,5.54,-1872.7,151277.03,25.64,11.0,27.4,209.6
77,LTM,LTM,Large Cap,Manufacturing & Services,Diversified,4554.0,24.08,135081.35,1.65,1468.6,11608.0,29.6,12.0,27.0,206.6
78,Punjab Natl.Bank,PNB,Large Cap,Banking & Financial Services,BFSI,117.0,6.09,134467.44,2.56,5834.77,33589.17,6.13,13.0,26.9,205.5
79,Polycab India,POLYCAB,Large Cap,Capital Goods & Engineering,Capital Goods,8300.0,43.67,125074.02,0.57,796.66,8209.73,33.21,14.0,25.0,191.2
80,Apollo Hospitals,APOLLOHOSP,Large Cap,Manufacturing & Services,Diversified,8650.0,59.12,124373.73,0.23,610.4,7043.5,17.45,15.0,24.9,190.2
81,Bajaj Holdings,BAJAJHLDNG,Large Cap,Manufacturing & Services,Diversified,11162.0,14.03,124221.9,1.3,2708.08,394.33,11.0,16.0,24.8,189.7
82,Bank of Baroda,BANKBARODA,Large Cap,Banking & Financial Services,BFSI,239.0,5.6,123595.56,3.56,1839.26,35114.52,5.63,17.0,24.7,188.7
83,Britannia Inds.,BRITANNIA,Large Cap,FMCG & Consumer Goods,FMCG,5101.5,47.19,122878.96,1.77,593.38,4999.97,56.0,18.0,24.6,188.2
84,Lodha Developers,LODHA,Large Cap,Manufacturing & Services,Diversified,1222.0,29.6,122105.08,0.35,1373.1,4996.7,16.41,19.0,24.4,186.7
85,Billionbrains,GROWW,Large Cap,Manufacturing & Services,Diversified,194.0,49.89,121707.77,0.0,735.04,1501.42,37.32,20.0,24.3,186.1
86,Lenskart Solut.,LENSKART,Large Cap,Manufacturing & Services,Diversified,684.9,180.96,119125.08,0.0,228.43,2714.18,8.08,21.0,23.8,182.1
87,Jindal Steel,JINDALSTEL,Large Cap,Metals & Mining,Metals & Mining,1165.0,38.49,118840.26,0.17,843.8,15482.13,9.7,42.0,178.3,1177.0
88,HDFC Life Insur.,HDFCLIFE,Large Cap,Banking & Financial Services,BFSI,546.4,60.1,118710.26,0.38,611.19,33758.51,10.3,23.0,23.7,181.0
89,Indian Bank,INDIANB,Large Cap,Banking & Financial Services,BFSI,879.7,9.27,118492.42,2.07,3357.44,18095.14,6.32,24.0,23.7,181.0
90,Tata Power Co.,TATAPOWER,Large Cap,Power Utilities & Cleantech,Renewable Energy & Power,368.0,30.03,117588.5,0.68,1400.86,19051.26,10.53,15.0,176.4,1164.2
91,Power Fin.Corpn.,PFC,Large Cap,Power Utilities & Cleantech,Renewable Energy & Power,355.6,4.5,117351.62,5.22,8997.92,28526.86,9.71,16.0,176.0,1161.6
92,Muthoot Finance,MUTHOOTFIN,Large Cap,Banking & Financial Services,BFSI,2913.8,10.29,116979.88,1.03,2824.84,8671.6,15.8,27.0,23.4,179.0
93,Tata Motors PVeh,TMPV,Large Cap,Automotive & 2W/3W,Auto Ancillary & Components,311.5,115.14,114722.07,0.96,859.0,95799.0,2.73,68.0,91.8,667.8
94,SBI Funds Mgt.,SBIFUNDS,Large Cap,Banking & Financial Services,BFSI,562.1,36.95,114490.08,0.0,880.26,1152.73,56.5,29.0,22.9,174.9
95,GAIL (India),GAIL,Large Cap,Manufacturing & Services,Diversified,173.4,11.54,114012.23,3.17,4670.99,41197.61,9.67,30.0,22.8,174.4
96,Canara Bank,CANBK,Large Cap,Banking & Financial Services,BFSI,125.5,5.73,113836.67,3.35,5182.06,32957.16,6.52,31.0,22.8,174.4
97,Cipla,CIPLA,Large Cap,Pharmaceuticals & Healthcare,Pharma & Healthcare,1385.0,31.26,111888.39,0.94,785.55,7119.28,15.49,32.0,22.4,171.4
98,Zydus Lifesci.,ZYDUSLIFE,Large Cap,Pharmaceuticals & Healthcare,Pharma & Healthcare,1120.0,22.95,111720.43,0.09,990.2,8017.0,21.14,33.0,22.3,170.8
99,LG Electronics,LGEINDIA,Large Cap,Manufacturing & Services,Diversified,1640.7,61.03,111366.19,0.0,652.86,7233.35,32.27,34.0,22.3,170.8
100,Siemens Ener.Ind,ENRIN,Large Cap,Capital Goods & Engineering,Capital Goods,3115.7,72.69,110956.47,0.13,440.9,2485.6,67.75,10.0,22.2,169.8
101,Aditya Birla Cap,ABCAPITAL,Large Cap,Manufacturing & Services,Diversified,404.9,27.54,110841.87,0.0,1223.85,12179.54,8.72,11.0,22.2,169.8
102,GE Vernova T&D,GVT&D,Large Cap,Manufacturing & Services,Diversified,4306.3,81.66,110262.81,0.23,362.99,1836.14,77.44,12.0,22.1,169.3
103,I R F C,IRFC,Large Cap,Manufacturing & Services,Diversified,83.4,15.16,108991.34,2.52,1927.21,8261.11,5.64,13.0,21.8,166.8
104,United Spirits,UNITDSPR,Large Cap,Manufacturing & Services,Diversified,1471.7,57.76,107044.23,1.16,463.0,2708.0,26.39,14.0,21.4,163.7
105,Vedanta,VEDL,Large Cap,Metals & Mining,Metals & Mining,272.1,9.67,106401.66,12.5,7918.0,24205.0,16.08,30.0,159.6,1053.4
106,One 97,PAYTM,Large Cap,Manufacturing & Services,Diversified,1659.5,131.12,106396.04,0.0,220.0,2448.0,4.96,16.0,21.3,163.2
107,Hero Motocorp,HEROMOTOCO,Large Cap,Automotive & 2W/3W,2W & 3W OEM,5300.0,19.15,106074.84,3.49,1417.93,13126.35,35.22,32.0,84.9,617.9
108,Marico,MARICO,Large Cap,FMCG & Consumer Goods,FMCG,815.15,56.06,105838.09,0.49,652.0,3957.0,47.05,18.0,21.2,162.2
109,HDFC AMC,HDFCAMC,Large Cap,Banking & Financial Services,BFSI,2458.3,35.74,105414.49,2.2,838.36,1098.5,42.88,19.0,21.1,161.7
110,Oracle Fin.Serv.,OFSS,Large Cap,Manufacturing & Services,Diversified,12058.0,30.77,105004.83,3.32,1415.5,3125.2,45.28,20.0,21.0,160.7
111,GMR Airports,GMRAIRPORT,Large Cap,Manufacturing & Services,Diversified,97.45,183.13,102897.22,0.0,147.96,3966.88,11.65,21.0,20.6,157.6
112,Lloyds Metals,LLOYDSME,Large Cap,Metals & Mining,Metals & Mining,1823.0,21.53,102617.94,0.05,1733.89,7354.4,27.29,37.0,153.9,1016.0
113,Indian Hotels Co,INDHOTEL,Large Cap,Manufacturing & Services,Diversified,720.0,52.73,102487.12,0.45,390.81,2339.19,17.06,23.0,20.5,157.1
114,Ambuja Cements,AMBUJACEM,Large Cap,Cement & Building Materials,Cement & Materials,405.0,21.37,100635.1,0.49,660.0,9500.0,5.61,39.0,151.0,996.6
115,Tata Consumer,TATACONSUM,Large Cap,Manufacturing & Services,Diversified,1010.0,60.6,99958.69,0.99,427.19,5348.88,9.24,25.0,20.0,153.0
116,Mazagon Dock,MAZDOCK,Large Cap,Manufacturing & Services,Diversified,2475.0,34.93,99836.55,0.73,550.46,2942.7,35.98,26.0,20.0,153.0
117,Laurus Labs,LAURUSLABS,Large Cap,Pharmaceuticals & Healthcare,Pharma & Healthcare,1840.0,90.93,99417.45,0.11,362.07,2026.31,17.76,27.0,19.9,152.0
118,Indus Towers,INDUSTOWER,Large Cap,Telecom & Data Centers,Telecom Infrastructure,376.8,13.9,99405.97,3.72,1745.8,8431.1,19.48,83.0,49.7,417.8
119,Ashok Leyland,ASHOKLEY,Large Cap,Manufacturing & Services,Diversified,169.0,26.66,99268.14,2.07,667.77,13069.59,13.63,29.0,19.9,152.0
120,JSW Energy,JSWENERGY,Large Cap,Power Utilities & Cleantech,Renewable Energy & Power,539.85,49.34,98980.57,0.37,532.7,5207.13,8.16,15.0,148.5,980.3
121,IDBI Bank,IDBI,Large Cap,Banking & Financial Services,BFSI,90.63,10.46,97449.02,2.32,2130.57,7549.28,5.92,31.0,19.5,148.9
122,Meesho,MEESHO,Large Cap,Manufacturing & Services,Diversified,209.0,0.0,96688.01,0.0,-132.84,3712.81,-39.97,32.0,19.3,147.9
123,Lupin,LUPIN,Large Cap,Pharmaceuticals & Healthcare,Pharma & Healthcare,2110.0,16.2,96483.1,0.85,1416.98,8276.89,29.93,33.0,19.3,147.9
124,Mankind Pharma,MANKIND,Large Cap,Pharmaceuticals & Healthcare,Pharma & Healthcare,2327.9,45.09,96152.77,0.04,574.09,4030.59,13.53,34.0,19.2,146.9
125,Dr Reddy's Labs,DRREDDY,Large Cap,Pharmaceuticals & Healthcare,Pharma & Healthcare,1151.0,29.82,96071.66,0.7,435.6,8099.8,13.04,10.0,19.2,146.9
126,Max Healthcare,MAXHEALTH,Large Cap,Manufacturing & Services,Diversified,984.8,64.02,95851.59,0.2,322.96,2366.17,14.71,11.0,19.2,146.9
127,Manipal Health,MANIPALHOS,Large Cap,Manufacturing & Services,Diversified,725.2,107.73,95391.15,0.0,243.43,3090.63,12.1,12.0,19.1,146.4
128,FSN E-Commerce,NYKAA,Large Cap,Manufacturing & Services,Diversified,332.5,357.75,95231.79,0.0,79.76,2782.0,17.23,13.0,19.0,145.3
129,Aurobindo Pharma,AUROPHARMA,Large Cap,Pharmaceuticals & Healthcare,Pharma & Healthcare,1653.1,25.16,95115.72,0.24,1032.03,9150.35,12.86,14.0,19.0,145.3
130,Bharat Forge,BHARATFORG,Large Cap,Automotive & 2W/3W,Auto Ancillary & Components,1956.0,92.61,93514.14,0.43,-89.89,4639.94,12.61,55.0,74.8,544.2
131,Godrej Consumer,GODREJCP,Large Cap,FMCG & Consumer Goods,FMCG,878.0,43.28,89846.17,2.28,504.52,4225.47,18.75,16.0,18.0,137.7
132,Persistent Systems,PERSISTENT,Large Cap,IT & Software Services,IT & Software,5643.0,44.73,89018.33,0.71,483.04,4303.23,34.36,57.0,44.5,374.1
133,Coforge,COFORGE,Large Cap,Automotive & 2W/3W,Auto Ancillary & Components,1972.8,45.58,87390.72,0.61,531.7,5527.7,23.5,58.0,69.9,508.8
134,Dixon Technolog.,DIXON,Large Cap,IT & Software Services,IT & Software,14240.0,46.41,87106.91,0.07,717.83,15547.66,29.21,59.0,43.6,366.2
135,Shree Cement,SHREECEM,Large Cap,Cement & Building Materials,Cement & Materials,23855.0,52.8,86070.62,0.63,531.12,6233.13,10.27,30.0,129.1,851.8
136,Info Edg.(India),NAUKRI,Large Cap,Manufacturing & Services,Diversified,1319.8,58.02,85578.55,0.64,490.05,880.75,3.45,21.0,17.1,131.1
137,PB Fintech.,POLICYBZR,Large Cap,IT & Software Services,IT & Software,1836.0,113.53,84950.78,0.0,162.91,1888.28,10.31,62.0,42.5,357.3
138,Federal Bank,FEDERALBNK,Large Cap,Banking & Financial Services,BFSI,343.0,18.11,84792.0,0.35,1302.49,7861.58,6.39,23.0,17.0,130.1
139,REC Ltd,RECLTD,Large Cap,Manufacturing & Services,Diversified,318.7,5.23,83920.85,5.82,4192.76,14434.92,9.71,24.0,16.8,128.5
140,Multi Comm. Exc.,MCX,Large Cap,Manufacturing & Services,Diversified,3275.4,54.17,83520.03,0.24,413.44,702.0,71.35,25.0,16.7,127.5
141,S A I L,SAIL,Large Cap,Metals & Mining,Metals & Mining,196.8,16.83,81288.74,1.19,1644.05,26245.67,7.92,36.0,121.9,804.8
142,AU Small Finance,AUBANK,Large Cap,Banking & Financial Services,BFSI,1065.0,27.99,79936.57,0.09,795.95,5302.74,7.66,27.0,16.0,122.4
143,Oil India,OIL,Large Cap,Manufacturing & Services,Diversified,488.3,9.51,79427.26,2.36,4026.83,12503.32,11.51,28.0,15.9,121.9
144,L&T Finance Ltd,LTF,Large Cap,Banking & Financial Services,BFSI,314.0,24.57,78699.47,0.88,915.99,5212.92,8.4,29.0,15.7,119.8
145,IndusInd Bank,INDUSINDBK,Large Cap,Banking & Financial Services,BFSI,1008.5,59.42,78576.32,0.15,1037.05,11309.94,5.68,30.0,15.7,119.8
146,JSW Infrast,JSWINFRA,Large Cap,Manufacturing & Services,Diversified,333.0,50.04,77589.05,0.27,357.6,1444.83,13.59,31.0,15.5,118.3
147,NHPC Ltd,NHPC,Large Cap,Power Utilities & Cleantech,Renewable Energy & Power,76.25,20.17,76593.39,2.11,1178.09,3808.31,5.75,42.0,114.9,758.6
148,Swiggy,SWIGGY,Large Cap,Manufacturing & Services,Diversified,276.1,0.0,76212.26,0.0,-791.0,6812.0,-24.08,33.0,15.2,116.3
149,H P C L,HINDPETRO,Large Cap,Manufacturing & Services,Diversified,356.5,45.39,75856.87,6.8,-12264.67,140584.25,22.24,34.0,15.2,116.3
150,Waaree Energies,WAAREEENER,Large Cap,Power Utilities & Cleantech,Renewable Energy & Power,2635.0,18.83,75796.13,0.15,891.87,7931.79,38.78,15.0,113.7,750.6
151,SRF,SRF,Large Cap,Chemicals & Petrochemicals,Chemicals,2547.0,33.69,75499.4,0.35,758.87,5033.26,14.61,11.0,15.1,115.3
152,ICICI Lombard,ICICIGI,Large Cap,Banking & Financial Services,BFSI,1510.0,31.07,75440.02,0.89,403.17,7088.22,21.88,12.0,15.1,115.3
153,NTPC Green Ene.,NTPCGREEN,Large Cap,Power Utilities & Cleantech,Renewable Energy & Power,89.36,124.06,75297.68,0.0,304.84,1106.86,3.56,18.0,112.9,745.4
154,Bharti Hexacom,BHARTIHEXA,Large Cap,Manufacturing & Services,Diversified,1495.4,40.46,74770.0,1.2,482.4,2509.9,21.37,14.0,15.0,114.8
155,IDFC First Bank,IDFCFIRSTB,Large Cap,Banking & Financial Services,BFSI,86.71,33.24,74758.84,0.29,1074.96,11051.09,5.98,15.0,15.0,114.8
156,NMDC,NMDC,Large Cap,Metals & Mining,Metals & Mining,84.7,9.98,74466.69,2.95,1976.23,6795.25,27.58,21.0,111.7,737.4
157,Nippon Life Ind.,NAM-INDIA,Large Cap,Manufacturing & Services,Diversified,1159.9,45.33,74208.26,1.85,503.7,766.87,43.8,17.0,14.8,113.2
158,Apar Inds.,APARINDS,Large Cap,Manufacturing & Services,Diversified,17421.0,60.52,72945.8,0.34,467.45,6591.06,31.81,18.0,14.6,111.7
159,Havells India,HAVELLS,Large Cap,Capital Goods & Engineering,Capital Goods,1154.0,43.46,72420.61,0.87,289.71,6518.19,24.9,19.0,14.5,111.2
160,Uno Minda,UNOMINDA,Large Cap,Automotive & 2W/3W,Auto Ancillary & Components,1249.7,59.04,72166.08,0.21,315.51,5556.85,19.65,35.0,57.7,420.0
161,ICICI Pru Life,ICICIPRULI,Large Cap,Banking & Financial Services,BFSI,494.55,44.63,71760.93,0.33,623.91,3185.46,10.14,21.0,14.4,110.2
162,Yes Bank,YESBANK,Large Cap,Banking & Financial Services,BFSI,22.5,18.71,70623.67,0.0,1071.81,8054.49,5.98,22.0,14.1,107.6
163,Phoenix Mills,PHOENIXLTD,Large Cap,Textiles & Apparel,Textiles,1942.0,53.57,69461.04,0.13,394.5,1074.94,12.83,38.0,55.6,404.5
164,Bajaj Housing,BAJAJHFL,Large Cap,Manufacturing & Services,Diversified,83.08,25.62,69225.04,0.0,715.28,3063.02,8.85,24.0,13.8,105.6
165,Glenmark Pharma.,GLENMARK,Large Cap,Pharmaceuticals & Healthcare,Pharma & Healthcare,2437.2,22.04,68783.8,0.21,482.82,4018.48,39.77,25.0,13.8,105.6
166,Natl. Aluminium,NATIONALUM,Large Cap,Manufacturing & Services,Diversified,374.1,10.18,68708.4,3.07,2003.14,5302.38,39.59,26.0,13.7,104.5
167,Aster DM Quality,ASTERDM,Large Cap,Manufacturing & Services,Diversified,785.75,189.76,68491.66,0.38,29.28,1310.68,11.4,27.0,13.7,104.5
168,Prestige Estates,PRESTIGE,Large Cap,Manufacturing & Services,Diversified,1587.0,60.02,68356.89,0.13,271.4,2675.1,10.38,28.0,13.7,104.5
169,Welspun Corp,WELCORP,Large Cap,Textiles & Apparel,Textiles,2590.6,29.59,68337.6,0.19,1047.88,4081.12,22.89,44.0,54.7,398.2
170,Fortis Health.,FORTIS,Large Cap,Manufacturing & Services,Diversified,905.0,64.04,68323.71,0.11,272.8,2545.03,13.45,30.0,13.7,104.5
171,Oberoi Realty,OBEROIRLTY,Large Cap,Manufacturing & Services,Diversified,1875.6,25.76,68197.24,0.43,543.51,1300.89,17.28,31.0,13.6,104.0
172,Dabur India,DABUR,Large Cap,FMCG & Consumer Goods,FMCG,380.9,34.06,67570.02,2.17,586.16,3764.39,20.28,32.0,13.5,103.0
173,Adani Total Gas,ATGL,Large Cap,Manufacturing & Services,Diversified,612.35,110.82,67346.87,0.04,133.03,1743.48,15.09,33.0,13.5,103.0
174,Bank of Maha,MAHABANK,Large Cap,Banking & Financial Services,BFSI,85.95,8.77,66108.91,2.56,2023.32,8034.65,6.03,34.0,13.2,101.0
175,Bank of India,BANKINDIA,Large Cap,Banking & Financial Services,BFSI,145.0,5.6,66013.68,3.21,3303.98,20096.9,5.93,10.0,13.2,101.0
176,Torrent Power,TORNTPOWER,Large Cap,Power Utilities & Cleantech,Renewable Energy & Power,1299.1,28.17,65462.11,1.54,661.85,8124.15,13.66,41.0,98.2,648.1
177,Biocon,BIOCON,Large Cap,Pharmaceuticals & Healthcare,Pharma & Healthcare,397.4,89.05,64764.04,0.13,136.8,4336.0,3.61,12.0,13.0,99.4
178,I O B,IOB,Large Cap,Manufacturing & Services,Diversified,33.55,11.22,64605.86,0.0,1659.24,8777.57,6.07,13.0,12.9,98.9
179,RBL Bank,RBLBANK,Large Cap,Banking & Financial Services,BFSI,414.35,73.38,64263.17,0.24,253.7,3840.25,5.77,14.0,12.9,98.9
180,General Insuranc,GICRE,Large Cap,Manufacturing & Services,Diversified,358.45,7.09,62886.47,3.7,1743.67,14400.9,17.35,15.0,12.6,96.4
181,Ather Energy,ATHERENERG,Large Cap,Power Utilities & Cleantech,Renewable Energy & Power,1584.0,0.0,62822.03,0.0,-50.87,1216.92,-19.77,16.0,94.2,621.7
182,SBI Cards,SBICARD,Large Cap,Banking & Financial Services,BFSI,658.25,27.53,62641.91,0.38,664.44,5040.55,10.1,17.0,12.5,95.9
183,APL Apollo Tubes,APLAPOLLO,Large Cap,Manufacturing & Services,Diversified,2250.0,50.83,62473.14,0.38,263.11,5606.71,31.75,18.0,12.5,95.9
184,Motil.Oswal.Fin.,MOTILALOFS,Large Cap,Manufacturing & Services,Diversified,1037.0,31.54,62460.92,0.58,1273.71,3425.76,12.66,19.0,12.5,95.9
185,Alkem Lab,ALKEM,Large Cap,Pharmaceuticals & Healthcare,Pharma & Healthcare,5190.0,27.3,62054.24,1.02,520.98,3740.15,21.24,20.0,12.4,94.9
186,Kalyan Jewellers,KALYANKJIL,Large Cap,Manufacturing & Services,Diversified,598.8,42.26,61841.13,0.42,348.67,10588.93,21.15,21.0,12.4,94.9
187,Schaeffler India,SCHAEFFLER,Large Cap,Manufacturing & Services,Diversified,3956.4,47.9,61839.98,0.88,336.73,2681.41,27.9,22.0,12.4,94.9
188,Suzlon Energy,SUZLON,Large Cap,Power Utilities & Cleantech,Renewable Energy & Power,45.35,19.67,61836.48,0.0,305.22,3829.09,34.15,23.0,92.8,612.5
189,Jindal Stain.,JSL,Large Cap,Metals & Mining,Metals & Mining,737.85,18.48,60829.8,0.54,768.66,11278.54,19.28,24.0,91.2,601.9
190,Radico Khaitan,RADICO,Large Cap,Manufacturing & Services,Diversified,4494.0,84.72,60211.69,0.2,229.6,1683.69,24.15,25.0,12.0,91.8
191,Godrej Propert.,GODREJPROP,Large Cap,Manufacturing & Services,Diversified,1982.0,36.9,59703.09,0.5,349.38,506.17,7.63,26.0,11.9,91.3
192,Coromandel Inter,COROMANDEL,Large Cap,Manufacturing & Services,Diversified,1938.8,30.63,57197.79,0.57,381.56,8164.77,22.05,27.0,11.4,87.2
193,HDB FINANC SER,HDBFS,Large Cap,Manufacturing & Services,Diversified,682.7,20.54,56716.32,0.59,785.2,4937.9,9.09,28.0,11.3,86.7
194,Berger Paints,BERGEPAINT,Large Cap,Manufacturing & Services,Diversified,485.3,46.07,56586.12,0.82,405.01,3583.75,21.55,29.0,11.3,86.7
195,Abbott India,ABBOTINDIA,Large Cap,Capital Goods & Engineering,Capital Goods,26065.0,34.3,55388.13,2.01,428.52,1813.68,44.8,30.0,11.1,84.7
196,MRF,MRF,Large Cap,Automotive & 2W/3W,Auto Ancillary & Components,129945.0,22.36,55111.53,0.18,495.35,8415.5,15.73,71.0,44.1,321.1
197,Altius Telecom,543225,Large Cap,Telecom & Data Centers,Telecom Infrastructure,178.0,42.87,54243.72,8.84,375.3,6025.1,8.6,82.0,27.1,227.9
198,Linde India,LINDEINDIA,Large Cap,Manufacturing & Services,Diversified,6346.0,98.61,54118.69,0.06,103.03,694.36,18.23,33.0,10.8,82.6
199,Max Financial,MFSL,Large Cap,Manufacturing & Services,Diversified,1548.4,492.49,53437.57,0.0,118.29,14969.51,2.87,34.0,10.7,81.6
200,Piramal Finance.,PIRAMALFIN,Large Cap,Banking & Financial Services,BFSI,2225.0,117.28,52650.24,0.49,460.98,3368.27,6.47,10.0,10.5,80.6
201,Anthem Bioscienc,ANTHEM,Large Cap,Manufacturing & Services,Diversified,934.05,88.67,52607.41,0.21,119.94,418.22,30.37,11.0,10.5,80.6
202,Tube Investments,TIINDIA,Large Cap,Manufacturing & Services,Diversified,2698.0,83.33,52225.81,0.13,293.96,6215.33,17.14,12.0,10.4,79.6
203,M & M Fin. Serv.,M&MFIN,Large Cap,Manufacturing & Services,Diversified,373.65,15.5,51944.49,2.01,927.48,5717.91,8.72,13.0,10.4,79.6
204,F A C T,FACT,Large Cap,Manufacturing & Services,Diversified,801.4,0.0,51856.35,0.02,-61.94,1253.4,4.93,14.0,10.4,79.6
205,Sundaram Finance,SUNDARMFIN,Large Cap,Banking & Financial Services,BFSI,4648.7,22.68,51648.85,0.86,636.19,2644.13,9.44,15.0,10.3,79.0
206,Hindustan Copper,HINDCOPPER,Large Cap,Manufacturing & Services,Diversified,521.65,41.71,50444.81,0.55,352.61,936.5,42.38,16.0,10.1,77.0
207,Glaxosmi. Pharma,GLAXO,Large Cap,Pharmaceuticals & Healthcare,Pharma & Healthcare,2958.1,47.59,50112.0,1.93,237.18,938.44,61.41,17.0,10.0,76.5
208,Tata Comm,TATACOMM,Large Cap,Telecom & Data Centers,Telecom Infrastructure,1756.1,48.11,50063.89,1.0,129.72,6582.82,14.63,53.0,25.0,210.0
209,Gujarat Fluoroch,FLUOROCHEM,Large Cap,Chemicals & Petrochemicals,Chemicals,4554.0,80.99,50025.69,0.07,219.0,1588.0,9.64,19.0,10.0,76.5
210,Knowledge Realty,KRT,Mid Cap,Manufacturing & Services,Diversified,112.49,79.54,49882.56,1.51,250.8,1243.06,5.22,20.0,10.0,76.5
211,Ipca Labs.,IPCALAB,Mid Cap,Pharmaceuticals & Healthcare,Pharma & Healthcare,1965.3,36.3,49860.49,0.31,424.27,2788.1,16.98,21.0,10.0,76.5
212,Colgate-Palmoliv,COLPAL,Mid Cap,FMCG & Consumer Goods,FMCG,1829.2,36.35,49751.61,2.62,343.08,1603.3,108.02,22.0,10.0,76.5
213,Vishal Mega Mart,VMM,Mid Cap,Capital Goods & Engineering,Capital Goods,106.14,55.75,49724.56,0.0,258.77,3727.01,15.18,23.0,9.9,76.0
214,Sona BLW Precis.,SONACOMS,Mid Cap,Automotive & 2W/3W,Auto Ancillary & Components,789.0,63.34,49243.73,0.43,220.11,1157.24,15.11,39.0,39.4,286.6
215,UPL,UPL,Mid Cap,Chemicals & Petrochemicals,Chemicals,582.15,24.86,49127.93,1.03,-73.0,10181.0,10.11,25.0,9.8,75.0
216,Gland Pharma,GLAND,Mid Cap,Pharmaceuticals & Healthcare,Pharma & Healthcare,2932.4,42.22,48374.82,0.68,316.96,1800.27,15.11,26.0,9.7,74.0
217,Indo-MIM,INDOMIM,Mid Cap,Manufacturing & Services,Diversified,971.5,74.41,48038.82,0.0,240.12,1218.74,24.98,27.0,9.6,73.4
218,KEI Industries,KEI,Mid Cap,Manufacturing & Services,Diversified,4850.0,46.51,46366.29,0.09,274.14,3185.34,20.07,28.0,9.3,71.4
219,360 ONE,360ONE,Mid Cap,Manufacturing & Services,Diversified,1137.0,36.72,46340.08,1.06,330.53,1226.09,12.12,29.0,9.3,71.4
220,Mphasis,MPHASIS,Mid Cap,Manufacturing & Services,Diversified,2422.0,23.88,46230.35,2.56,489.51,4384.05,22.09,30.0,9.2,70.4
221,Bharat Dynamics,BDL,Mid Cap,Manufacturing & Services,Diversified,1255.0,88.34,46003.59,0.39,118.79,572.24,13.84,31.0,9.2,70.4
222,Premier Energies,PREMIERENE,Mid Cap,Manufacturing & Services,Diversified,1002.0,27.32,45485.94,0.1,471.92,2462.59,33.32,32.0,9.1,69.4
223,Aegis Logistics,AEGISLOG,Mid Cap,Manufacturing & Services,Diversified,1270.2,35.63,44584.02,0.68,544.84,2356.86,13.33,33.0,8.9,68.3
224,Rail Vikas,RVNL,Mid Cap,Manufacturing & Services,Diversified,212.49,49.25,44304.59,0.8,159.52,4321.23,10.8,34.0,8.9,68.3
225,Balkrishna Inds,BALKRISIND,Mid Cap,Automotive & 2W/3W,Auto Ancillary & Components,2284.6,31.42,44165.25,0.7,450.77,3455.27,11.18,50.0,35.3,256.6
226,Authum Invest,AIIL,Mid Cap,Manufacturing & Services,Diversified,519.9,21.1,44151.23,0.02,1114.81,1448.22,13.76,11.0,8.8,67.3
227,Supreme Inds.,SUPREMEIND,Mid Cap,Manufacturing & Services,Diversified,3475.0,42.76,44141.84,1.04,280.72,2717.66,20.73,12.0,8.8,67.3
228,Navin Fluo.Intl.,NAVINFLUOR,Mid Cap,Chemicals & Petrochemicals,Chemicals,8557.5,55.21,43912.48,0.18,243.31,1045.08,20.96,13.0,8.8,67.3
229,Aditya Infotech,CPPLUS,Mid Cap,IT & Software Services,IT & Software,3704.6,91.82,43825.58,0.04,142.2,1402.42,28.56,74.0,21.9,183.7
230,Thermax,THERMAX,Mid Cap,Capital Goods & Engineering,Capital Goods,3637.6,78.76,43344.3,0.38,21.79,2302.73,13.94,15.0,8.7,66.3
231,Ajanta Pharma,AJANTPHARM,Mid Cap,Pharmaceuticals & Healthcare,Pharma & Healthcare,3464.8,38.15,43295.8,0.92,334.22,1625.96,34.51,16.0,8.7,66.3
232,Petronet LNG,PETRONET,Mid Cap,Manufacturing & Services,Diversified,288.1,10.27,43215.0,3.47,1137.14,5557.84,22.74,17.0,8.6,65.8
233,Embassy Off.REIT,EMBASSY,Mid Cap,Manufacturing & Services,Diversified,438.69,169.52,41583.15,0.05,195.22,1240.81,5.61,18.0,8.3,63.8
234,Poonawalla Fin,POONAWALLA,Mid Cap,Manufacturing & Services,Diversified,468.45,52.42,41250.57,0.0,307.71,2330.22,7.51,19.0,8.3,63.8
235,K P R Mill Ltd,KPRMILL,Mid Cap,Textiles & Apparel,Textiles,1186.3,44.45,40549.39,0.42,258.54,1935.52,19.58,60.0,32.4,235.7
236,Page Industries,PAGEIND,Mid Cap,Textiles & Apparel,Textiles,36300.0,51.8,40488.56,1.52,192.81,1420.45,64.39,61.0,32.4,235.7
237,Astral,ASTRAL,Mid Cap,Manufacturing & Services,Diversified,1492.9,67.7,40106.78,0.27,120.2,1578.0,19.22,22.0,8.0,61.2
238,Global Health,MEDANTA,Mid Cap,Manufacturing & Services,Diversified,1469.8,69.02,39518.77,0.03,157.25,1304.05,17.37,23.0,7.9,60.7
239,AIA Engineering,AIAENG,Mid Cap,Manufacturing & Services,Diversified,4231.2,31.12,39485.71,0.38,300.99,1168.02,21.12,24.0,7.9,60.7
240,Cochin Shipyard,COCHINSHIP,Mid Cap,Manufacturing & Services,Diversified,1499.1,66.73,39438.44,0.5,135.8,909.92,14.28,25.0,7.9,60.7
241,J K Cements,JKCEMENT,Mid Cap,Cement & Building Materials,Cement & Materials,5083.5,40.23,39279.32,0.39,274.62,4031.72,15.1,16.0,58.9,388.5
242,Godrej Industrie,GODREJIND,Mid Cap,Manufacturing & Services,Diversified,1163.5,32.57,39192.62,0.0,523.36,5448.09,8.17,27.0,7.8,59.7
243,Endurance Tech.,ENDURANCE,Mid Cap,Automotive & 2W/3W,Auto Ancillary & Components,2782.8,39.76,39143.66,0.41,244.52,4314.89,17.8,68.0,31.3,227.9
244,Voltas,VOLTAS,Mid Cap,Manufacturing & Services,Diversified,1170.0,82.91,38713.51,0.34,212.76,4673.5,9.04,29.0,7.7,59.2
245,Container Corpn.,CONCOR,Mid Cap,Manufacturing & Services,Diversified,508.0,31.15,38690.19,1.5,268.9,2159.76,12.41,30.0,7.7,59.2
246,Sterlite Tech.,STLTECH,Mid Cap,IT & Software Services,IT & Software,748.9,162.93,38486.81,0.0,197.0,1910.0,7.65,51.0,19.2,161.3
247,I R C T C,IRCTC,Mid Cap,Manufacturing & Services,Diversified,476.05,27.59,38084.0,1.79,329.86,1369.53,46.09,32.0,7.6,58.1
248,Cupid,CUPID,Mid Cap,Manufacturing & Services,Diversified,283.15,277.08,38074.07,0.0,44.16,156.99,33.88,33.0,7.6,58.1
249,Narayana Hrudaya,NH,Mid Cap,Manufacturing & Services,Diversified,1858.5,44.06,37980.46,0.24,207.27,2683.63,15.5,34.0,7.6,58.1
250,New India Assura,NIACL,Mid Cap,Manufacturing & Services,Diversified,229.91,49.25,37889.17,0.65,-239.15,11899.69,4.29,10.0,7.6,58.1
251,NLC India,NLCINDIA,Mid Cap,Manufacturing & Services,Diversified,273.05,11.8,37862.11,1.32,436.33,4716.75,10.45,11.0,7.6,58.1
252,P I Industries,PIIND,Mid Cap,Manufacturing & Services,Diversified,2465.0,34.62,37398.52,0.61,244.2,1702.3,14.99,12.0,7.5,57.1
253,Patanjali Foods,PATANJALI,Mid Cap,Manufacturing & Services,Diversified,342.5,17.18,37267.72,1.46,335.86,11337.45,12.0,13.0,7.5,57.1
254,L&T Technology,LTTS,Mid Cap,IT & Software Services,IT & Software,3493.3,27.57,37056.07,1.66,357.1,2940.1,26.71,59.0,18.5,155.7
255,3M India,3MINDIA,Mid Cap,Manufacturing & Services,Diversified,32845.0,83.96,37016.32,0.49,233.07,1423.21,50.01,15.0,7.4,56.6
256,Anand Rathi Wea.,ANANDRATHI,Mid Cap,Manufacturing & Services,Diversified,2215.9,79.57,36793.08,0.29,163.22,312.95,57.47,16.0,7.4,56.6
257,Physicswallah,PWL,Mid Cap,Manufacturing & Services,Diversified,126.42,600.1,36673.01,0.0,-88.28,1053.95,4.02,17.0,7.3,55.6
258,Emcure Pharma,EMCURE,Mid Cap,Pharmaceuticals & Healthcare,Pharma & Healthcare,1927.6,35.5,36566.43,0.19,292.49,2580.45,24.02,18.0,7.3,55.6
259,H U D C O,HUDCO,Mid Cap,Manufacturing & Services,Diversified,180.52,8.49,36138.3,3.35,851.11,3717.17,8.41,19.0,7.2,55.1
260,Bagmane Prime REIT,BAGMANE,Mid Cap,Manufacturing & Services,Diversified,106.28,0.0,36135.2,1.41,58.51,437.01,0.0,20.0,7.2,55.1
261,Exide Inds.,EXIDEIND,Mid Cap,Automotive & 2W/3W,Auto Ancillary & Components,424.35,38.44,36069.75,0.47,351.3,5528.38,8.54,36.0,28.9,210.0
262,PTC Industries,PTCIL,Mid Cap,Manufacturing & Services,Diversified,23830.0,284.48,35727.24,0.0,29.19,191.8,8.43,22.0,7.1,54.1
263,HFCL,HFCL,Mid Cap,Manufacturing & Services,Diversified,231.44,61.87,35424.26,0.04,245.64,1914.98,10.86,23.0,7.1,54.1
264,CRISIL,CRISIL,Mid Cap,Manufacturing & Services,Diversified,4802.0,39.71,35117.04,0.52,216.46,1075.39,32.55,24.0,7.0,53.5
265,Delhivery,DELHIVERY,Mid Cap,Manufacturing & Services,Diversified,457.9,287.6,34304.35,0.0,31.91,2930.73,1.01,25.0,6.9,53.0
266,Wockhardt,WOCKPHARMA,Mid Cap,Pharmaceuticals & Healthcare,Pharma & Healthcare,2088.7,85.12,33939.74,0.0,107.0,929.0,7.55,26.0,6.8,52.0
267,Himadri Special,HSCL,Mid Cap,Manufacturing & Services,Diversified,671.05,42.37,33859.45,0.12,228.43,1431.88,22.12,27.0,6.8,52.0
268,United Breweries,UBL,Mid Cap,Manufacturing & Services,Diversified,1279.4,97.87,33827.99,0.78,166.28,3066.86,10.68,28.0,6.8,52.0
269,Karur Vysya Bank,KARURVYSYA,Mid Cap,Banking & Financial Services,BFSI,348.85,12.29,33718.18,0.75,755.7,3049.42,7.62,29.0,6.7,51.5
270,Sai Life,SAILIFE,Mid Cap,Metals & Mining,Metals & Mining,1584.3,91.51,33649.62,0.0,73.29,554.29,19.65,15.0,50.5,333.5
271,ITC Hotels,ITCHOTELS,Mid Cap,FMCG & Consumer Goods,FMCG,161.23,36.44,33584.3,0.62,181.91,936.02,11.23,31.0,6.7,51.5
272,Nuvama Wealth,NUVAMA,Mid Cap,Manufacturing & Services,Diversified,1815.6,30.89,33446.67,1.53,305.64,1376.22,17.49,32.0,6.7,51.5
273,Escorts Kubota,ESCORTS,Mid Cap,Manufacturing & Services,Diversified,2968.8,23.34,33214.27,1.11,385.93,3207.55,13.93,33.0,6.6,50.5
274,Mindspace Busine,MINDSPACE,Mid Cap,Manufacturing & Services,Diversified,501.11,42.56,33173.16,2.35,271.81,946.44,7.64,34.0,6.6,50.5
275,National High,NHIT,Mid Cap,Manufacturing & Services,Diversified,171.0,41.48,33120.15,2.47,234.5,1311.87,4.42,10.0,6.6,50.5
276,Dhoot Transmission,DHOOTTRANS,Mid Cap,Manufacturing & Services,Diversified,1615.7,73.78,33048.83,0.0,132.68,1446.42,24.36,11.0,6.6,50.5
277,Dalmia BharatLtd,DALBHARAT,Mid Cap,Cement & Building Materials,Cement & Materials,1749.3,29.87,32810.91,0.51,192.0,3890.0,7.59,22.0,49.2,324.7
278,Star Health Insu,STARHEALTH,Mid Cap,Manufacturing & Services,Diversified,557.35,38.86,32806.94,0.0,549.73,5522.07,9.69,13.0,6.6,50.5
279,Tata Technolog.,TATATECH,Mid Cap,IT & Software Services,IT & Software,800.0,49.91,32484.15,1.04,180.75,1664.63,20.9,84.0,16.2,136.1
280,Hexaware Tech.,HEXT,Mid Cap,IT & Software Services,IT & Software,528.6,22.8,32298.31,2.18,330.2,3845.2,30.07,45.0,16.1,135.5
281,Krishna Institu.,KIMS,Mid Cap,Manufacturing & Services,Diversified,764.1,153.88,32092.7,0.0,37.4,1179.5,9.5,16.0,6.4,49.0
282,Tata Inv.Corpn.,TATAINVEST,Mid Cap,Manufacturing & Services,Diversified,633.7,74.41,32062.24,0.54,143.51,151.66,1.57,17.0,6.4,49.0
283,Kirloskar Oil,KIRLOSENG,Mid Cap,Manufacturing & Services,Diversified,2201.9,56.23,32042.02,0.32,111.06,1999.53,14.55,18.0,6.4,49.0
284,Godfrey Phillips,GODFRYPHLP,Mid Cap,Manufacturing & Services,Diversified,2051.0,23.4,31991.86,2.44,198.39,1205.51,30.25,19.0,6.4,49.0
285,Indian Renewable,IREDA,Mid Cap,Power Utilities & Cleantech,Renewable Energy & Power,113.64,16.25,31924.1,1.19,337.5,2248.39,8.69,30.0,47.9,315.9
286,Manappuram Fin.,MANAPPURAM,Mid Cap,Manufacturing & Services,Diversified,339.7,22.01,31909.25,0.59,584.77,3034.16,8.25,21.0,6.4,49.0
287,Jubilant Food.,JUBLFOOD,Mid Cap,Manufacturing & Services,Diversified,482.7,83.58,31850.73,0.25,100.03,2569.65,14.8,22.0,6.4,49.0
288,Aegis Vopak Term,AEGISVOPAK,Mid Cap,Manufacturing & Services,Diversified,284.5,116.4,31522.36,0.07,69.42,233.77,7.56,23.0,6.3,47.9
289,Honeywell Auto,HONAUT,Mid Cap,Automotive & 2W/3W,Auto Ancillary & Components,35655.0,56.35,31519.02,0.31,150.7,1204.4,16.95,64.0,25.2,183.3
290,Dr Lal Pathlabs,LALPATHLAB,Mid Cap,Pharmaceuticals & Healthcare,Pharma & Healthcare,1877.5,56.05,31513.62,0.75,170.5,797.7,28.0,25.0,6.3,47.9
291,UCO Bank,UCOBANK,Mid Cap,Banking & Financial Services,BFSI,24.78,11.03,31073.03,1.78,656.32,6996.0,5.55,26.0,6.2,47.4
292,LIC Housing Fin.,LICHSGFIN,Mid Cap,Banking & Financial Services,BFSI,562.05,5.39,30916.29,1.78,1499.03,7082.59,8.59,27.0,6.2,47.4
293,Netweb Technol.,NETWEB,Mid Cap,IT & Software Services,IT & Software,5193.0,118.44,30871.11,0.06,85.32,819.69,37.48,58.0,15.4,129.4
294,Aditya AMC,ABSLAMC,Mid Cap,Manufacturing & Services,Diversified,1062.3,30.45,30738.55,2.4,309.49,462.96,32.23,29.0,6.1,46.4
295,M R P L,MRPL,Mid Cap,Manufacturing & Services,Diversified,174.83,11.01,30640.68,2.29,945.68,38254.19,18.03,30.0,6.1,46.4
296,Blue Star,BLUESTARCO,Mid Cap,Manufacturing & Services,Diversified,1484.0,57.66,30513.23,0.57,102.51,3377.92,21.24,31.0,6.1,46.4
297,PNB Housing,PNBHOUSING,Mid Cap,Manufacturing & Services,Diversified,1166.0,12.94,30409.74,0.69,554.5,2252.5,9.44,32.0,6.1,46.4
298,Inventurus Knowl,IKS,Mid Cap,Manufacturing & Services,Diversified,1759.9,39.56,30211.0,0.0,193.74,893.63,31.51,33.0,6.0,45.9
299,Craftsman Auto,CRAFTSMAN,Mid Cap,Automotive & 2W/3W,Auto Ancillary & Components,11398.0,63.64,29810.82,0.1,150.55,2431.58,13.91,74.0,23.8,173.1
300,Shyam Metalics,SHYAMMETL,Mid Cap,Metals & Mining,Metals & Mining,1065.3,26.48,29735.92,0.42,350.73,5455.09,13.01,15.0,44.6,294.4
301,ACME Solar Hold.,ACMESOLAR,Mid Cap,Power Utilities & Cleantech,Renewable Energy & Power,418.0,49.62,29547.35,0.05,235.33,857.5,8.89,16.0,44.3,292.2
302,Schneider Elect.,SCHNEIDER,Mid Cap,Manufacturing & Services,Diversified,1232.4,152.09,29466.68,0.0,12.44,651.36,29.65,12.0,5.9,45.4
303,Rubicon Research,RUBICON,Mid Cap,Manufacturing & Services,Diversified,1768.3,101.56,29271.01,0.08,84.78,534.34,28.35,13.0,5.9,45.4
304,C D S L,CDSL,Mid Cap,Manufacturing & Services,Diversified,1394.6,61.85,29147.14,0.91,117.67,292.76,31.98,14.0,5.8,44.4
305,Neuland Labs.,NEULANDLAB,Mid Cap,Pharmaceuticals & Healthcare,Pharma & Healthcare,22660.0,58.41,29072.53,0.15,147.67,641.58,26.47,15.0,5.8,44.4
306,ZF Commercial,ZFCVINDIA,Mid Cap,Manufacturing & Services,Diversified,2551.9,59.09,29042.03,0.16,99.1,1041.71,19.08,16.0,5.8,44.4
307,Redington,REDINGTON,Mid Cap,Manufacturing & Services,Diversified,371.3,16.13,29027.28,1.62,453.49,34922.47,18.39,17.0,5.8,44.4
308,Garden Reach Sh.,GRSE,Mid Cap,Manufacturing & Services,Diversified,2533.2,36.25,29018.31,0.51,172.84,1814.62,42.96,18.0,5.8,44.4
309,Chola Financial,CHOLAHLDNG,Mid Cap,Manufacturing & Services,Diversified,1525.7,10.74,28649.21,0.09,1788.99,11113.57,9.75,19.0,5.7,43.9
310,Piramal Pharma,PPLPHARMA,Mid Cap,Pharmaceuticals & Healthcare,Pharma & Healthcare,214.22,0.0,28520.14,0.07,-69.39,2269.92,2.52,20.0,5.7,43.9
311,Brookfield India,BIRET,Mid Cap,Manufacturing & Services,Diversified,341.79,52.87,28364.5,1.93,221.34,973.83,5.36,21.0,5.7,43.9
312,Central Bank,CENTRALBK,Mid Cap,Banking & Financial Services,BFSI,31.08,6.16,28131.76,3.86,1324.61,9725.9,5.64,22.0,5.6,42.8
313,Syrma SGS Tech.,SYRMA,Mid Cap,IT & Software Services,IT & Software,1457.3,75.66,28101.19,0.1,105.69,1588.62,16.78,78.0,14.1,118.2
314,Urban Company,URBANCO,Mid Cap,Manufacturing & Services,Diversified,181.09,0.0,27927.35,0.0,-92.12,528.34,-7.82,24.0,5.6,42.8
315,R R Kabel,RRKABEL,Mid Cap,Manufacturing & Services,Diversified,2454.1,45.39,27757.22,0.39,205.2,3168.2,28.1,25.0,5.6,42.8
316,IIFL Finance,IIFL,Mid Cap,Banking & Financial Services,BFSI,651.15,13.17,27698.69,0.61,713.13,3919.15,10.87,26.0,5.5,41.8
317,Angel One,ANGELONE,Mid Cap,Manufacturing & Services,Diversified,299.8,26.55,27402.81,1.35,231.4,1429.69,14.77,27.0,5.5,41.8
318,IFCI,IFCI,Mid Cap,Manufacturing & Services,Diversified,101.38,152.3,27314.96,0.0,60.27,327.06,4.9,28.0,5.5,41.8
319,Apollo Tyres,APOLLOTYRE,Mid Cap,Automotive & 2W/3W,Auto Ancillary & Components,429.55,12.79,27280.76,1.4,348.87,7397.79,13.86,44.0,21.8,158.6
320,TVS Holdings,TVSHLTD,Mid Cap,Manufacturing & Services,Diversified,13374.0,13.61,27058.42,0.01,1173.58,17076.18,16.95,30.0,5.4,41.3
321,Capri Global,CGCL,Mid Cap,Manufacturing & Services,Diversified,279.9,23.88,26930.69,0.07,353.38,1576.48,11.67,31.0,5.4,41.3
322,Bandhan Bank,BANDHANBNK,Mid Cap,Banking & Financial Services,BFSI,164.95,19.64,26575.29,0.91,501.67,5630.55,6.41,32.0,5.3,40.3
323,Amber Enterp.,AMBER,Mid Cap,Manufacturing & Services,Diversified,7474.0,127.75,26359.13,0.0,3.09,3887.72,10.29,33.0,5.3,40.3
324,ITI,ITI,Mid Cap,Manufacturing & Services,Diversified,272.5,0.0,26246.09,0.0,-32.47,425.03,1.43,34.0,5.2,39.8
325,Hatsun Agro,HATSUN,Mid Cap,Manufacturing & Services,Diversified,1168.8,71.26,26034.82,0.86,133.69,3090.49,15.19,10.0,5.2,39.8
326,Acutaas Chemical,ACUTAAS,Mid Cap,Chemicals & Petrochemicals,Chemicals,3168.5,67.17,25940.87,0.05,74.99,329.67,31.56,11.0,5.2,39.8
327,Data Pattern,DATAPATTNS,Mid Cap,Manufacturing & Services,Diversified,4585.0,94.98,25668.65,0.22,22.06,116.03,21.92,12.0,5.1,38.8
328,SJVN,SJVN,Mid Cap,Power Utilities & Cleantech,Renewable Energy & Power,65.23,40.1,25634.05,2.3,224.74,1394.38,5.73,43.0,38.5,254.3
329,Sundram Fasten.,SUNDRMFAST,Mid Cap,Automotive & 2W/3W,Auto Ancillary & Components,1212.3,41.03,25473.86,0.66,168.69,1846.07,17.6,54.0,20.4,148.4
330,Metro Brands,METROBRAND,Mid Cap,Manufacturing & Services,Diversified,929.15,62.32,25327.95,0.65,95.26,720.36,20.12,15.0,5.1,38.8
331,Nexus Select,NXST,Mid Cap,Manufacturing & Services,Diversified,165.89,57.06,25132.34,1.47,156.52,680.53,5.83,16.0,5.0,38.2
332,P & G Hygiene,PGHH,Mid Cap,Manufacturing & Services,Diversified,7667.5,31.48,24889.27,3.0,126.27,891.46,157.2,17.0,5.0,38.2
333,Gujarat Energy,GUJENERGY,Mid Cap,Power Utilities & Cleantech,Renewable Energy & Power,263.59,12.65,24730.83,3.38,1007.4,9544.98,18.49,18.0,37.1,245.1
334,Sumitomo Chemi.,SUMICHEM,Mid Cap,Chemicals & Petrochemicals,Chemicals,493.4,43.11,24627.85,0.26,216.53,1054.08,23.48,19.0,4.9,37.7
335,Asahi India Glas,ASAHIINDIA,Mid Cap,Manufacturing & Services,Diversified,955.9,54.59,24368.49,0.21,149.08,1413.39,11.49,20.0,4.9,37.7
336,AWL Agri Busine.,AWL,Mid Cap,Manufacturing & Services,Diversified,187.29,20.73,24341.68,0.53,351.39,20048.14,18.28,21.0,4.9,37.7
337,Motherson Wiring,MSUMI,Mid Cap,Automotive & 2W/3W,Auto Ancillary & Components,36.52,38.6,24218.83,1.59,145.32,3407.26,38.86,62.0,19.4,141.1
338,Kaynes Tech,KAYNES,Mid Cap,IT & Software Services,IT & Software,3598.0,69.64,24186.65,0.0,56.43,946.02,12.69,63.0,12.1,101.4
339,ACC,ACC,Mid Cap,Cement & Building Materials,Cement & Materials,1283.8,12.69,24108.13,0.58,147.0,5808.0,11.25,24.0,36.2,238.9
340,Kalpataru Proj.,KPIL,Mid Cap,Manufacturing & Services,Diversified,1406.6,21.61,24020.87,0.78,311.53,6407.97,18.28,25.0,4.8,36.7
341,Gabriel India,GABRIEL,Mid Cap,Automotive & 2W/3W,Auto Ancillary & Components,1353.2,66.57,23982.77,0.37,108.13,1425.68,25.61,66.0,19.2,139.7
342,Prime Focus,PFOCUS,Mid Cap,Manufacturing & Services,Diversified,307.0,133.93,23908.36,0.0,-45.78,1266.81,11.5,27.0,4.8,36.7
343,Go Digit General,GODIGIT,Mid Cap,Manufacturing & Services,Diversified,258.3,48.5,23882.5,0.0,86.39,2427.02,13.1,28.0,4.8,36.7
344,Gillette India,GILLETTE,Mid Cap,Manufacturing & Services,Diversified,7312.5,35.67,23831.44,2.46,159.45,783.02,90.69,29.0,4.8,36.7
345,IRB Infra.Devl.,IRB,Mid Cap,Manufacturing & Services,Diversified,19.65,24.13,23733.27,0.79,306.27,2137.27,7.47,30.0,4.7,36.2
346,Sansera Enginee.,SANSERA,Mid Cap,Manufacturing & Services,Diversified,3782.6,67.69,23604.77,0.11,86.68,911.17,13.65,31.0,4.7,36.2
347,Timken India,TIMKEN,Mid Cap,Manufacturing & Services,Diversified,3125.3,57.44,23508.11,0.08,115.13,929.09,18.26,32.0,4.7,36.2
348,City Union Bank,CUB,Mid Cap,Banking & Financial Services,BFSI,236.01,16.67,23383.57,0.85,382.57,1984.99,6.74,33.0,4.7,36.2
349,NBCC,NBCC,Mid Cap,Manufacturing & Services,Diversified,86.6,34.17,23382.0,1.15,158.01,2259.53,29.32,34.0,4.7,36.2
350,Deepak Nitrite,DEEPAKNTR,Mid Cap,Chemicals & Petrochemicals,Chemicals,1712.4,29.48,23355.94,0.44,345.01,2577.6,11.37,10.0,4.7,36.2
351,KIOCL,KIOCL,Mid Cap,Manufacturing & Services,Diversified,382.1,597.28,23222.17,0.0,-15.48,158.01,1.38,11.0,4.6,35.2
352,CreditAcc. Gram.,CREDITACC,Mid Cap,Cement & Building Materials,Cement & Materials,1443.1,19.12,23155.17,0.0,493.39,1783.49,9.98,37.0,34.7,229.2
353,TD Power Systems,TDPOWERSYS,Mid Cap,Power Utilities & Cleantech,Renewable Energy & Power,740.1,84.09,23124.93,0.14,86.29,640.05,34.02,38.0,34.7,229.2
354,Force Motors,FORCEMOT,Mid Cap,Automotive & 2W/3W,Auto Ancillary & Components,17500.0,20.96,23058.46,0.29,216.59,2440.01,36.05,29.0,18.4,133.9
355,Belrise Industri,BELRISE,Mid Cap,Manufacturing & Services,Diversified,236.86,46.39,22907.96,0.23,114.27,2088.28,13.85,15.0,4.6,35.2
356,Jyoti CNC Auto.,JYOTICNC,Mid Cap,Automotive & 2W/3W,Auto Ancillary & Components,1003.9,70.97,22831.0,0.0,57.14,508.47,21.32,31.0,18.3,133.4
357,Affle 3i,AFFLE,Mid Cap,Manufacturing & Services,Diversified,1616.5,47.68,22778.8,0.0,128.44,747.16,16.84,17.0,4.6,35.2
358,Brigade Enterpr.,BRIGADE,Mid Cap,Manufacturing & Services,Diversified,696.1,33.33,22710.91,0.29,216.94,1115.55,10.54,18.0,4.5,34.7
359,Emmvee Photovol.,EMMVEE,Mid Cap,Manufacturing & Services,Diversified,325.2,17.67,22515.06,0.0,380.29,1555.52,44.83,19.0,4.5,34.7
360,Anant Raj,ANANTRAJ,Mid Cap,Manufacturing & Services,Diversified,625.45,38.9,22508.5,0.16,149.19,631.4,12.07,20.0,4.5,34.7
361,Cemindia Project,CEMPRO,Mid Cap,Manufacturing & Services,Diversified,1297.4,37.05,22287.72,0.23,140.83,2720.92,32.76,21.0,4.5,34.7
362,Tata Elxsi,TATAELXSI,Mid Cap,IT & Software Services,IT & Software,3558.0,31.44,22168.38,2.11,170.6,1021.11,30.0,47.0,11.1,93.0
363,Indraprastha Gas,IGL,Mid Cap,Manufacturing & Services,Diversified,158.04,16.26,22125.63,2.06,237.92,4586.73,17.52,23.0,4.4,33.7
364,MTAR Technologie,MTARTECH,Mid Cap,IT & Software Services,IT & Software,7161.0,160.44,22026.94,0.0,50.5,360.72,15.2,49.0,11.0,92.4
365,Sagility,SAGILITY,Mid Cap,Manufacturing & Services,Diversified,46.82,21.33,21917.98,0.32,216.81,1963.48,13.41,25.0,4.4,33.7
366,Grindwell Norton,GRINDWELL,Mid Cap,Manufacturing & Services,Diversified,1962.5,49.8,21728.8,0.97,115.31,803.3,21.18,26.0,4.3,32.6
367,C P C L,CHENNPETRO,Mid Cap,Manufacturing & Services,Diversified,1452.2,5.18,21624.91,4.27,1031.35,27369.27,34.94,27.0,4.3,32.6
368,Aether Industri.,AETHER,Mid Cap,Manufacturing & Services,Diversified,1625.6,89.93,21576.31,0.0,62.75,326.56,11.92,28.0,4.3,32.6
369,Carborundum Uni.,CARBORUNIV,Mid Cap,Manufacturing & Services,Diversified,1130.6,85.89,21538.54,0.35,80.34,1426.63,10.52,29.0,4.3,32.6
370,Caplin Point Lab,CAPLIPOINT,Mid Cap,Pharmaceuticals & Healthcare,Pharma & Healthcare,2810.8,32.11,21365.37,0.28,179.09,610.36,24.24,30.0,4.3,32.6
371,Aadhar Hsg. Fin.,AADHARHFC,Mid Cap,Manufacturing & Services,Diversified,483.55,18.37,21189.49,0.0,282.36,992.89,11.38,31.0,4.2,32.1
372,Cube Highways,CUBEINVIT,Mid Cap,Manufacturing & Services,Diversified,157.5,76.36,21169.1,2.51,61.11,1126.63,6.44,32.0,4.2,32.1
373,Happy Forgings,HAPPYFORGE,Mid Cap,Automotive & 2W/3W,Auto Ancillary & Components,2238.5,64.53,21126.68,0.18,91.46,449.42,18.03,48.0,16.9,122.7
374,Pfizer,PFIZER,Mid Cap,Manufacturing & Services,Diversified,4609.7,27.42,21088.33,1.63,204.47,653.17,24.06,34.0,4.2,32.1
375,SPR Auto Technologies,SHRIPISTON,Mid Cap,Automotive & 2W/3W,Auto Ancillary & Components,4536.9,36.08,21044.99,0.22,147.7,1474.4,20.78,50.0,16.8,122.2
376,Granules India,GRANULES,Mid Cap,Manufacturing & Services,Diversified,848.3,32.33,21020.61,0.21,179.96,1476.77,15.51,11.0,4.2,32.1
377,The Ramco Cement,RAMCOCEM,Mid Cap,Cement & Building Materials,Cement & Materials,884.5,109.67,20900.06,0.28,31.24,2273.05,6.13,32.0,31.4,207.2
378,Tenneco Clean,TENNIND,Mid Cap,Manufacturing & Services,Diversified,517.55,33.68,20888.54,0.0,165.24,1544.75,60.76,13.0,4.2,32.1
379,Inox India,INOXINDIA,Mid Cap,Manufacturing & Services,Diversified,2247.8,79.34,20401.82,0.09,58.07,370.79,33.48,14.0,4.1,31.1
380,Elgi Equipments,ELGIEQUIP,Mid Cap,Manufacturing & Services,Diversified,642.1,43.86,20348.73,0.42,103.3,1062.2,22.07,15.0,4.1,31.1
381,LMW,LMW,Mid Cap,Manufacturing & Services,Diversified,18774.0,109.79,20056.26,0.19,55.52,860.72,5.58,16.0,4.0,30.6
382,IndiGrid Trust,INDIGRID,Mid Cap,Manufacturing & Services,Diversified,175.49,35.34,19972.14,3.2,245.94,1086.66,7.99,17.0,4.0,30.6
383,Diamond Power,DIACABS,Mid Cap,Power Utilities & Cleantech,Renewable Energy & Power,331.8,106.98,19844.0,0.0,57.09,707.31,24.2,38.0,29.8,196.7
384,Welspun Living,WELSPUNLIV,Mid Cap,Textiles & Apparel,Textiles,208.51,70.81,19699.03,0.05,162.61,2795.45,6.26,59.0,15.8,114.9
385,Chalet Hotels,CHALET,Mid Cap,Capital Goods & Engineering,Capital Goods,896.75,36.69,19638.3,0.22,86.13,512.27,17.01,20.0,3.9,29.6
386,GE Shipping Co,GESHIP,Mid Cap,Manufacturing & Services,Diversified,1369.7,5.22,19554.82,2.56,1308.84,2005.36,15.79,21.0,3.9,29.6
387,Jindal Saw,JINDALSAW,Mid Cap,Metals & Mining,Metals & Mining,305.3,29.88,19524.19,0.66,90.79,4452.31,10.43,42.0,29.3,193.6
388,Kajaria Ceramics,KAJARIACER,Mid Cap,Cement & Building Materials,Cement & Materials,1239.6,33.79,19479.45,1.13,171.03,1328.08,23.38,43.0,29.2,192.7
389,Milky Mist Dairy,MILKYMIST,Mid Cap,Manufacturing & Services,Diversified,252.43,105.69,19433.16,0.0,64.45,973.39,15.35,24.0,3.9,29.6
390,CESC,CESC,Mid Cap,Manufacturing & Services,Diversified,146.5,12.5,19419.61,4.1,419.0,5485.0,10.88,25.0,3.9,29.6
391,HBL Engineering,HBLENGINE,Mid Cap,Manufacturing & Services,Diversified,695.75,24.06,19285.84,0.43,109.14,638.03,58.45,26.0,3.9,29.6
392,Pine Labs,PINELABS,Mid Cap,Pharmaceuticals & Healthcare,Pharma & Healthcare,166.37,148.33,19196.74,0.0,19.57,736.92,4.15,27.0,3.8,29.1
393,Ratnamani Metals,RATNAMANI,Mid Cap,Metals & Mining,Metals & Mining,2727.0,43.56,19114.09,0.37,107.02,971.63,17.91,18.0,28.7,189.2
394,Shilpa Medicare,SHILPAMED,Mid Cap,Manufacturing & Services,Diversified,964.15,66.32,18857.02,0.06,100.88,465.78,10.88,29.0,3.8,29.1
395,Castrol India,CASTROLIND,Mid Cap,Manufacturing & Services,Diversified,190.27,17.45,18820.03,4.6,347.7,1871.47,60.27,30.0,3.8,29.1
396,Atul,ATUL,Mid Cap,Manufacturing & Services,Diversified,6386.0,23.64,18801.5,0.47,253.93,1847.95,14.9,31.0,3.8,29.1
397,Firstsour.Solu.,FSL,Mid Cap,Manufacturing & Services,Diversified,264.4,23.42,18693.82,2.08,165.92,2724.87,16.8,32.0,3.7,28.6
398,Finolex Cables,FINCABLES,Mid Cap,Manufacturing & Services,Diversified,1220.2,23.32,18661.66,0.74,249.04,2013.15,16.01,33.0,3.7,28.6
399,Cams Services,CAMS,Mid Cap,Manufacturing & Services,Diversified,748.8,41.0,18601.57,1.67,121.81,353.05,48.27,34.0,3.7,28.6
400,Sun TV Network,SUNTV,Mid Cap,Manufacturing & Services,Diversified,470.9,11.75,18557.44,2.65,619.07,1457.88,16.41,10.0,3.7,28.6
401,Leela Palaces Hotels,THELEELA,Mid Cap,Manufacturing & Services,Diversified,554.05,41.24,18502.94,0.0,48.76,351.96,8.73,11.0,3.7,28.6
402,Sammaan Capital,SAMMAANCAP,Mid Cap,Manufacturing & Services,Diversified,158.39,0.0,18397.68,0.0,243.3,1651.93,4.92,12.0,3.7,28.6
403,Triveni Turbine,TRITURBINE,Mid Cap,Manufacturing & Services,Diversified,577.3,52.86,18352.28,0.74,51.1,442.7,34.12,13.0,3.7,28.6
404,TBO Tek,TBOTEK,Mid Cap,Manufacturing & Services,Diversified,1688.9,68.17,18339.39,0.0,83.36,925.78,18.33,14.0,3.7,28.6
405,ERIS Lifescience,ERIS,Mid Cap,Manufacturing & Services,Diversified,1321.7,27.93,18316.55,0.55,143.32,873.25,14.13,15.0,3.7,28.6
406,EIH,EIHOTEL,Mid Cap,Manufacturing & Services,Diversified,291.9,25.14,18254.38,0.51,120.31,656.96,20.67,16.0,3.7,28.6
407,Azad Engineering,AZAD,Mid Cap,Manufacturing & Services,Diversified,2777.3,129.05,17936.29,0.0,35.16,172.6,11.92,17.0,3.6,27.5
408,Bayer Crop Sci.,BAYERCROP,Mid Cap,Manufacturing & Services,Diversified,3989.9,24.49,17931.45,3.76,321.6,1835.0,29.14,18.0,3.6,27.5
409,eClerx Services,ECLERX,Mid Cap,Manufacturing & Services,Diversified,1905.7,24.59,17923.25,0.05,164.24,1152.36,34.42,19.0,3.6,27.5
410,Sarda Energy,SARDAEN,Mid Cap,Power Utilities & Cleantech,Renewable Energy & Power,508.55,15.97,17920.35,0.39,478.13,1608.04,17.39,35.0,26.9,177.3
411,G M D C,GMDCLTD,Mid Cap,Manufacturing & Services,Diversified,562.95,31.39,17901.81,1.79,163.43,906.64,10.8,21.0,3.6,27.5
412,Aarti Industries,AARTIIND,Mid Cap,Chemicals & Petrochemicals,Chemicals,492.05,34.17,17847.97,0.2,155.0,2387.0,6.86,22.0,3.6,27.5
413,Ola Electric,OLAELEC,Mid Cap,Automotive & 2W/3W,2W & 3W OEM,38.2,0.0,17680.52,0.0,-336.0,455.0,-19.56,38.0,14.1,102.3
414,OneSource Speci.,ONESOURCE,Mid Cap,Manufacturing & Services,Diversified,1537.8,0.0,17634.4,0.0,25.0,449.02,0.57,24.0,3.5,26.5
415,Cohance Life,COHANCE,Mid Cap,Manufacturing & Services,Diversified,456.6,162.25,17469.39,0.0,-45.19,422.26,5.81,25.0,3.5,26.5
416,Central Mine Pla,CMPDI,Mid Cap,Manufacturing & Services,Diversified,243.92,26.64,17415.89,0.43,116.27,481.37,38.06,26.0,3.5,26.5
417,Vertis Infra.,VERTIS,Mid Cap,Manufacturing & Services,Diversified,115.05,19.88,17372.37,2.82,342.47,1053.22,11.03,27.0,3.5,26.5
418,Astrazeneca Phar,ASTRAZEN,Mid Cap,Manufacturing & Services,Diversified,6944.0,100.07,17360.0,0.52,37.93,682.79,29.26,28.0,3.5,26.5
419,Vardhman Textile,VTL,Mid Cap,Textiles & Apparel,Textiles,598.2,20.43,17322.48,0.84,314.56,2703.08,8.55,44.0,13.9,101.4
420,Poly Medicure,POLYMED,Mid Cap,Manufacturing & Services,Diversified,1702.5,53.92,17256.79,0.21,85.28,525.38,12.5,30.0,3.5,26.5
421,Deepak Fertilis.,DEEPAKFERT,Mid Cap,Chemicals & Petrochemicals,Chemicals,1362.1,17.47,17194.85,0.73,490.04,3256.26,11.42,31.0,3.4,26.0
422,Devyani Intl.,DEVYANI,Mid Cap,Manufacturing & Services,Diversified,139.28,0.0,17172.39,0.0,17.11,1580.52,4.75,32.0,3.4,26.0
423,Lalithaa Jewel,LALITHAA,Mid Cap,Manufacturing & Services,Diversified,306.7,16.98,17166.3,0.0,0.0,0.0,37.98,33.0,3.4,26.0
424,BEML Ltd,BEML,Mid Cap,Manufacturing & Services,Diversified,2057.8,96.04,17139.21,0.83,-27.01,819.62,7.66,34.0,3.4,26.0
425,Travel Food,TRAVELFOOD,Mid Cap,Manufacturing & Services,Diversified,1296.3,35.87,17073.59,0.79,128.76,452.22,42.35,10.0,3.4,26.0
426,Allied Blenders,ABDL,Mid Cap,Manufacturing & Services,Diversified,609.95,76.49,17060.92,0.89,45.42,978.94,18.38,11.0,3.4,26.0
427,Choice Intl.,CHOICEIN,Mid Cap,Manufacturing & Services,Diversified,760.95,74.36,16952.18,0.0,60.61,309.79,17.96,12.0,3.4,26.0
428,Zydus Wellness,ZYDUSWELL,Mid Cap,Pharmaceuticals & Healthcare,Pharma & Healthcare,531.7,76.37,16916.61,0.23,118.9,1437.0,4.91,13.0,3.4,26.0
429,JSW Cement,JSWCEMENT,Mid Cap,Cement & Building Materials,Cement & Materials,124.07,21.44,16915.27,0.4,153.43,1896.41,11.07,24.0,25.4,167.6
430,Minda Corp,MINDACORP,Mid Cap,Automotive & 2W/3W,Auto Ancillary & Components,702.8,41.69,16802.5,0.2,206.25,1846.31,12.67,55.0,13.4,97.5
431,Chambal Fert.,CHAMBLFERT,Mid Cap,Manufacturing & Services,Diversified,419.05,8.71,16789.33,2.62,523.6,5027.02,25.17,16.0,3.4,26.0
432,Alivus Life,ALIVUS,Mid Cap,Manufacturing & Services,Diversified,1366.3,26.98,16774.26,0.37,160.08,640.41,23.79,17.0,3.4,26.0
433,BASF India,BASF,Mid Cap,Manufacturing & Services,Diversified,3864.9,27.01,16729.47,0.65,362.05,4837.44,14.54,18.0,3.3,25.0
434,Century Plyboard,CENTURYPLY,Mid Cap,Manufacturing & Services,Diversified,748.45,56.06,16628.54,0.13,83.3,1561.38,11.46,19.0,3.3,25.0
435,Thangamayil Jew.,THANGAMAYL,Mid Cap,Manufacturing & Services,Diversified,5332.0,42.2,16572.93,0.34,85.09,2666.38,25.49,20.0,3.3,25.0
436,J & K Bank,J&KBANK,Mid Cap,Banking & Financial Services,BFSI,150.02,7.17,16519.94,1.43,428.8,3547.48,5.84,21.0,3.3,25.0
437,IDream Film,504375,Mid Cap,Manufacturing & Services,Diversified,610.0,0.0,16503.75,0.0,1.47,2.4,0.0,22.0,3.3,25.0
438,Pun. & Sind Bank,PSB,Mid Cap,Banking & Financial Services,BFSI,23.23,11.91,16483.04,1.68,331.51,3213.37,5.95,23.0,3.3,25.0
439,Garware Hi Tech,GRWRHITECH,Mid Cap,IT & Software Services,IT & Software,7086.5,42.45,16463.64,0.17,132.65,633.08,18.08,84.0,8.2,68.9
440,Astra Microwave,ASTRAMICRO,Mid Cap,Manufacturing & Services,Diversified,1729.0,86.84,16415.99,0.14,12.35,176.66,20.28,25.0,3.3,25.0
441,Paradeep Phosph.,PARADEEP,Mid Cap,Manufacturing & Services,Diversified,157.0,15.0,16304.77,0.96,392.54,6124.25,15.35,26.0,3.3,25.0
442,Dr Agarwal's Hea,AGARWALEYE,Mid Cap,Manufacturing & Services,Diversified,514.1,110.36,16298.32,0.0,55.02,614.02,11.12,27.0,3.3,25.0
443,Zen Technologies,ZENTEC,Mid Cap,IT & Software Services,IT & Software,1801.4,89.52,16264.9,0.06,31.85,141.64,16.18,48.0,8.1,67.8
444,N S D L,544467,Mid Cap,Manufacturing & Services,Diversified,812.85,41.87,16257.0,0.49,98.31,516.63,23.22,29.0,3.3,25.0
445,Aequs,AEQUS,Mid Cap,Manufacturing & Services,Diversified,242.18,0.0,16242.18,0.0,-53.23,395.55,1.69,30.0,3.2,24.5
446,Godawari Power,GPIL,Mid Cap,Power Utilities & Cleantech,Renewable Energy & Power,240.67,19.77,16202.84,0.42,222.37,1750.47,20.53,41.0,24.3,160.6
447,PG Electroplast,PGEL,Mid Cap,Manufacturing & Services,Diversified,562.3,78.35,16124.35,0.04,76.22,2033.96,10.31,32.0,3.2,24.5
448,KFin Technolog.,KFINTECH,Mid Cap,IT & Software Services,IT & Software,928.9,45.83,16058.09,1.29,75.21,356.54,29.19,53.0,8.0,67.2
449,Emami,EMAMILTD,Mid Cap,Manufacturing & Services,Diversified,366.05,21.09,15978.08,2.73,138.94,1039.21,28.09,34.0,3.2,24.5
450,Syngene Intl.,SYNGENE,Mid Cap,Manufacturing & Services,Diversified,395.6,53.92,15969.15,0.32,-9.0,736.0,9.99,10.0,3.2,24.5
451,Tata Chemicals,TATACHEM,Mid Cap,Chemicals & Petrochemicals,Chemicals,625.1,0.0,15925.05,1.76,60.0,4255.0,3.42,11.0,3.2,24.5
452,DCM Shriram,DCMSHRIRAM,Mid Cap,Banking & Financial Services,BFSI,1020.9,11.62,15920.15,1.1,693.44,3564.24,11.51,12.0,3.2,24.5
453,Horizon Industrial,HORIZONIND,Mid Cap,Manufacturing & Services,Diversified,55.13,0.0,15893.44,0.0,-57.64,128.62,3.18,13.0,3.2,24.5
454,Alembic Pharma,APLLTD,Mid Cap,Pharmaceuticals & Healthcare,Pharma & Healthcare,808.2,21.29,15886.23,1.48,172.36,2149.77,12.64,14.0,3.2,24.5
455,Nava,NAVA,Mid Cap,Manufacturing & Services,Diversified,560.2,20.96,15871.17,1.52,332.82,1211.8,12.8,15.0,3.2,24.5
456,Clean Max Enviro,CLEANMAX,Mid Cap,Manufacturing & Services,Diversified,1347.9,101.0,15842.1,0.0,55.18,832.16,6.16,16.0,3.2,24.5
457,Amara Raja Ener.,ARE&M,Mid Cap,Manufacturing & Services,Diversified,864.2,20.16,15817.05,1.23,202.8,4041.44,13.43,17.0,3.2,24.5
458,Fine Organic,FINEORG,Mid Cap,Manufacturing & Services,Diversified,5152.0,36.06,15796.02,0.21,138.14,694.17,21.47,18.0,3.2,24.5
459,KPIT Technologi.,KPITTECH,Mid Cap,IT & Software Services,IT & Software,575.45,25.26,15775.61,1.3,116.41,1674.99,26.26,64.0,7.9,66.6
460,Bharat Coking,BHARATCOAL,Mid Cap,Manufacturing & Services,Diversified,33.81,0.0,15745.32,0.0,-68.09,3587.27,4.05,20.0,3.1,24.0
461,Kansai Nerolac,KANSAINER,Mid Cap,Manufacturing & Services,Diversified,194.2,24.36,15706.48,1.29,228.41,2373.59,11.99,21.0,3.1,24.0
462,Engineers India,ENGINERSIN,Mid Cap,Manufacturing & Services,Diversified,279.45,20.03,15706.27,1.79,157.94,819.84,30.4,22.0,3.1,24.0
463,Usha Martin,USHAMART,Mid Cap,Manufacturing & Services,Diversified,514.15,28.75,15668.3,0.73,142.04,1033.0,19.47,23.0,3.1,24.0
464,Mah. Scooters,MAHSCOOTER,Mid Cap,Automotive & 2W/3W,2W & 3W OEM,13602.0,55.81,15545.14,1.62,3.32,5.41,1.06,39.0,12.4,90.2
465,L T Foods,LTFOODS,Mid Cap,Manufacturing & Services,Diversified,444.8,24.12,15445.81,0.67,183.45,3151.83,17.74,25.0,3.1,24.0
466,Five-Star Bus.Fi,FIVESTAR,Mid Cap,Manufacturing & Services,Diversified,523.05,13.99,15439.84,0.38,271.41,828.98,14.79,26.0,3.1,24.0
467,Vijaya Diagnost.,VIJAYA,Mid Cap,Manufacturing & Services,Diversified,1493.2,82.03,15379.62,0.13,53.1,230.98,20.53,27.0,3.1,24.0
468,Honasa Consumer,HONASA,Mid Cap,Manufacturing & Services,Diversified,471.05,60.83,15357.37,0.64,90.45,755.95,19.22,28.0,3.1,24.0
469,A B Real Estate,ABREL,Mid Cap,Manufacturing & Services,Diversified,1373.6,0.0,15342.52,0.18,-34.59,188.85,-4.48,29.0,3.1,24.0
470,Ingersoll-Rand,INGERRAND,Mid Cap,Manufacturing & Services,Diversified,4844.7,55.69,15293.75,1.55,70.46,379.46,57.11,30.0,3.1,24.0
471,Shadowfax Technologies,SHADOWFAX,Mid Cap,IT & Software Services,IT & Software,259.55,88.42,15228.59,0.0,66.2,1323.85,10.3,76.0,7.6,63.8
472,Juniper Green,JNPR,Mid Cap,Power Utilities & Cleantech,Renewable Energy & Power,265.1,571.8,15084.15,0.0,33.45,291.2,3.3,37.0,22.6,149.2
473,Shaily Engineer.,SHAILY,Mid Cap,Manufacturing & Services,Diversified,3278.3,84.8,15078.62,0.09,52.47,274.78,30.17,33.0,3.0,22.9
474,Arvind Ltd,ARVIND,Mid Cap,Textiles & Apparel,Textiles,552.95,34.29,15042.49,0.81,57.77,2500.96,14.72,49.0,12.0,87.3
475,Sudeep Pharma,SUDEEPPHRM,Mid Cap,Pharmaceuticals & Healthcare,Pharma & Healthcare,1329.3,82.21,15014.26,0.11,40.59,158.27,28.18,10.0,3.0,22.9
476,Crompton Gr. Con,CROMPTON,Small Cap,Manufacturing & Services,Diversified,232.4,32.97,14964.58,1.29,140.32,2022.47,18.98,11.0,3.0,22.9
477,Canara HSBC,CANHLIFE,Small Cap,Manufacturing & Services,Diversified,157.23,113.74,14936.85,0.25,28.14,4350.86,8.35,12.0,3.0,22.9
478,Vedanta Oil and Gas,VOGL,Small Cap,Metals & Mining,Metals & Mining,38.02,69.16,14867.3,0.0,945.0,2507.0,0.0,43.0,22.3,147.4
479,SKF India Indus.,SKFINDUS,Small Cap,Manufacturing & Services,Diversified,3002.5,38.61,14843.75,0.67,61.92,970.77,29.89,14.0,3.0,22.9
480,Natco Pharma,NATCOPHARM,Small Cap,Pharmaceuticals & Healthcare,Pharma & Healthcare,828.65,12.97,14841.94,0.6,206.5,735.2,17.14,15.0,3.0,22.9
481,Concord Biotech,CONCORDBIO,Small Cap,IT & Software Services,IT & Software,1417.1,52.14,14825.16,0.53,61.19,260.52,17.43,46.0,7.4,62.2
482,Niva Bupa Health,NIVABUPA,Small Cap,Manufacturing & Services,Diversified,80.11,85.02,14814.21,0.0,137.8,2471.26,3.15,17.0,3.0,22.9
483,Marksans Pharma,MARKSANS,Small Cap,Pharmaceuticals & Healthcare,Pharma & Healthcare,326.75,28.65,14807.13,0.28,159.41,840.8,18.8,18.0,3.0,22.9
484,JBM Auto,JBMA,Small Cap,Automotive & 2W/3W,Auto Ancillary & Components,625.6,64.31,14795.08,0.14,44.26,1442.45,15.07,59.0,11.8,85.8
485,Kirl. Brothers,KIRLOSBROS,Small Cap,Manufacturing & Services,Diversified,1862.0,36.53,14785.94,0.38,67.6,1104.9,20.35,20.0,3.0,22.9
486,CCL Products,CCL,Small Cap,Manufacturing & Services,Diversified,1106.2,34.15,14770.86,0.52,116.88,1200.45,15.85,21.0,3.0,22.9
487,T N Merc. Bank,TMB,Small Cap,Banking & Financial Services,BFSI,932.45,10.22,14765.48,1.34,411.51,1662.43,7.51,22.0,3.0,22.9
488,Jubilant Pharmo,JUBLPHARMA,Small Cap,Pharmaceuticals & Healthcare,Pharma & Healthcare,924.5,37.95,14727.29,0.54,56.4,2229.4,8.99,23.0,2.9,21.9
489,Rainbow Child.,RAINBOW,Small Cap,Manufacturing & Services,Diversified,1447.2,51.31,14698.72,0.24,62.54,469.99,17.35,24.0,2.9,21.9
490,Avalon Tech,AVALON,Small Cap,IT & Software Services,IT & Software,2196.6,109.85,14675.87,0.0,34.87,484.41,19.54,55.0,7.3,61.0
491,V-Guard Industri,VGUARD,Small Cap,Manufacturing & Services,Diversified,335.4,38.56,14654.13,0.45,130.25,1810.65,18.38,26.0,2.9,21.9
492,Bikaji Foods,BIKAJI,Small Cap,Manufacturing & Services,Diversified,584.2,52.8,14648.02,0.21,64.57,678.17,21.99,27.0,2.9,21.9
493,CIE Automotive,CIEINDIA,Small Cap,Automotive & 2W/3W,Auto Ancillary & Components,385.35,16.31,14618.73,1.82,235.62,2620.55,14.74,68.0,11.7,84.9
494,Balrampur Chini,BALRAMCHIN,Small Cap,Manufacturing & Services,Diversified,690.6,39.38,14612.92,0.51,44.15,1636.79,9.28,29.0,2.9,21.9
495,Cartrade Tech,CARTRADE,Small Cap,IT & Software Services,IT & Software,3000.2,61.12,14554.58,0.0,56.75,201.16,11.82,60.0,7.3,61.0
496,Supreme Petroch.,SPLPETRO,Small Cap,Manufacturing & Services,Diversified,771.05,29.58,14498.93,1.36,236.33,1692.7,18.79,31.0,2.9,21.9
497,Indegene,INDGN,Small Cap,Manufacturing & Services,Diversified,601.5,34.81,14491.62,0.37,116.2,1063.1,18.82,32.0,2.9,21.9
498,Sigma Advanced System,SIGMAADV,Small Cap,Manufacturing & Services,Diversified,762.4,87.07,14480.18,0.0,35.41,374.28,60.82,33.0,2.9,21.9
499,Atlanta Electric,ATLANTAELE,Small Cap,Manufacturing & Services,Diversified,1881.7,66.29,14469.64,0.0,46.84,466.33,45.26,34.0,2.9,21.9
500,JSW Dulux,JSWDULUX,Small Cap,Manufacturing & Services,Diversified,3174.5,37.66,14456.77,1.58,79.7,965.0,22.73,10.0,2.9,21.9
501,Apollo Micro Sys,APOLLO,Small Cap,Manufacturing & Services,Diversified,388.9,119.12,14451.5,0.06,25.21,251.29,14.47,11.0,2.9,21.9
502,Vedant Fashions,MANYAVAR,Small Cap,Manufacturing & Services,Diversified,594.2,37.41,14437.77,1.3,80.61,301.37,23.55,12.0,2.9,21.9
503,Graphite India,GRAPHITE,Small Cap,Manufacturing & Services,Diversified,733.6,65.42,14332.75,0.95,171.0,842.0,4.58,13.0,2.9,21.9
504,Fractal Analyt.,FRACTAL,Small Cap,Manufacturing & Services,Diversified,825.45,42.74,14194.86,0.0,72.3,912.5,12.59,14.0,2.8,21.4
505,KSB,KSB,Small Cap,Manufacturing & Services,Diversified,813.55,54.03,14158.96,0.54,57.2,690.7,24.7,15.0,2.8,21.4
506,Nazara Technolo.,NAZARA,Small Cap,IT & Software Services,IT & Software,368.65,0.0,14148.64,0.0,-82.47,428.77,27.23,71.0,7.1,59.4
507,Anupam Rasayan,ANURAS,Small Cap,Manufacturing & Services,Diversified,1238.7,80.72,14102.58,0.06,51.22,654.98,7.36,17.0,2.8,21.4
508,HEG,HEG,Small Cap,Manufacturing & Services,Diversified,728.25,39.69,14053.59,0.47,122.34,680.79,8.35,18.0,2.8,21.4
509,International Gemological Instit,IGIL,Small Cap,Manufacturing & Services,Diversified,323.5,22.93,13980.37,0.79,165.74,370.78,69.25,19.0,2.8,21.4
510,EID Parry,EIDPARRY,Small Cap,Manufacturing & Services,Diversified,781.35,17.12,13904.57,0.0,311.5,9017.52,16.96,20.0,2.8,21.4
511,Prudent Corp.,PRUDENT,Small Cap,Manufacturing & Services,Diversified,3347.6,56.57,13861.3,0.1,74.76,347.63,37.48,21.0,2.8,21.4
512,Gallantt Ispat L,GALLANTT,Small Cap,Manufacturing & Services,Diversified,574.0,31.78,13849.53,0.22,123.67,1145.67,18.23,22.0,2.8,21.4
513,Vedanta Iron & Steel,VISL,Small Cap,Metals & Mining,Metals & Mining,35.39,0.0,13838.86,0.0,121.0,3662.0,0.0,18.0,20.8,137.3
514,S C I,SCI,Small Cap,Manufacturing & Services,Diversified,295.35,8.5,13757.4,2.54,619.34,1846.56,13.94,24.0,2.8,21.4
515,Ventive Hospital,VENTIVE,Small Cap,Manufacturing & Services,Diversified,588.2,28.34,13736.92,0.0,124.19,542.8,10.79,25.0,2.7,20.9
516,Vinati Organics,VINATIORGA,Small Cap,Manufacturing & Services,Diversified,1310.7,27.25,13587.45,0.65,123.56,697.75,21.36,26.0,2.7,20.9
517,Sobha,SOBHA,Small Cap,Manufacturing & Services,Diversified,1263.8,58.59,13514.17,0.47,50.85,1278.15,6.86,27.0,2.7,20.9
518,NMDC Steel,NSLNISP,Small Cap,Metals & Mining,Metals & Mining,46.02,161.19,13486.65,0.0,50.51,3661.84,3.06,23.0,20.2,133.3
519,CEAT,CEATLTD,Small Cap,Manufacturing & Services,Diversified,3333.2,21.18,13482.82,1.05,4.0,4318.0,19.15,29.0,2.7,20.9
520,DOMS Industries,DOMS,Small Cap,Manufacturing & Services,Diversified,2208.7,61.66,13404.23,0.17,45.28,670.51,24.32,30.0,2.7,20.9
521,Action Const.Eq.,ACE,Small Cap,Manufacturing & Services,Diversified,1125.4,30.68,13401.62,0.18,119.49,785.68,31.63,31.0,2.7,20.9
522,Molbio Diagnosti,MOLBIO,Small Cap,Manufacturing & Services,Diversified,1160.5,53.57,13373.6,0.0,52.75,408.38,18.48,32.0,2.7,20.9
523,Vedanta Power,VEDPOWER,Small Cap,Power Utilities & Cleantech,Renewable Energy & Power,34.2,21.78,13373.53,0.0,-423.0,2607.0,0.0,28.0,20.1,132.9
524,Lumax Auto Tech.,LUMAXTECH,Small Cap,Automotive & 2W/3W,Auto Ancillary & Components,1951.9,40.13,13303.7,0.28,98.64,1363.62,21.19,49.0,10.6,77.1
525,Swan Defence,SWANDEF,Small Cap,Manufacturing & Services,Diversified,2520.2,0.0,13276.96,0.0,-41.68,30.61,-7.6,10.0,2.7,20.9
526,Tilaknagar Inds.,TI,Small Cap,Manufacturing & Services,Diversified,535.1,58.59,13242.33,0.19,31.59,1046.03,11.78,11.0,2.6,19.9
527,Fujiyama Power,UTLSOLAR,Small Cap,Power Utilities & Cleantech,Renewable Energy & Power,429.75,31.55,13189.1,0.0,57.8,1345.69,34.95,32.0,19.8,130.7
528,Privi Speci.,PRIVISCL,Small Cap,Manufacturing & Services,Diversified,3367.3,37.6,13153.58,0.3,82.84,666.22,22.3,13.0,2.6,19.9
529,Lloyds Engineeri,LLOYDSENGG,Small Cap,Manufacturing & Services,Diversified,84.21,58.28,13035.82,0.3,68.23,527.15,16.1,14.0,2.6,19.9
530,Aptus Value Hou.,APTUS,Small Cap,Manufacturing & Services,Diversified,258.85,13.17,12963.99,1.74,260.94,600.29,15.41,15.0,2.6,19.9
531,Edelweiss.Fin.,EDELWEISS,Small Cap,Manufacturing & Services,Diversified,136.08,20.46,12880.53,1.1,134.37,2328.5,14.1,16.0,2.6,19.9
532,Bluestone Jewel,BLUESTONE,Small Cap,Manufacturing & Services,Diversified,842.75,228.61,12875.43,0.0,5.96,736.85,6.78,17.0,2.6,19.9
533,Karnataka Bank,KTKBANK,Small Cap,Banking & Financial Services,BFSI,340.1,8.95,12867.38,1.47,418.95,2382.65,6.06,18.0,2.6,19.9
534,Inox Wind,INOXWIND,Small Cap,Power Utilities & Cleantech,Renewable Energy & Power,74.4,37.33,12858.09,0.0,64.09,814.1,10.48,39.0,19.3,127.6
535,Corona Remedies,CORONA,Small Cap,Manufacturing & Services,Diversified,2100.1,60.66,12844.23,0.48,60.1,422.43,33.29,20.0,2.6,19.9
536,Ramkrishna Forg.,RKFORGE,Small Cap,Automotive & 2W/3W,Auto Ancillary & Components,700.85,111.07,12767.39,0.14,46.88,1216.67,5.6,61.0,10.2,74.2
537,JSW Holdings,JSWHL,Small Cap,Manufacturing & Services,Diversified,11472.0,101.76,12733.92,0.0,21.47,34.58,0.53,22.0,2.5,19.4
538,Home First Finan,HOMEFIRST,Small Cap,Manufacturing & Services,Diversified,1210.1,21.76,12652.74,0.43,159.85,538.01,11.13,23.0,2.5,19.4
539,Black Box,BBOX,Small Cap,Manufacturing & Services,Diversified,712.25,44.28,12649.5,0.14,55.92,1718.5,21.56,24.0,2.5,19.4
540,JM Financial,JMFINANCIL,Small Cap,Manufacturing & Services,Diversified,132.06,11.97,12637.61,2.46,368.57,1200.53,11.63,25.0,2.5,19.4
541,Varroc Engineer,VARROC,Small Cap,Manufacturing & Services,Diversified,826.35,44.23,12625.5,0.18,77.7,2634.24,18.98,26.0,2.5,19.4
542,Manorama Indust.,MANORAMA,Small Cap,Manufacturing & Services,Diversified,1993.4,47.62,12582.82,0.04,81.59,403.96,35.41,27.0,2.5,19.4
543,Nuvoco Vistas,NUVOCO,Small Cap,Manufacturing & Services,Diversified,352.15,30.31,12577.25,0.0,159.63,3128.71,6.99,28.0,2.5,19.4
544,Ujjivan Small,UJJIVANSFB,Small Cap,Manufacturing & Services,Diversified,64.43,13.86,12554.45,0.0,316.54,2024.92,7.73,29.0,2.5,19.4
545,Va Tech Wabag,WABAG,Small Cap,IT & Software Services,IT & Software,2005.3,31.45,12531.43,0.25,90.1,886.8,21.33,70.0,6.3,52.6
546,PCBL Chemical,PCBL,Small Cap,Chemicals & Petrochemicals,Chemicals,317.0,47.13,12472.76,1.89,154.93,2473.37,7.75,31.0,2.5,19.4
547,Sedemac Mechatro,SEDEMAC,Small Cap,Manufacturing & Services,Diversified,2814.4,105.72,12431.35,0.0,33.31,309.77,35.31,32.0,2.5,19.4
548,Godrej Agrovet,GODREJAGRO,Small Cap,Manufacturing & Services,Diversified,644.85,26.44,12407.65,1.71,128.31,2855.22,19.16,33.0,2.5,19.4
549,Amagi Media Labs,AMAGI,Small Cap,Pharmaceuticals & Healthcare,Pharma & Healthcare,563.3,122.0,12399.7,0.0,33.91,436.88,8.0,34.0,2.5,19.4
550,South Ind.Bank,SOUTHBANK,Small Cap,Banking & Financial Services,BFSI,47.29,8.2,12386.67,0.95,377.63,2627.81,6.42,10.0,2.5,19.4
551,E2E Networks,E2E,Small Cap,Manufacturing & Services,Diversified,601.55,396.85,12365.76,0.0,43.88,156.76,-0.51,11.0,2.5,19.4
552,Park Medi World,PARKHOSPS,Small Cap,Manufacturing & Services,Diversified,286.25,44.53,12364.02,0.0,88.6,475.71,19.46,12.0,2.5,19.4
553,Trident,TRIDENT,Small Cap,Textiles & Apparel,Textiles,24.16,31.15,12311.83,2.07,158.09,1786.83,9.79,28.0,9.8,71.3
554,Gravita India,GRAVITA,Small Cap,Manufacturing & Services,Diversified,1661.6,31.29,12264.01,0.38,106.37,1475.06,17.02,14.0,2.5,19.4
555,Cyient,CYIENT,Small Cap,Manufacturing & Services,Diversified,1101.8,30.05,12246.84,1.45,108.7,2075.7,12.28,15.0,2.4,18.4
556,Metropolis Healt,METROPOLIS,Small Cap,Manufacturing & Services,Diversified,588.7,58.65,12208.91,0.34,56.89,450.22,17.81,16.0,2.4,18.4
557,ASK Automotive,ASKAUTOLTD,Small Cap,Automotive & 2W/3W,Auto Ancillary & Components,618.85,38.56,12200.17,0.3,85.12,1358.11,25.42,32.0,9.8,71.3
558,Sky Gold & Diam.,SKYGOLD,Small Cap,Manufacturing & Services,Diversified,781.45,36.13,12102.62,0.0,104.9,2012.79,27.02,18.0,2.4,18.4
559,Akums Drugs,AKUMS,Small Cap,Manufacturing & Services,Diversified,765.75,39.51,12052.44,0.13,100.98,1166.63,14.94,19.0,2.4,18.4
560,PVR Inox,PVRINOX,Small Cap,Manufacturing & Services,Diversified,1227.2,37.99,12051.1,0.0,56.5,1622.2,6.79,20.0,2.4,18.4
561,Blue Dart Expres,BLUEDART,Small Cap,Manufacturing & Services,Diversified,4991.7,36.54,11845.3,0.5,88.49,1657.72,15.77,21.0,2.4,18.4
562,Titagarh Rail,TITAGARH,Small Cap,Manufacturing & Services,Diversified,871.85,60.46,11741.53,0.11,52.58,765.07,10.6,22.0,2.3,17.3
563,Viyash Scientific,VIYASH,Small Cap,Manufacturing & Services,Diversified,265.85,52.78,11694.94,0.0,79.29,946.36,13.42,23.0,2.3,17.3
564,Tega Inds.,TEGA,Small Cap,Manufacturing & Services,Diversified,1548.0,0.0,11629.77,0.13,-108.25,1723.44,8.09,24.0,2.3,17.3
565,Quality Power El,QPOWER,Small Cap,Power Utilities & Cleantech,Renewable Energy & Power,1495.3,86.87,11580.22,0.07,46.72,232.67,31.53,40.0,17.4,114.8
566,PC Jeweller,PCJEWELLER,Small Cap,Manufacturing & Services,Diversified,11.86,14.92,11566.03,0.0,221.88,877.04,9.58,26.0,2.3,17.3
567,Volt.Transform.,VOLTAMP,Small Cap,Manufacturing & Services,Diversified,11418.0,36.44,11551.73,0.88,91.22,543.78,23.5,27.0,2.3,17.3
568,RRPSemiconductor,504346,Small Cap,Manufacturing & Services,Diversified,8374.25,0.0,11409.08,0.0,-0.33,0.0,-32.66,28.0,2.3,17.3
569,Paras Defence,PARAS,Small Cap,Manufacturing & Services,Diversified,1414.9,123.3,11402.3,0.07,20.74,127.91,17.19,29.0,2.3,17.3
570,Techno Elec.Engg,TECHNOE,Small Cap,IT & Software Services,IT & Software,979.5,22.13,11391.54,0.71,96.16,641.64,15.95,55.0,5.7,48.2
571,UTI AMC,UTIAMC,Small Cap,Manufacturing & Services,Diversified,880.55,21.2,11318.5,4.54,293.86,583.51,15.57,31.0,2.3,17.3
572,Lloyds Enterpris,LLOYDSENT,Small Cap,Manufacturing & Services,Diversified,74.23,99.21,11313.45,0.2,109.98,563.03,3.67,32.0,2.3,17.3
573,Welspun Enterp,WELENT,Small Cap,Textiles & Apparel,Textiles,813.6,31.78,11261.35,0.37,56.36,773.72,16.74,48.0,9.0,65.5
574,India Cements,INDIACEM,Small Cap,Cement & Building Materials,Cement & Materials,362.5,83.21,11233.77,0.0,26.85,1019.42,1.24,19.0,16.9,111.3
575,Ircon Intl.,IRCON,Small Cap,Manufacturing & Services,Diversified,119.25,21.42,11215.65,1.59,92.03,1955.83,9.69,10.0,2.2,16.8
576,SignatureGlobal,SIGNATURE,Small Cap,Manufacturing & Services,Diversified,796.55,0.0,11206.35,0.0,-16.53,551.99,2.6,11.0,2.2,16.8
577,JP Power Ven.,JPPOWER,Small Cap,Power Utilities & Cleantech,Renewable Energy & Power,16.29,13.37,11164.28,0.0,468.84,1775.7,6.97,22.0,16.7,110.0
578,SBFC Finance,SBFC,Small Cap,Banking & Financial Services,BFSI,100.08,23.12,11099.1,0.0,130.12,491.47,11.82,13.0,2.2,16.8
579,Shreeji Ship. Gl,SHREEJISPG,Small Cap,Manufacturing & Services,Diversified,680.15,69.35,11080.89,0.15,44.29,208.85,26.35,14.0,2.2,16.8
580,Tejas Networks,TEJASNET,Small Cap,Manufacturing & Services,Diversified,614.15,0.0,10935.88,0.41,-202.24,402.16,-14.64,15.0,2.2,16.8
581,Avanti Feeds,AVANTIFEED,Small Cap,Manufacturing & Services,Diversified,798.6,20.22,10880.58,1.25,116.3,1899.86,24.38,16.0,2.2,16.8
582,KEC International,KEC,Small Cap,Manufacturing & Services,Diversified,408.55,18.11,10875.6,1.35,72.62,5023.54,16.53,17.0,2.2,16.8
583,Jubilant Ingrev.,JUBLINGREA,Small Cap,Manufacturing & Services,Diversified,680.3,34.08,10835.9,0.73,105.82,1300.27,11.37,18.0,2.2,16.8
584,Mahanagar Gas,MGL,Small Cap,Manufacturing & Services,Diversified,1096.6,15.02,10831.97,2.74,193.7,2371.71,17.14,19.0,2.2,16.8
585,Blue Jet Health,BLUEJET,Small Cap,Manufacturing & Services,Diversified,569.8,45.91,10784.93,0.21,78.26,293.11,26.07,20.0,2.2,16.8
586,Afcons Infrastr.,AFCONS,Small Cap,Manufacturing & Services,Diversified,292.8,52.56,10768.73,0.68,30.3,2671.0,13.91,21.0,2.2,16.8
587,IIFL Capital,IIFLCAPS,Small Cap,Manufacturing & Services,Diversified,341.2,18.86,10753.9,0.88,184.16,631.48,21.07,22.0,2.2,16.8
588,Can Fin Homes,CANFINHOME,Small Cap,Manufacturing & Services,Diversified,807.4,9.52,10750.9,1.86,267.82,1096.15,9.14,23.0,2.2,16.8
589,Suven Life Scie.,SUVEN,Small Cap,Manufacturing & Services,Diversified,378.0,0.0,10680.87,0.0,-127.61,3.57,-79.54,24.0,2.1,16.3
590,Blackbuck,BLACKBUCK,Small Cap,Manufacturing & Services,Diversified,586.1,62.19,10676.82,0.0,42.17,204.17,12.76,25.0,2.1,16.3
591,ESDS Software,ESDS,Small Cap,IT & Software Services,IT & Software,908.4,88.87,10647.44,0.0,0.0,0.0,30.19,76.0,5.3,44.2
592,Indian Energy Ex,IEX,Small Cap,Power Utilities & Cleantech,Renewable Energy & Power,118.91,21.76,10603.12,2.94,126.69,155.93,51.79,37.0,15.9,105.2
593,JK Tyre & Indust,JKTYRE,Small Cap,Automotive & 2W/3W,Auto Ancillary & Components,367.35,14.73,10590.32,1.09,44.09,3946.24,15.51,68.0,8.5,62.1
594,Pearl Global Ind,PGIL,Small Cap,Manufacturing & Services,Diversified,2278.3,33.58,10523.59,0.64,99.24,1528.26,19.93,29.0,2.1,16.3
595,A B Lifestyle,ABLBL,Small Cap,Manufacturing & Services,Diversified,86.07,49.21,10505.03,0.58,29.02,2045.74,15.02,30.0,2.1,16.3
596,Zensar Tech.,ZENSARTECH,Small Cap,IT & Software Services,IT & Software,461.55,13.21,10503.99,3.25,183.8,1508.3,22.75,81.0,5.3,44.2
597,Health.Global,HCG,Small Cap,Manufacturing & Services,Diversified,700.2,216.98,10454.14,0.0,16.46,695.1,8.3,32.0,2.1,16.3
598,The Bombay Burmah,BBTC,Small Cap,Manufacturing & Services,Diversified,1496.8,8.43,10443.46,1.14,582.67,5088.69,32.98,33.0,2.1,16.3
599,Jupiter Wagons,JWL,Small Cap,Manufacturing & Services,Diversified,243.24,58.42,10395.36,0.41,26.18,670.74,9.16,34.0,2.1,16.3
600,SG Mart,SGMART,Small Cap,Manufacturing & Services,Diversified,824.75,83.61,10394.75,0.0,45.58,1308.57,10.24,10.0,2.1,16.3
601,Indiamart Inter.,INDIAMART,Small Cap,Manufacturing & Services,Diversified,1726.4,21.04,10383.11,1.74,172.2,414.4,28.04,11.0,2.1,16.3
602,Rites,RITES,Small Cap,Manufacturing & Services,Diversified,215.8,24.85,10371.43,3.68,97.78,532.2,22.0,12.0,2.1,16.3
603,Whirlpool India,WHIRLPOOL,Small Cap,Manufacturing & Services,Diversified,815.95,37.97,10352.11,0.61,102.88,2726.75,10.67,13.0,2.1,16.3
604,AAVAS Financiers,AAVAS,Small Cap,Manufacturing & Services,Diversified,1304.2,15.05,10341.57,0.0,171.27,708.72,9.92,14.0,2.1,16.3
605,Alkyl Amines,ALKYLAMINE,Small Cap,Manufacturing & Services,Diversified,2020.9,45.9,10336.13,0.49,94.63,528.01,16.64,15.0,2.1,16.3
606,KRN Heat Exchan,KRN,Small Cap,Manufacturing & Services,Diversified,1578.7,106.6,10333.93,0.0,32.9,252.32,16.06,16.0,2.1,16.3
607,Kennametal India,KENNAMET,Small Cap,Metals & Mining,Metals & Mining,4688.5,52.57,10304.5,0.85,88.8,477.6,33.21,22.0,15.5,102.1
608,Genus Power,GENUSPOWER,Small Cap,Power Utilities & Cleantech,Renewable Energy & Power,337.8,15.77,10277.32,0.15,196.64,1364.88,23.94,23.0,15.4,101.6
609,Rategain Travel,RATEGAIN,Small Cap,Manufacturing & Services,Diversified,851.15,38.6,10088.93,0.0,94.91,785.01,13.88,19.0,2.0,15.3
610,Olectra Greentec,OLECTRA,Small Cap,Power Utilities & Cleantech,Renewable Energy & Power,1229.0,56.86,10087.72,0.05,26.66,575.51,21.05,25.0,15.1,99.4
611,Kwality Wall's,KWIL,Small Cap,Manufacturing & Services,Diversified,42.12,0.0,9896.48,0.0,50.7,878.3,0.0,21.0,2.0,15.3
612,Shiprocket,SHIPROCKET,Small Cap,Manufacturing & Services,Diversified,135.92,0.0,9889.23,0.0,0.0,0.0,-2.68,22.0,2.0,15.3
613,Kirl.Pneumatic,KIRLPNU,Small Cap,Manufacturing & Services,Diversified,760.45,36.16,9880.25,0.79,34.1,300.3,30.3,23.0,2.0,15.3
614,Finolex Inds.,FINPIPE,Small Cap,Manufacturing & Services,Diversified,158.63,15.99,9842.63,1.26,114.52,883.58,11.83,24.0,2.0,15.3
615,BLS Internat.,BLS,Small Cap,Manufacturing & Services,Diversified,238.79,13.93,9831.96,0.84,201.63,890.53,29.34,25.0,2.0,15.3
616,Strides Pharma,STAR,Small Cap,Pharmaceuticals & Healthcare,Pharma & Healthcare,1059.6,16.86,9766.62,0.47,165.49,1265.41,18.32,26.0,2.0,15.3
617,Sudarshan Chem.,SUDARSCHEM,Small Cap,Chemicals & Petrochemicals,Chemicals,1222.8,95.86,9735.49,0.41,103.4,2642.1,5.46,27.0,1.9,14.3
618,Elecon Engg.Co,ELECON,Small Cap,Manufacturing & Services,Diversified,433.75,32.19,9733.35,0.46,70.35,520.56,20.86,28.0,1.9,14.3
619,Elantas Beck,ELANTAS,Small Cap,Manufacturing & Services,Diversified,12219.0,54.55,9686.83,0.06,70.86,283.39,21.21,29.0,1.9,14.3
620,Sanofi Consumer,SANOFICONR,Small Cap,Manufacturing & Services,Diversified,4201.7,36.38,9676.78,1.78,68.8,235.7,89.93,30.0,1.9,14.3
621,KRBL,KRBL,Small Cap,Manufacturing & Services,Diversified,421.95,12.74,9658.01,1.07,260.74,1495.86,15.16,31.0,1.9,14.3
622,Intellect Design,INTELLECT,Small Cap,Manufacturing & Services,Diversified,686.65,26.05,9637.58,0.58,101.82,845.17,16.03,32.0,1.9,14.3
623,MMTC,MMTC,Small Cap,Manufacturing & Services,Diversified,64.18,47.82,9627.0,0.0,104.24,0.68,8.67,33.0,1.9,14.3
624,Sandur Manganese,SANDUMA,Small Cap,Manufacturing & Services,Diversified,197.83,12.97,9616.61,0.25,227.85,1374.78,24.23,34.0,1.9,14.3
625,Jain Resource,JAINREC,Small Cap,Manufacturing & Services,Diversified,277.95,26.33,9591.66,0.0,69.41,2724.46,25.66,10.0,1.9,14.3
626,Yatharth Hospit.,YATHARTH,Small Cap,Manufacturing & Services,Diversified,991.1,52.71,9549.68,0.05,45.42,392.65,12.37,11.0,1.9,14.3
627,Saregama India,SAREGAMA,Small Cap,Manufacturing & Services,Diversified,492.75,41.63,9500.69,0.91,51.88,263.6,17.29,12.0,1.9,14.3
628,Sri Lotus,LOTUSDEV,Small Cap,Manufacturing & Services,Diversified,193.25,36.76,9444.59,0.26,45.72,132.35,21.15,13.0,1.9,14.3
629,Brainbees Solut.,FIRSTCRY,Small Cap,Manufacturing & Services,Diversified,180.16,0.0,9405.94,0.0,-43.95,2106.23,0.57,14.0,1.9,14.3
630,NCC,NCC,Small Cap,Manufacturing & Services,Diversified,149.7,13.01,9398.86,1.47,228.9,5811.83,16.8,15.0,1.9,14.3
631,P & G Health Ltd,PGHL,Small Cap,Manufacturing & Services,Diversified,5660.0,28.2,9395.25,2.74,96.15,363.71,83.88,16.0,1.9,14.3
632,Jupiter Life Lin,JLHL,Small Cap,Manufacturing & Services,Diversified,286.45,49.13,9390.69,0.07,37.52,410.98,14.8,17.0,1.9,14.3
633,Esab India,ESABINDIA,Small Cap,Manufacturing & Services,Diversified,6067.5,45.12,9339.71,1.24,56.14,421.12,64.68,18.0,1.9,14.3
634,Pricol Ltd,PRICOLLTD,Small Cap,Manufacturing & Services,Diversified,764.95,34.8,9323.33,0.26,67.02,1105.44,24.5,19.0,1.9,14.3
635,Time Technoplast,TIMETECHNO,Small Cap,IT & Software Services,IT & Software,188.49,19.0,9304.53,0.8,117.86,1692.71,16.71,80.0,4.7,39.8
636,Wework India,WEWORK,Small Cap,Manufacturing & Services,Diversified,666.95,106.82,9243.28,0.0,-4.58,680.2,20.57,21.0,1.8,13.8
637,Mah. Seamless,MAHSEAMLES,Small Cap,Manufacturing & Services,Diversified,688.1,12.48,9219.97,1.45,266.4,1091.2,14.31,22.0,1.8,13.8
638,Powergrid Infra.,PGINVIT,Small Cap,Power Utilities & Cleantech,Renewable Energy & Power,101.17,10.16,9206.46,2.97,185.12,311.38,11.65,23.0,13.8,91.1
639,Thyrocare Tech.,THYROCARE,Small Cap,IT & Software Services,IT & Software,576.15,50.74,9170.31,1.62,51.33,240.02,35.38,84.0,4.6,38.6
640,Reliance Power,RPOWER,Small Cap,Power Utilities & Cleantech,Renewable Energy & Power,22.08,2543.67,9131.78,0.0,64.71,1956.32,6.11,25.0,13.7,90.2
641,SML Mahindra,SMLMAH,Small Cap,Manufacturing & Services,Diversified,6298.5,58.27,9113.93,0.37,63.62,957.54,30.9,26.0,1.8,13.8
642,T R I L,TARIL,Small Cap,Manufacturing & Services,Diversified,300.95,34.94,9033.49,0.08,64.29,572.34,23.31,27.0,1.8,13.8
643,Tsf Investments,TSFINV,Small Cap,Manufacturing & Services,Diversified,404.7,18.46,8988.54,2.76,124.95,305.58,3.38,28.0,1.8,13.8
644,Waaree Renewab.,WAAREERTL,Small Cap,Power Utilities & Cleantech,Renewable Energy & Power,858.95,17.56,8965.65,0.12,114.49,811.34,85.38,29.0,13.4,88.4
645,P N Gadgil Jewe.,PNGJL,Small Cap,Manufacturing & Services,Diversified,609.05,20.0,8965.37,0.0,105.34,2412.98,20.92,30.0,1.8,13.8
646,Banco Products,BANCOINDIA,Small Cap,Manufacturing & Services,Diversified,623.5,18.5,8918.38,3.69,122.38,1183.9,30.91,31.0,1.8,13.8
647,Indo Count Inds.,ICIL,Small Cap,Manufacturing & Services,Diversified,449.8,59.04,8908.48,0.33,63.22,1206.96,8.19,32.0,1.8,13.8
648,Clean Science,CLEAN,Small Cap,Chemicals & Petrochemicals,Chemicals,836.15,38.15,8886.95,0.72,73.35,268.43,20.68,33.0,1.8,13.8
649,Max Estates,MAXESTATES,Small Cap,Manufacturing & Services,Diversified,542.1,1510.54,8866.86,0.0,8.35,51.91,1.4,34.0,1.8,13.8
650,Religare Enterp.,RELIGARE,Small Cap,Manufacturing & Services,Diversified,257.08,178.86,8862.42,0.0,-46.98,2353.4,3.5,10.0,1.8,13.8
651,Swan Corp,SWANCORP,Small Cap,Manufacturing & Services,Diversified,281.5,39.47,8823.81,0.05,-36.0,1013.75,-0.58,11.0,1.8,13.8
652,Zee Entertainmen,ZEEL,Small Cap,Manufacturing & Services,Diversified,91.61,42.02,8799.32,2.18,74.3,1907.3,2.72,12.0,1.8,13.8
653,G N F C,GNFC,Small Cap,Manufacturing & Services,Diversified,596.7,8.46,8767.95,3.52,312.0,2238.0,12.03,13.0,1.8,13.8
654,Railtel Corpn.,RAILTEL,Small Cap,Manufacturing & Services,Diversified,271.05,23.48,8699.04,1.2,65.78,893.27,22.85,14.0,1.7,12.7
655,Bata India,BATAINDIA,Small Cap,Manufacturing & Services,Diversified,672.75,49.74,8646.69,3.72,63.98,978.95,12.74,15.0,1.7,12.7
656,Jayaswal Neco,JAYNECOIND,Small Cap,Manufacturing & Services,Diversified,89.04,15.13,8645.77,0.0,193.92,2106.56,20.69,16.0,1.7,12.7
657,Prec. Wires (I),PRECWIRE,Small Cap,Manufacturing & Services,Diversified,472.8,49.49,8643.16,0.26,46.45,1779.24,32.94,17.0,1.7,12.7
658,Relaxo Footwear,RELAXO,Small Cap,Manufacturing & Services,Diversified,344.75,46.31,8582.16,1.02,54.94,705.05,11.18,18.0,1.7,12.7
659,Vesuvius India,VESUVIUS,Small Cap,Manufacturing & Services,Diversified,419.15,33.21,8507.1,0.36,58.51,536.17,21.34,19.0,1.7,12.7
660,G R Infraproject,GRINFRA,Small Cap,Manufacturing & Services,Diversified,869.1,8.96,8409.46,0.29,357.79,2784.11,11.92,20.0,1.7,12.7
661,Equitas Sma. Fin,EQUITASBNK,Small Cap,Manufacturing & Services,Diversified,72.95,16.35,8344.98,0.0,183.61,1960.4,6.43,21.0,1.7,12.7
662,Lemon Tree Hotel,LEMONTREE,Small Cap,Manufacturing & Services,Diversified,104.95,32.49,8314.63,0.0,57.34,344.61,13.95,22.0,1.7,12.7
663,Tips Music,TIPSMUSIC,Small Cap,Manufacturing & Services,Diversified,649.75,38.7,8305.86,2.0,43.7,106.51,118.47,23.0,1.7,12.7
664,Raghav Product.,RPEL,Small Cap,Manufacturing & Services,Diversified,1807.2,132.38,8299.01,0.06,19.57,86.91,30.3,24.0,1.7,12.7
665,Westlife Food,WESTLIFE,Small Cap,Manufacturing & Services,Diversified,530.6,0.0,8273.97,0.14,0.59,735.64,6.34,25.0,1.7,12.7
666,Augmont Enterpri,AUGMONT,Small Cap,Manufacturing & Services,Diversified,901.5,24.7,8237.32,0.0,0.0,0.0,68.52,26.0,1.6,12.2
667,Eureka Forbes,EUREKAFORB,Small Cap,Manufacturing & Services,Diversified,423.75,41.0,8198.24,0.0,55.44,700.77,5.86,27.0,1.6,12.2
668,Indus Inf. Trust,INDUSINVIT,Small Cap,Manufacturing & Services,Diversified,133.94,20.9,8183.81,3.15,129.39,284.77,6.77,28.0,1.6,12.2
669,Balaji Amines,BALAMINES,Small Cap,Manufacturing & Services,Diversified,2525.2,40.08,8181.9,0.44,78.12,455.93,11.02,29.0,1.6,12.2
670,Karamtara Engg.,id,Small Cap,Manufacturing & Services,Diversified,0.0,35.73,8174.3,0.0,0.0,0.0,29.34,30.0,1.6,12.2
671,Standard Engineering Technology,SETL,Small Cap,IT & Software Services,IT & Software,408.95,95.38,8158.21,0.0,26.75,247.69,14.68,76.0,4.1,34.2
672,Orkla India,ORKLAINDIA,Small Cap,Manufacturing & Services,Diversified,594.15,26.63,8139.22,0.0,87.7,659.1,14.92,32.0,1.6,12.2
673,Medplus Health,MEDPLUS,Small Cap,Manufacturing & Services,Diversified,676.35,38.61,8125.47,0.0,33.17,1879.6,12.56,33.0,1.6,12.2
674,Birlasoft Ltd,BSOFT,Small Cap,Manufacturing & Services,Diversified,289.35,13.57,8092.17,2.25,161.0,1379.4,21.15,34.0,1.6,12.2
675,Kingfa Science,KINGFA,Small Cap,Manufacturing & Services,Diversified,5932.5,35.62,8039.36,0.34,80.21,688.57,23.2,10.0,1.6,12.2
676,Embassy Develop,EMBDL,Small Cap,Manufacturing & Services,Diversified,57.53,0.0,8000.31,0.0,-234.4,216.75,-2.44,11.0,1.6,12.2
677,Sonata Software,SONATSOFTW,Small Cap,Automotive & 2W/3W,Auto Ancillary & Components,285.25,15.81,7999.12,2.77,108.11,3279.1,30.67,52.0,6.4,46.6
678,Entero Healthcar,ENTERO,Small Cap,Manufacturing & Services,Diversified,1827.6,61.64,7954.28,0.0,52.05,1940.5,10.47,13.0,1.6,12.2
679,EPL Ltd,EPL,Small Cap,Manufacturing & Services,Diversified,247.1,19.27,7914.96,1.01,100.6,1387.9,17.8,14.0,1.6,12.2
680,Dynamatic Tech.,DYNAMATECH,Small Cap,IT & Software Services,IT & Software,11654.0,135.09,7914.75,0.09,20.79,424.81,10.21,45.0,4.0,33.6
681,V2 Retail,V2RETAIL,Small Cap,Manufacturing & Services,Diversified,216.5,48.2,7894.4,0.0,41.9,997.2,19.53,16.0,1.6,12.2
682,Manipal Payment,id,Small Cap,Manufacturing & Services,Diversified,0.0,30.79,7858.17,0.0,0.0,0.0,0.0,17.0,1.6,12.2
683,Mishra Dhatu Nig,MIDHANI,Small Cap,Manufacturing & Services,Diversified,418.8,58.42,7845.8,0.2,16.31,239.49,11.3,18.0,1.6,12.2
684,Mrugesh Trading,512065,Small Cap,Manufacturing & Services,Diversified,108.55,0.0,7842.19,0.0,0.09,0.43,-0.49,19.0,1.6,12.2
685,ASM Technologies,526433,Small Cap,IT & Software Services,IT & Software,5370.45,107.24,7833.69,0.31,26.82,198.82,26.95,50.0,3.9,32.5
686,Garware Tech.,GARFIBRES,Small Cap,IT & Software Services,IT & Software,800.55,35.47,7817.24,1.12,64.6,482.37,21.98,51.0,3.9,32.5
687,Guj Pipavav Port,GPPL,Small Cap,Manufacturing & Services,Diversified,161.62,14.36,7813.36,6.43,147.9,331.77,28.06,22.0,1.6,12.2
688,Aarti Pharma,AARTIPHARM,Small Cap,Chemicals & Petrochemicals,Chemicals,858.8,36.18,7787.58,0.41,76.14,535.8,10.7,23.0,1.6,12.2
689,Aditya Vision,AVL,Small Cap,Manufacturing & Services,Diversified,600.05,55.3,7748.93,0.21,77.22,1192.68,17.08,24.0,1.5,11.2
690,Mahindra Life.,MAHLIFE,Small Cap,Manufacturing & Services,Diversified,362.4,24.89,7732.66,0.97,85.55,962.13,7.64,25.0,1.5,11.2
691,Cello World,CELLO,Small Cap,Manufacturing & Services,Diversified,342.0,24.27,7713.41,0.44,73.4,526.72,17.41,26.0,1.5,11.2
692,TTK Prestige,TTKPRESTIG,Small Cap,Textiles & Apparel,Textiles,562.75,37.24,7707.78,1.33,58.97,813.85,12.1,67.0,6.2,45.1
693,Guj. Ambuja Exp,GAEL,Small Cap,Cement & Building Materials,Cement & Materials,167.81,18.37,7696.95,0.18,176.77,1594.22,12.46,18.0,11.5,75.7
694,Knowledge Marine,KMEW,Small Cap,Manufacturing & Services,Diversified,3033.4,59.38,7694.01,0.0,62.75,115.41,16.37,29.0,1.5,11.2
695,Star Cement,STARCEMENT,Small Cap,Cement & Building Materials,Cement & Materials,190.19,20.34,7687.11,1.05,73.91,942.89,16.68,20.0,11.5,75.7
696,SKF India,SKFINDIA,Small Cap,Manufacturing & Services,Diversified,1553.2,51.7,7678.7,2.58,61.84,587.79,13.33,31.0,1.5,11.2
697,Galaxy Surfact.,GALAXYSURF,Small Cap,Manufacturing & Services,Diversified,2165.0,21.12,7675.95,1.02,165.92,1781.9,13.53,32.0,1.5,11.2
698,RHI Magnesita,RHIM,Small Cap,Manufacturing & Services,Diversified,371.35,40.95,7668.43,0.67,64.61,1013.97,6.52,33.0,1.5,11.2
699,Unimech Aero.,UNIMECH,Small Cap,Manufacturing & Services,Diversified,1502.7,106.21,7649.04,0.0,27.86,107.62,11.15,34.0,1.5,11.2
700,Kirl. Ferrous,KIRLFER,Small Cap,Manufacturing & Services,Diversified,459.6,19.4,7584.69,1.31,82.32,1771.51,13.42,10.0,1.5,11.2
701,Safari Inds.,SAFARI,Small Cap,Manufacturing & Services,Diversified,1540.4,45.73,7547.54,0.26,47.75,588.58,19.27,11.0,1.5,11.2
702,Kama Holdings,KAMAHOLD,Small Cap,Manufacturing & Services,Diversified,2348.2,6.64,7535.51,1.77,761.5,5070.88,14.0,12.0,1.5,11.2
703,Waterways Leisur,CORDELIA,Small Cap,Manufacturing & Services,Diversified,103.9,187.39,7521.79,0.0,22.77,190.11,63.99,13.0,1.5,11.2
704,Newgen Software,NEWGEN,Small Cap,IT & Software Services,IT & Software,524.8,21.82,7478.92,1.14,62.82,356.68,25.01,69.0,3.7,31.4
705,Ethos,ETHOSLTD,Small Cap,Manufacturing & Services,Diversified,2792.8,70.76,7472.89,0.0,28.66,461.71,10.41,15.0,1.5,11.2
706,Cera Sanitary.,CERA,Small Cap,Manufacturing & Services,Diversified,5787.5,36.17,7464.45,1.3,45.31,485.98,19.25,16.0,1.5,11.2
707,Hindustan Foods,HNDFDS,Small Cap,Manufacturing & Services,Diversified,615.05,46.07,7452.11,0.0,42.76,1201.08,14.06,17.0,1.5,11.2
708,GMR Urban,GMRP&UI,Small Cap,Manufacturing & Services,Diversified,95.3,0.0,7443.1,0.0,-35.38,1705.18,11.96,18.0,1.5,11.2
709,SJS Enterprises,SJS,Small Cap,Manufacturing & Services,Diversified,2306.1,39.03,7437.06,0.15,74.43,261.0,28.58,19.0,1.5,11.2
710,Jyothy Labs,JYOTHYLAB,Small Cap,Pharmaceuticals & Healthcare,Pharma & Healthcare,201.54,26.06,7400.84,1.74,47.64,773.4,28.66,20.0,1.5,11.2
711,NESCO,NESCO,Small Cap,Manufacturing & Services,Diversified,1047.6,17.72,7381.39,0.67,99.96,211.8,18.54,21.0,1.5,11.2
712,INDIA SHELTE FIN,INDIASHLTR,Small Cap,Manufacturing & Services,Diversified,677.1,13.95,7378.14,1.48,143.02,432.39,12.86,22.0,1.5,11.2
713,Tata Tele. Mah.,TTML,Small Cap,Manufacturing & Services,Diversified,37.74,0.0,7377.9,0.0,-72.15,301.57,55.65,23.0,1.5,11.2
714,KSH Internationa,KSHINTL,Small Cap,Manufacturing & Services,Diversified,1087.8,56.31,7370.47,0.0,42.22,1164.24,21.46,24.0,1.5,11.2
715,JK Paper,JKPAPER,Small Cap,Manufacturing & Services,Diversified,405.8,22.51,7357.92,0.99,136.27,1887.17,7.39,25.0,1.5,11.2
716,Le Travenues,IXIGO,Small Cap,Manufacturing & Services,Diversified,166.75,84.0,7355.09,0.0,34.24,356.75,6.8,26.0,1.5,11.2
717,Borosil Renew.,BORORENEW,Small Cap,Power Utilities & Cleantech,Renewable Energy & Power,499.15,18.29,7346.67,0.0,87.71,405.69,26.62,42.0,11.0,72.6
718,Sapphire Foods,SAPPHIRE,Small Cap,Manufacturing & Services,Diversified,228.43,2982.68,7341.35,0.0,14.02,890.96,3.98,28.0,1.5,11.2
719,RaajMarg Infra,RIIT,Small Cap,Manufacturing & Services,Diversified,121.57,0.0,7294.2,1.97,201.07,266.84,0.0,29.0,1.5,11.2
720,Power Mech Proj.,POWERMECH,Small Cap,Power Utilities & Cleantech,Renewable Energy & Power,2306.1,18.64,7291.03,0.07,89.33,1623.68,21.7,15.0,10.9,72.2
721,AXISCADES Tech.,AXISCADES,Small Cap,IT & Software Services,IT & Software,1711.6,221.95,7280.03,0.0,-14.76,183.35,3.57,46.0,3.6,30.2
722,M B Agro Prod.,MBAPL,Small Cap,Manufacturing & Services,Diversified,166.12,46.97,7278.29,0.06,32.96,416.3,19.34,32.0,1.5,11.2
723,Sanofi India,SANOFI,Small Cap,Manufacturing & Services,Diversified,3158.2,21.22,7273.33,2.37,83.5,437.7,57.51,33.0,1.5,11.2
724,Rain Industries,RAIN,Small Cap,Manufacturing & Services,Diversified,215.72,13.51,7255.74,0.46,340.99,5167.16,8.26,34.0,1.5,11.2
725,Technocraf.Inds.,TIIL,Small Cap,IT & Software Services,IT & Software,3194.6,21.33,7243.05,0.63,137.75,804.97,16.1,50.0,3.6,30.2
726,Bengal & Assam,BENGALASM,Small Cap,Manufacturing & Services,Diversified,6332.5,9.39,7221.52,0.79,196.54,632.96,3.92,11.0,1.4,10.7
727,Bliss GVS Pharma,BLISSGVS,Small Cap,Pharmaceuticals & Healthcare,Pharma & Healthcare,671.0,51.82,7131.07,0.22,51.37,285.58,16.93,12.0,1.4,10.7
728,Aeroflex,AEROFLEX,Small Cap,Manufacturing & Services,Diversified,537.45,105.91,7112.12,0.07,18.79,145.38,18.92,13.0,1.4,10.7
729,DCB Bank,DCBBANK,Small Cap,Banking & Financial Services,BFSI,220.74,9.03,7111.78,0.66,213.2,1984.31,7.4,14.0,1.4,10.7
730,Citius Transnet,CITIUSINVT,Small Cap,Manufacturing & Services,Diversified,116.37,0.0,7098.57,1.77,-248.72,365.86,0.0,15.0,1.4,10.7
731,Sheela Foam,SFL,Small Cap,Manufacturing & Services,Diversified,646.8,34.7,7063.27,0.15,62.34,1031.94,6.11,16.0,1.4,10.7
732,Inox Green,INOXGREEN,Small Cap,Power Utilities & Cleantech,Renewable Energy & Power,175.1,57.35,7030.13,0.0,40.79,43.29,8.42,27.0,10.5,69.5
733,Nephrocare Health Services,NEPHROPLUS,Small Cap,Manufacturing & Services,Diversified,697.05,82.36,7009.47,0.0,31.97,281.75,15.34,18.0,1.4,10.7
734,Balu Forge,BALUFORGE,Small Cap,Automotive & 2W/3W,Auto Ancillary & Components,574.1,26.01,6969.11,0.03,66.09,300.71,22.72,59.0,5.6,40.7
735,Indian Metals,IMFA,Small Cap,Metals & Mining,Metals & Mining,1288.4,13.26,6951.45,0.97,192.59,960.45,18.37,30.0,10.4,68.6
736,Mrs Bectors,BECTORFOOD,Small Cap,Manufacturing & Services,Diversified,225.96,53.7,6936.76,0.58,35.27,507.06,12.86,21.0,1.4,10.7
737,Sharda Cropchem,SHARDACROP,Small Cap,Automotive & 2W/3W,Auto Ancillary & Components,768.35,11.07,6932.09,1.95,88.02,1073.77,30.25,62.0,5.5,39.8
738,Symbiotec Pharma,SYMBIOTEC,Small Cap,Pharmaceuticals & Healthcare,Pharma & Healthcare,1078.25,60.08,6928.42,0.0,29.92,203.17,12.99,23.0,1.4,10.7
739,Restaurant Brand,RBA,Small Cap,Manufacturing & Services,Diversified,97.15,0.0,6917.84,0.0,-33.01,822.61,-0.47,24.0,1.4,10.7
740,Tanla Platforms,TANLA,Small Cap,Manufacturing & Services,Diversified,521.15,12.97,6912.22,2.3,142.17,1226.39,26.32,25.0,1.4,10.7
741,Supriya Lifesci.,SUPRIYA,Small Cap,Manufacturing & Services,Diversified,852.85,34.54,6863.98,0.12,24.04,189.75,25.13,26.0,1.4,10.7
742,GNG Electronics,EBGNG,Small Cap,Manufacturing & Services,Diversified,601.25,48.13,6854.94,0.0,28.93,412.46,20.3,27.0,1.4,10.7
743,Tanfac Inds.,506854,Small Cap,Manufacturing & Services,Diversified,3231.6,101.33,6853.87,0.14,16.85,187.18,23.66,28.0,1.4,10.7
744,Birla Corpn.,BIRLACORPN,Small Cap,Cement & Building Materials,Cement & Materials,887.35,12.26,6833.48,1.41,115.73,2646.45,9.78,39.0,10.3,68.2
745,Campus Activewe.,CAMPUS,Small Cap,Manufacturing & Services,Diversified,223.24,44.3,6823.99,0.67,26.14,385.2,21.22,30.0,1.4,10.7
746,Gokul Agro,GOKULAGRO,Small Cap,Manufacturing & Services,Diversified,231.17,16.23,6821.52,0.0,122.64,5281.95,36.69,31.0,1.4,10.7
747,Cyient DLM,CYIENTDLM,Small Cap,Manufacturing & Services,Diversified,856.95,82.85,6802.76,0.0,16.29,373.8,9.9,32.0,1.4,10.7
748,Timex Group,TIMEX,Small Cap,Manufacturing & Services,Diversified,669.85,75.79,6762.14,0.0,25.02,218.9,82.85,33.0,1.4,10.7
749,Bajaj Consumer,BAJAJCON,Small Cap,Manufacturing & Services,Diversified,517.55,30.31,6760.15,0.0,70.75,341.56,30.05,34.0,1.4,10.7
750,Paisalo Digital,PAISALO,Small Cap,Manufacturing & Services,Diversified,74.1,26.75,6739.56,0.13,61.31,260.29,12.38,10.0,1.3,10.2
751,Innova Captab,INNOVACAP,Small Cap,Manufacturing & Services,Diversified,1175.4,43.67,6726.22,0.17,44.13,470.85,14.96,11.0,1.3,10.2
752,Electronics Mart,EMIL,Small Cap,Manufacturing & Services,Diversified,173.74,34.08,6684.62,0.0,120.64,2418.95,8.14,12.0,1.3,10.2
753,Skipper,SKIPPER,Small Cap,Manufacturing & Services,Diversified,591.1,29.44,6675.72,0.02,56.47,1309.83,23.52,13.0,1.3,10.2
754,Transport Corp.,TCI,Small Cap,Manufacturing & Services,Diversified,868.2,14.61,6670.48,1.15,106.6,1248.5,19.45,14.0,1.3,10.2
755,Ajax Engineering,AJAXENGG,Small Cap,Manufacturing & Services,Diversified,582.45,28.95,6663.89,0.0,55.6,474.6,23.86,15.0,1.3,10.2
756,Redtape,REDTAPE,Small Cap,Manufacturing & Services,Diversified,120.43,27.02,6657.46,1.66,44.48,481.28,24.48,16.0,1.3,10.2
757,Powerica Ltd,POWERICA,Small Cap,Power Utilities & Cleantech,Renewable Energy & Power,525.05,23.64,6644.61,0.0,64.43,780.11,15.69,22.0,10.0,66.0
758,NDR INVIT Trust,NDRINVIT,Small Cap,Manufacturing & Services,Diversified,145.0,66.71,6641.57,1.82,36.0,124.02,5.08,18.0,1.3,10.2
759,Tour. Fin. Corp.,TFCILTD,Small Cap,Manufacturing & Services,Diversified,143.26,43.04,6632.61,0.42,61.21,81.02,11.13,19.0,1.3,10.2
760,Kovai Medical,KOVAI,Small Cap,Manufacturing & Services,Diversified,6062.5,25.88,6632.38,0.25,69.09,431.31,22.55,20.0,1.3,10.2
761,Leap India,LEAPIND,Small Cap,Manufacturing & Services,Diversified,150.26,113.52,6619.5,0.0,24.73,203.41,8.34,21.0,1.3,10.2
762,Senores Pharma.,SENORES,Small Cap,Pharmaceuticals & Healthcare,Pharma & Healthcare,1428.4,52.06,6578.29,0.0,30.45,180.21,15.13,22.0,1.3,10.2
763,Suprajit Engg.,SUPRAJIT,Small Cap,Manufacturing & Services,Diversified,479.45,35.01,6577.06,0.73,52.23,1069.58,15.49,23.0,1.3,10.2
764,V-Mart Retail,VMART,Small Cap,Manufacturing & Services,Diversified,824.2,47.3,6558.6,0.12,47.21,1088.81,13.23,24.0,1.3,10.2
765,Dilip Buildcon,DBL,Small Cap,Manufacturing & Services,Diversified,401.0,11.66,6514.04,0.25,128.01,2377.78,13.09,25.0,1.3,10.2
766,Omnitech Engg.,OMNI,Small Cap,IT & Software Services,IT & Software,526.0,62.57,6504.83,0.0,29.73,166.66,17.56,51.0,3.3,27.4
767,G S F C,GSFC,Small Cap,Manufacturing & Services,Diversified,162.88,9.37,6490.4,3.07,158.54,3583.15,7.16,27.0,1.3,10.2
768,SPARC,SPARC,Small Cap,Manufacturing & Services,Diversified,199.47,4.06,6473.23,0.0,-20.98,39.92,164.99,28.0,1.3,10.2
769,Aditya Bir. Fas.,ABFRL,Small Cap,Manufacturing & Services,Diversified,52.97,0.0,6465.04,0.0,-248.73,2025.56,-3.76,29.0,1.3,10.2
770,Shivalik Bimetal,SBCL,Small Cap,Metals & Mining,Metals & Mining,1121.1,60.59,6458.01,0.36,33.01,182.2,26.57,35.0,9.7,63.8
771,Dodla Dairy,DODLA,Small Cap,Manufacturing & Services,Diversified,1066.8,26.02,6435.77,0.47,40.64,1197.94,16.72,31.0,1.3,10.2
772,Jeena Sikho,JSLL,Small Cap,Manufacturing & Services,Diversified,516.3,27.13,6417.65,0.87,65.69,224.4,70.74,32.0,1.3,10.2
773,JK Lakshmi Cem.,JKLAKSHMI,Small Cap,Manufacturing & Services,Diversified,515.7,16.66,6402.13,1.26,108.07,1904.78,12.0,33.0,1.3,10.2
774,Jai Balaji Inds.,JAIBALAJI,Small Cap,Manufacturing & Services,Diversified,69.73,43.48,6361.4,0.0,85.23,1682.59,9.73,34.0,1.3,10.2
775,R C F,RCF,Small Cap,Manufacturing & Services,Diversified,114.92,15.24,6340.02,2.04,73.53,3585.71,10.23,10.0,1.3,10.2
776,Ganesh Housing,GANESHHOU,Small Cap,Manufacturing & Services,Diversified,758.95,23.87,6328.66,0.2,41.96,279.93,18.78,11.0,1.3,10.2
777,Morepen Labs.,MOREPENLAB,Small Cap,Pharmaceuticals & Healthcare,Pharma & Healthcare,113.74,53.08,6232.43,0.18,56.35,570.13,8.05,12.0,1.2,9.2
778,Archean Chemical,ACI,Small Cap,Chemicals & Petrochemicals,Chemicals,504.2,64.29,6224.77,0.5,30.36,327.2,7.41,13.0,1.2,9.2
779,Seshaasai Tech.,STYL,Small Cap,IT & Software Services,IT & Software,383.5,23.09,6205.25,0.65,61.75,376.22,27.98,64.0,3.1,26.3
780,Ceigall India,CEIGALL,Small Cap,Manufacturing & Services,Diversified,355.8,19.27,6198.21,0.14,63.75,969.64,17.26,15.0,1.2,9.2
781,Sunflag Iron,SUNFLAG,Small Cap,Metals & Mining,Metals & Mining,343.7,29.16,6194.14,0.29,66.05,1078.95,4.07,16.0,9.3,61.6
782,Smartworks Cowor,SMARTWORKS,Small Cap,Manufacturing & Services,Diversified,541.5,222.24,6193.74,0.0,13.15,546.25,8.3,17.0,1.2,9.2
783,Greenlam Industr,GREENLAM,Small Cap,Power Utilities & Cleantech,Renewable Energy & Power,242.62,67.13,6190.39,0.16,21.24,796.7,8.12,18.0,9.3,61.6
784,Praj Industries,PRAJIND,Small Cap,Manufacturing & Services,Diversified,335.55,122.08,6167.85,1.07,11.61,715.82,6.12,19.0,1.2,9.2
785,Lohia Corp,LCL,Small Cap,Manufacturing & Services,Diversified,581.5,24.76,6143.55,0.0,66.26,503.02,43.77,20.0,1.2,9.2
786,Shrem InvIT,SHREMINVIT,Small Cap,Manufacturing & Services,Diversified,100.5,7.92,6138.98,2.99,153.95,507.14,9.54,21.0,1.2,9.2
787,Vikram Solar,VIKRAMSOLR,Small Cap,Power Utilities & Cleantech,Renewable Energy & Power,168.45,16.92,6103.86,0.0,19.78,1563.09,30.56,22.0,9.2,60.7
788,SIS,SIS,Small Cap,Manufacturing & Services,Diversified,430.95,15.16,6090.66,1.62,101.66,4603.58,13.68,23.0,1.2,9.2
789,Triven.Engg.Ind.,TRIVENI,Small Cap,Manufacturing & Services,Diversified,275.65,23.2,6074.31,1.0,3.65,1580.52,9.02,24.0,1.2,9.2
790,Piccadily Agro,PICCADIL,Small Cap,Manufacturing & Services,Diversified,615.75,43.19,6069.58,0.16,21.44,251.18,18.01,25.0,1.2,9.2
791,KPI Green Energy,KPIGREEN,Small Cap,Power Utilities & Cleantech,Renewable Energy & Power,307.0,13.31,6068.53,0.21,94.63,693.84,13.85,26.0,9.1,59.8
792,Fedbank Financi.,FEDFINA,Small Cap,Banking & Financial Services,BFSI,161.56,15.82,6060.11,0.0,114.38,669.93,9.06,27.0,1.2,9.2
793,Marine Electric.,MARINE,Small Cap,Manufacturing & Services,Diversified,432.15,93.02,6047.7,0.07,17.51,259.16,18.22,28.0,1.2,9.2
794,Hind.Construct.,HCC,Small Cap,Manufacturing & Services,Diversified,22.98,44.46,6019.54,0.0,51.08,993.42,24.85,29.0,1.2,9.2
795,ION Exchange,IONEXCHANG,Small Cap,Manufacturing & Services,Diversified,409.2,54.53,6001.6,0.31,3.06,700.46,14.17,30.0,1.2,9.2
796,Fineotex Chem,FCL,Small Cap,Chemicals & Petrochemicals,Chemicals,51.51,49.03,5998.34,0.25,48.21,376.63,18.3,31.0,1.2,9.2
797,Kusumgar,KUSUMGAR,Small Cap,Manufacturing & Services,Diversified,571.2,47.67,5997.11,0.0,41.86,241.91,18.84,32.0,1.2,9.2
798,Indiabulls,IBULLSLTD,Small Cap,Manufacturing & Services,Diversified,25.67,12.37,5986.77,0.0,141.02,359.45,16.17,33.0,1.2,9.2
799,Arvind Fashions.,ARVINDFASN,Small Cap,Textiles & Apparel,Textiles,446.5,45.54,5968.46,0.36,27.61,1278.5,19.55,74.0,4.8,34.9
800,Man Industries,MANINDS,Small Cap,Manufacturing & Services,Diversified,788.55,28.95,5914.88,0.0,61.43,1053.13,16.21,10.0,1.2,9.2
801,Just Dial,JUSTDIAL,Small Cap,Manufacturing & Services,Diversified,692.85,11.32,5892.62,0.0,166.22,327.47,7.01,11.0,1.2,9.2
802,Senco Gold,SENCO,Small Cap,Manufacturing & Services,Diversified,358.65,10.3,5878.31,0.49,101.14,3056.03,21.24,12.0,1.2,9.2
803,IOL Chemicals,IOLCP,Small Cap,Chemicals & Petrochemicals,Chemicals,199.95,33.23,5869.08,0.5,64.48,756.26,11.29,13.0,1.2,9.2
804,Neogen Chemicals,NEOGEN,Small Cap,Chemicals & Petrochemicals,Chemicals,2137.9,164.62,5853.93,0.05,17.11,250.29,6.46,14.0,1.2,9.2
805,Shakti Pumps,SHAKTIPUMP,Small Cap,Manufacturing & Services,Diversified,473.0,27.49,5836.72,0.21,51.59,858.67,23.64,15.0,1.2,9.2
806,ISGEC Heavy,ISGEC,Small Cap,Manufacturing & Services,Diversified,787.35,22.14,5789.35,0.76,17.5,1980.0,10.85,16.0,1.2,9.2
807,Gokaldas Exports,GOKEX,Small Cap,Manufacturing & Services,Diversified,789.2,56.17,5783.07,0.0,44.3,1153.51,8.39,17.0,1.2,9.2
808,Lumax Industries,LUMAXIND,Small Cap,Automotive & 2W/3W,Auto Ancillary & Components,6181.5,28.75,5779.7,0.89,51.08,1223.23,17.71,33.0,4.6,33.5
809,Jindal Worldwide,JINDWORLD,Small Cap,Metals & Mining,Metals & Mining,57.51,68.02,5765.96,0.0,32.41,554.72,8.63,44.0,8.6,56.8
810,Transrail Light,TRANSRAILL,Small Cap,Manufacturing & Services,Diversified,429.3,13.8,5763.61,0.7,107.88,1736.03,29.18,20.0,1.2,9.2
811,TVS Supply,TVSSCS,Small Cap,Manufacturing & Services,Diversified,130.41,81.19,5754.0,0.0,22.48,3335.22,10.06,21.0,1.2,9.2
812,Stylam Industrie,STYLAMIND,Small Cap,Manufacturing & Services,Diversified,3387.4,33.9,5740.99,0.0,48.15,326.47,26.58,22.0,1.1,8.7
813,Kalpat.,KALPATARU,Small Cap,Manufacturing & Services,Diversified,277.65,46.54,5717.43,0.0,-29.04,472.2,1.27,23.0,1.1,8.7
814,Orchid Pharma,ORCHPHARMA,Small Cap,Pharmaceuticals & Healthcare,Pharma & Healthcare,954.65,316.55,5716.94,0.0,3.22,304.17,1.73,24.0,1.1,8.7
815,CSB Bank,CSBBANK,Small Cap,Banking & Financial Services,BFSI,328.55,8.58,5699.88,0.0,150.04,1287.32,7.05,25.0,1.1,8.7
816,Krishana Phosch.,KRISHANA,Small Cap,Manufacturing & Services,Diversified,184.13,28.94,5692.16,0.05,47.09,532.31,27.24,26.0,1.1,8.7
817,Steel Str. Wheel,SSWL,Small Cap,Metals & Mining,Metals & Mining,361.85,25.44,5690.64,0.41,71.51,1509.82,15.98,22.0,8.5,56.3
818,Indigo Paints,INDIGOPNTS,Small Cap,Manufacturing & Services,Diversified,1185.8,34.19,5660.14,0.42,42.37,350.05,17.94,28.0,1.1,8.7
819,Jana Small Finan,JSFB,Small Cap,Manufacturing & Services,Diversified,535.1,14.9,5658.82,0.0,155.23,1514.53,7.45,29.0,1.1,8.7
820,Prism Johnson,PRSMJOHNSN,Small Cap,Manufacturing & Services,Diversified,111.12,47.67,5593.34,0.0,112.7,1835.23,5.92,30.0,1.1,8.7
821,Nirlon,NIRLON,Small Cap,Manufacturing & Services,Diversified,620.0,15.65,5587.44,4.84,69.38,168.31,30.77,31.0,1.1,8.7
822,FDC,FDC,Small Cap,Manufacturing & Services,Diversified,342.8,18.12,5581.13,1.46,132.49,667.69,15.35,32.0,1.1,8.7
823,Valor Estate,DBREALTY,Small Cap,Manufacturing & Services,Diversified,102.57,0.0,5563.47,0.0,-1.33,110.79,1.55,33.0,1.1,8.7
824,Centum Electron,CENTUM,Small Cap,Manufacturing & Services,Diversified,3767.3,63.62,5561.29,0.13,105.5,204.15,25.53,34.0,1.1,8.7
825,Latent View,LATENTVIEW,Small Cap,Manufacturing & Services,Diversified,267.25,28.3,5530.07,0.0,47.11,286.88,15.85,10.0,1.1,8.7
826,I T D C,ITDC,Small Cap,Manufacturing & Services,Diversified,644.35,66.76,5526.55,0.46,9.39,90.1,29.92,11.0,1.1,8.7
827,Vadilal Inds.,VADILALIND,Small Cap,Manufacturing & Services,Diversified,7655.0,25.13,5503.95,0.56,130.91,680.06,21.96,12.0,1.1,8.7
828,Mastek,MASTEK,Small Cap,Manufacturing & Services,Diversified,1772.9,12.53,5497.12,1.35,105.88,985.25,17.67,13.0,1.1,8.7
829,Fiem Industries,FIEMIND,Small Cap,Manufacturing & Services,Diversified,2085.8,20.88,5489.75,1.92,64.88,775.39,29.34,14.0,1.1,8.7
830,Onemi Technology,KISSHT,Small Cap,IT & Software Services,IT & Software,309.3,17.31,5482.94,0.0,95.08,669.5,22.66,75.0,2.7,23.0
831,AvenuesAI,CCAVENUE,Small Cap,Manufacturing & Services,Diversified,15.7,18.46,5476.79,0.0,84.77,2680.4,7.71,16.0,1.1,8.7
832,Puravankara,PURVA,Small Cap,Manufacturing & Services,Diversified,230.72,34.13,5471.52,0.0,25.23,848.72,11.24,17.0,1.1,8.7
833,Rashi Peripheral,RPTECH,Small Cap,IT & Software Services,IT & Software,823.65,17.14,5469.51,0.24,104.57,5101.85,17.0,78.0,2.7,23.0
834,Universal Cables,UNIVCABLES,Small Cap,Manufacturing & Services,Diversified,1576.3,27.34,5469.03,0.29,70.14,945.06,11.68,19.0,1.1,8.7
835,L G Balakrishnan,LGBBROSLTD,Small Cap,Manufacturing & Services,Diversified,1702.8,16.98,5430.64,1.29,67.02,798.76,19.63,20.0,1.1,8.7
836,Saatvik Green,SAATVIKGL,Small Cap,Power Utilities & Cleantech,Renewable Energy & Power,424.4,21.7,5394.34,0.0,5.36,511.01,32.92,41.0,8.1,53.2
837,Happiest Minds,HAPPSTMNDS,Small Cap,Manufacturing & Services,Diversified,354.0,22.97,5390.53,1.81,67.6,628.51,13.32,22.0,1.1,8.7
838,Guj. Themis Bio.,GUJTHEM,Small Cap,Manufacturing & Services,Diversified,411.35,109.98,5353.79,0.16,11.07,43.79,17.86,23.0,1.1,8.7
839,MAS FINANC SER,MASFIN,Small Cap,Manufacturing & Services,Diversified,295.0,13.47,5352.87,0.68,110.15,562.46,11.3,24.0,1.1,8.7
840,C.E. Info System,MAPMYINDIA,Small Cap,Manufacturing & Services,Diversified,972.2,38.63,5323.87,0.36,49.74,139.72,19.13,25.0,1.1,8.7
841,Quess Corp,QUESS,Small Cap,Manufacturing & Services,Diversified,354.75,20.5,5299.47,2.26,82.13,4181.69,24.0,26.0,1.1,8.7
842,Gujarat Alkalies,GUJALKALI,Small Cap,Manufacturing & Services,Diversified,721.6,79.87,5299.43,2.45,54.98,1244.91,1.42,27.0,1.1,8.7
843,Gulf Oil Lubric.,GULFOILLUB,Small Cap,Manufacturing & Services,Diversified,1067.8,13.32,5291.54,4.78,127.52,1320.36,27.23,28.0,1.1,8.7
844,IFB Industries,IFBIND,Small Cap,Manufacturing & Services,Diversified,1305.7,33.85,5290.7,0.0,38.06,1523.52,18.22,29.0,1.1,8.7
845,Artemis Medicare,ARTEMISMED,Small Cap,Manufacturing & Services,Diversified,332.8,45.65,5268.43,0.14,31.05,282.01,14.53,30.0,1.1,8.7
846,Ashapura Minech.,ASHAPURMIN,Small Cap,Manufacturing & Services,Diversified,551.0,12.81,5263.49,0.36,108.31,1616.12,20.72,31.0,1.1,8.7
847,Epigral,EPIGRAL,Small Cap,Manufacturing & Services,Diversified,1219.7,19.36,5261.95,0.41,99.18,705.36,15.3,32.0,1.1,8.7
848,Thomas Cook (I),THOMASCOOK,Small Cap,Manufacturing & Services,Diversified,111.65,23.34,5251.8,0.45,63.71,2091.89,14.87,33.0,1.1,8.7
849,Nxt-Infra Trust,NXT-INFRA,Small Cap,Manufacturing & Services,Diversified,97.0,39.74,5245.28,1.19,74.47,87.23,6.35,34.0,1.0,7.7
850,CARE Ratings,CARERATING,Small Cap,Manufacturing & Services,Diversified,1738.2,29.47,5235.18,1.27,32.99,111.68,26.3,10.0,1.0,7.7
851,Ram Ratna Wires,RAMRAT,Small Cap,Manufacturing & Services,Diversified,560.65,40.43,5233.62,0.45,35.16,1853.28,23.58,11.0,1.0,7.7
852,Bajaj Hindusthan,BAJAJHIND,Small Cap,Manufacturing & Services,Diversified,21.86,40.34,5226.0,0.0,-184.76,1125.97,3.11,12.0,1.0,7.7
853,VRL Logistics,VRLLOG,Small Cap,Manufacturing & Services,Diversified,297.7,19.48,5207.87,1.68,80.53,878.84,18.27,13.0,1.0,7.7
854,Goldiam Intl.,GOLDIAM,Small Cap,Manufacturing & Services,Diversified,345.3,24.63,5198.74,0.6,73.98,326.03,23.89,14.0,1.0,7.7
855,Electrost.Cast.,ELECTCAST,Small Cap,Manufacturing & Services,Diversified,83.71,32.53,5174.82,1.08,48.37,1425.57,5.0,15.0,1.0,7.7
856,MSTC,MSTCLTD,Small Cap,Manufacturing & Services,Diversified,734.2,22.06,5168.77,2.14,58.22,94.24,30.27,16.0,1.0,7.7
857,GMM Pfaudler,GMMPFAUDLR,Small Cap,Manufacturing & Services,Diversified,1147.9,40.97,5160.64,0.17,22.1,924.76,13.64,17.0,1.0,7.7
858,MOIL,MOIL,Small Cap,Manufacturing & Services,Diversified,252.3,16.91,5133.93,2.11,87.62,370.88,12.44,18.0,1.0,7.7
859,Optiemus Infra.,OPTIEMUS,Small Cap,Manufacturing & Services,Diversified,569.3,70.65,5133.18,0.0,21.18,882.99,10.91,19.0,1.0,7.7
860,Sh.Renuka Sugar,RENUKA,Small Cap,Manufacturing & Services,Diversified,24.04,0.0,5116.89,0.0,-251.5,2120.2,-3.06,20.0,1.0,7.7
861,IRB InvIT Fund,IRBINVIT,Small Cap,Manufacturing & Services,Diversified,64.54,16.0,5104.78,10.23,79.44,492.16,6.96,21.0,1.0,7.7
862,Savita Oil Tech,SOTL,Small Cap,IT & Software Services,IT & Software,740.75,11.89,5078.61,0.67,292.25,1479.77,13.96,67.0,2.5,21.3
863,PDS,PDSL,Small Cap,Manufacturing & Services,Diversified,358.5,43.15,5071.36,0.92,28.58,3443.72,12.5,23.0,1.0,7.7
864,Sharda Motor,SHARDAMOTR,Small Cap,Automotive & 2W/3W,Auto Ancillary & Components,881.95,15.1,5063.07,2.27,86.53,1011.07,34.47,39.0,4.1,29.6
865,Man Infra,MANINFRA,Small Cap,Manufacturing & Services,Diversified,124.8,23.25,5037.76,0.72,62.74,218.31,13.24,25.0,1.0,7.7
866,Deep Industries,DEEPINDS,Small Cap,Manufacturing & Services,Diversified,786.45,12.14,5033.28,0.32,89.14,278.92,16.47,26.0,1.0,7.7
867,Wakefit Innovati,WAKEFIT,Small Cap,Manufacturing & Services,Diversified,151.55,25.55,5026.08,0.0,23.38,404.91,10.9,27.0,1.0,7.7
868,Canara Robeco,CRAMC,Small Cap,Manufacturing & Services,Diversified,251.5,22.96,5015.35,1.59,75.6,145.37,40.11,28.0,1.0,7.7
869,Kanohar Elect.,531214,Small Cap,Manufacturing & Services,Diversified,0.0,38.58,5004.61,0.0,30.67,165.58,67.62,29.0,1.0,7.7
870,CMR Green Tech.,CMRGREEN,Small Cap,Power Utilities & Cleantech,Renewable Energy & Power,228.34,22.63,5001.91,0.0,68.18,3122.73,13.98,15.0,7.5,49.3
871,Yasho Industries,YASHO,Small Cap,Manufacturing & Services,Diversified,4134.1,95.31,4984.52,0.01,36.44,314.09,8.44,31.0,1.0,7.7
872,DEE Development,DEEDEV,Small Cap,Manufacturing & Services,Diversified,658.25,60.41,4952.64,0.15,16.08,294.46,10.69,32.0,1.0,7.7
873,Bosch Home Comfort,BOSCH-HCIL,Small Cap,Automotive & 2W/3W,Auto Ancillary & Components,1818.8,244.94,4945.32,1.98,22.79,1095.52,4.78,48.0,4.0,29.1
874,Raymond,RAYMOND,Small Cap,Textiles & Apparel,Textiles,740.85,29.33,4932.11,0.0,30.85,605.61,3.14,49.0,3.9,28.1
875,Bansal Wire Inds,BANSALWIRE,Small Cap,Manufacturing & Services,Diversified,315.0,34.14,4931.51,0.0,20.46,1167.89,13.79,10.0,1.0,7.7
876,Midwest Energy,526570,Small Cap,Power Utilities & Cleantech,Renewable Energy & Power,3793.2,0.0,4920.61,0.0,-1.02,6.24,-2.55,21.0,7.4,48.8
877,Northern Arc,NORTHARC,Small Cap,Manufacturing & Services,Diversified,302.15,11.12,4884.67,0.0,114.11,779.77,9.74,12.0,1.0,7.7
878,Energy InfrTrust,542543,Small Cap,Power Utilities & Cleantech,Renewable Energy & Power,73.56,61.28,4884.38,31.29,-6.55,1095.12,5.39,23.0,7.3,48.0
879,Uflex,UFLEX,Small Cap,Manufacturing & Services,Diversified,675.6,7.05,4878.61,0.44,423.08,5366.03,7.03,14.0,1.0,7.7
880,Jamna Auto Inds.,JAMNAAUTO,Small Cap,Automotive & 2W/3W,Auto Ancillary & Components,120.69,19.97,4827.42,0.83,48.52,611.46,27.47,55.0,3.9,28.1
881,Juniper Hotels,JUNIPER,Small Cap,Manufacturing & Services,Diversified,216.82,26.02,4824.3,0.0,33.26,249.53,8.04,16.0,1.0,7.7
882,KDDL Ltd,KDDL,Small Cap,Manufacturing & Services,Diversified,3911.0,49.05,4810.25,0.59,44.75,633.8,11.71,17.0,1.0,7.7
883,Pilani Invest.,PILANIINVS,Small Cap,Manufacturing & Services,Diversified,4323.8,0.0,4787.42,0.21,-47.25,14.44,1.41,18.0,1.0,7.7
884,Laxmi Organic,LXCHEM,Small Cap,Chemicals & Petrochemicals,Chemicals,172.04,38.04,4781.24,0.17,67.72,968.34,4.72,19.0,1.0,7.7
885,Shanthi Gears,SHANTIGEAR,Small Cap,Manufacturing & Services,Diversified,621.75,70.85,4769.81,0.8,9.85,115.49,25.55,20.0,1.0,7.7
886,Bannari Amm.Sug.,BANARISUG,Small Cap,Manufacturing & Services,Diversified,3803.3,39.17,4769.22,0.33,-10.92,172.45,8.75,21.0,1.0,7.7
887,AGI Greenpac,AGI,Small Cap,Power Utilities & Cleantech,Renewable Energy & Power,735.25,12.93,4756.87,0.95,99.58,785.27,19.6,32.0,7.1,46.6
888,Vishnu Chemicals,VISHNU,Small Cap,Chemicals & Petrochemicals,Chemicals,702.0,31.57,4725.53,0.04,39.64,433.41,16.35,23.0,0.9,7.1
889,Keystone Realtor,RUSTOMJEE,Small Cap,Manufacturing & Services,Diversified,373.95,40.18,4721.15,0.4,52.37,470.29,4.68,24.0,0.9,7.1
890,Foseco India,FOSECOIND,Small Cap,Manufacturing & Services,Diversified,6263.0,45.28,4720.59,0.4,36.4,231.41,17.45,25.0,0.9,7.1
891,Texmaco Rail,TEXRAIL,Small Cap,Manufacturing & Services,Diversified,115.99,21.73,4719.22,0.65,50.08,756.68,11.15,26.0,0.9,7.1
892,Goodluck India,GOODLUCK,Small Cap,Manufacturing & Services,Diversified,472.9,23.1,4715.55,0.21,67.22,1287.43,14.42,27.0,0.9,7.1
893,Afcom Holdings,544224,Small Cap,Manufacturing & Services,Diversified,1630.65,32.13,4714.8,0.0,39.24,176.1,33.49,28.0,0.9,7.1
894,ICRA,ICRA,Small Cap,Manufacturing & Services,Diversified,4884.5,24.01,4714.14,1.43,56.46,163.37,23.04,29.0,0.9,7.1
895,Surya Roshni,SURYAROSNI,Small Cap,Manufacturing & Services,Diversified,216.49,15.11,4711.6,2.31,59.6,2046.48,15.6,30.0,0.9,7.1
896,PNC Infratech,PNCINFRA,Small Cap,IT & Software Services,IT & Software,183.11,7.74,4697.49,0.33,331.93,1688.46,8.46,61.0,2.3,19.0
897,V-Marc India,VMARCIND,Small Cap,Manufacturing & Services,Diversified,320.1,40.25,4690.24,0.0,28.55,555.51,41.32,32.0,0.9,7.1
898,Ellen.Indl.Gas,ELLEN,Small Cap,Manufacturing & Services,Diversified,331.85,38.76,4676.95,0.0,34.96,98.72,15.23,33.0,0.9,7.1
899,Tempsens Instruments,TEMPSENS,Small Cap,Manufacturing & Services,Diversified,554.8,69.68,4651.04,0.0,0.0,0.0,17.84,34.0,0.9,7.1
900,Shilchar Tech.,SHILCTECH,Small Cap,IT & Software Services,IT & Software,4065.3,33.82,4650.78,0.31,20.86,134.61,50.74,65.0,2.3,19.0
901,Subros,SUBROS,Small Cap,Automotive & 2W/3W,Auto Ancillary & Components,709.6,26.93,4629.13,0.42,41.52,1032.11,19.16,26.0,3.7,27.2
902,PTC India,PTC,Small Cap,Manufacturing & Services,Diversified,156.29,9.05,4626.31,14.72,112.08,4773.8,13.4,12.0,0.9,7.1
903,Purple Style,PERNIASPOP,Small Cap,Manufacturing & Services,Diversified,0.0,0.0,4603.51,0.0,0.0,0.0,-12.38,13.0,0.9,7.1
904,Aye Finance,AYE,Small Cap,Banking & Financial Services,BFSI,184.81,19.2,4560.85,0.0,74.5,477.37,11.38,14.0,0.9,7.1
905,SEAMEC Ltd,SEAMECLTD,Small Cap,Manufacturing & Services,Diversified,1793.6,17.76,4560.23,0.11,81.34,296.92,20.04,15.0,0.9,7.1
906,Greaves Cotton,GREAVESCOT,Small Cap,Manufacturing & Services,Diversified,195.56,45.73,4555.6,1.02,6.16,974.12,10.11,16.0,0.9,7.1
907,MPS,MPSLTD,Small Cap,Manufacturing & Services,Diversified,2658.9,24.83,4548.27,3.12,50.39,224.24,38.72,17.0,0.9,7.1
908,Datamatics Glob.,DATAMATICS,Small Cap,Manufacturing & Services,Diversified,764.9,17.81,4521.05,0.65,72.36,513.91,20.36,18.0,0.9,7.1
909,A R C I,id,Small Cap,Manufacturing & Services,Diversified,0.0,11.07,4516.07,0.0,0.0,0.0,19.06,19.0,0.9,7.1
910,Dhanuka Agritech,DHANUKA,Small Cap,IT & Software Services,IT & Software,1010.65,16.81,4505.31,0.2,36.3,461.93,23.76,75.0,2.3,19.0
911,Rolex Rings,ROLEXRINGS,Small Cap,Manufacturing & Services,Diversified,171.72,23.27,4504.78,0.0,60.14,304.34,21.16,21.0,0.9,7.1
912,RPG LifeScience.,RPGLIFE,Small Cap,Manufacturing & Services,Diversified,2721.6,38.58,4501.26,0.88,30.57,195.69,25.71,22.0,0.9,7.1
913,Gufic BioScience,GUFICBIO,Small Cap,Manufacturing & Services,Diversified,444.9,60.68,4461.57,0.02,22.46,260.82,12.17,23.0,0.9,7.1
914,V I P Inds.,VIPIND,Small Cap,Manufacturing & Services,Diversified,314.05,0.0,4461.2,0.0,-53.56,578.36,-28.89,24.0,0.9,7.1
915,SG Finserve,SGFIN,Small Cap,Manufacturing & Services,Diversified,675.7,28.39,4452.53,0.0,53.68,136.11,9.32,25.0,0.9,7.1
916,Hawkins Cookers,HAWKINCOOK,Small Cap,Manufacturing & Services,Diversified,8406.5,32.79,4447.04,1.67,30.38,318.13,40.89,26.0,0.9,7.1
917,Sunteck Realty,SUNTECK,Small Cap,Manufacturing & Services,Diversified,299.5,20.63,4397.92,0.5,41.96,191.56,7.48,27.0,0.9,7.1
918,Netwrk.18 Media,NETWORK18,Small Cap,Manufacturing & Services,Diversified,28.38,0.0,4376.2,0.0,-38.36,516.26,3.01,28.0,0.9,7.1
919,GE Power,GVPIL,Small Cap,Power Utilities & Cleantech,Renewable Energy & Power,649.6,11.81,4367.1,1.08,53.73,308.69,81.99,34.0,6.6,43.6
920,Sterling & Wils.,SWSOLAR,Small Cap,Power Utilities & Cleantech,Renewable Energy & Power,186.23,13.93,4349.24,0.0,53.27,1590.13,26.78,35.0,6.5,43.1
921,eMudhra,EMUDHRA,Small Cap,Manufacturing & Services,Diversified,524.8,37.77,4345.96,0.24,32.0,190.72,15.69,31.0,0.9,7.1
922,Rossell Techsys,ROSSTECH,Small Cap,IT & Software Services,IT & Software,1150.5,163.78,4336.98,0.03,7.14,154.46,11.5,47.0,2.2,18.5
923,WPIL,WPIL,Small Cap,Manufacturing & Services,Diversified,443.9,25.55,4335.61,0.45,59.01,500.54,14.58,33.0,0.9,7.1
924,Hirect,HIRECT,Small Cap,Manufacturing & Services,Diversified,1222.4,110.6,4334.46,0.11,6.5,258.45,18.81,34.0,0.9,7.1
925,NRB Bearings,NRBBEARING,Small Cap,Manufacturing & Services,Diversified,447.0,28.99,4332.44,1.78,37.76,369.53,18.41,10.0,0.9,7.1
926,Swaraj Engines,SWARAJENG,Small Cap,Manufacturing & Services,Diversified,3557.8,21.15,4322.68,3.09,55.53,588.39,58.38,11.0,0.9,7.1
927,West Coast Paper,WSTCSTPAPR,Small Cap,IT & Software Services,IT & Software,650.25,18.7,4294.9,0.46,141.84,1051.26,6.17,52.0,2.1,17.9
928,Dec.Gold Mines,DECNGOLD,Small Cap,Manufacturing & Services,Diversified,213.87,0.0,4249.63,0.0,-8.73,0.6,-13.09,13.0,0.8,6.1
929,Turtlemint Fintech,TURTLEMINT,Small Cap,IT & Software Services,IT & Software,144.08,0.0,4242.85,0.0,-37.78,294.08,-35.65,54.0,2.1,17.9
930,LCC Projects,id,Small Cap,Manufacturing & Services,Diversified,0.0,14.89,4229.2,0.0,0.0,0.0,35.12,15.0,0.8,6.1
931,Wheels India,WHEELS,Small Cap,Manufacturing & Services,Diversified,1724.9,25.78,4214.45,0.84,38.94,1491.0,18.83,16.0,0.8,6.1
932,Shoppers Stop,SHOPERSTOP,Small Cap,Manufacturing & Services,Diversified,381.75,0.0,4207.1,0.0,-14.25,1291.41,7.03,17.0,0.8,6.1
933,Rentomojo,id,Small Cap,Manufacturing & Services,Diversified,0.0,39.35,4206.17,0.0,0.0,0.0,0.0,18.0,0.8,6.1
934,Mahindra Holiday,MHRIL,Small Cap,Manufacturing & Services,Diversified,207.4,89.57,4190.9,0.0,-8.55,732.81,8.12,19.0,0.8,6.1
935,Indostar Capital,INDOSTAR,Small Cap,Manufacturing & Services,Diversified,258.66,0.0,4181.38,0.0,11.47,363.87,-2.58,20.0,0.8,6.1
936,Laser Power,LASERPOWER,Small Cap,Power Utilities & Cleantech,Renewable Energy & Power,295.65,37.78,4149.99,0.0,20.73,521.55,20.51,21.0,6.2,40.9
937,Moschip Tech.,MOSCHIP,Small Cap,IT & Software Services,IT & Software,212.22,129.88,4139.31,0.0,2.45,116.21,10.97,62.0,2.1,17.9
938,Harsha Engg Intl,HARSHA,Small Cap,Manufacturing & Services,Diversified,454.35,26.75,4136.59,0.33,37.38,457.43,13.0,23.0,0.8,6.1
939,Responsive Ind,RESPONIND,Small Cap,Manufacturing & Services,Diversified,154.9,40.57,4129.77,0.06,2.74,192.87,10.77,24.0,0.8,6.1
940,Indiqube Spaces,INDIQUBE,Small Cap,Manufacturing & Services,Diversified,194.54,0.0,4124.2,0.0,-23.88,422.69,6.38,25.0,0.8,6.1
941,Avantel,AVANTEL,Small Cap,Manufacturing & Services,Diversified,154.96,239.81,4117.46,0.13,5.39,70.42,9.63,26.0,0.8,6.1
942,Kalyani Steels,KSL,Small Cap,Metals & Mining,Metals & Mining,940.5,15.34,4105.57,1.06,67.61,464.58,14.66,27.0,6.2,40.9
943,Pitti Engg.,PITTIENG,Small Cap,Manufacturing & Services,Diversified,1084.9,32.83,4085.04,0.23,29.5,529.09,14.84,28.0,0.8,6.1
944,Novartis India,NOVARTIND,Small Cap,Manufacturing & Services,Diversified,1646.7,41.59,4065.83,1.52,32.21,103.81,16.26,29.0,0.8,6.1
945,Rallis India,RALLIS,Small Cap,Manufacturing & Services,Diversified,208.82,17.78,4060.9,1.44,125.0,1022.0,14.14,30.0,0.8,6.1
946,John Cockerill,COCKERILL,Small Cap,Manufacturing & Services,Diversified,8193.5,0.0,4045.8,0.09,-31.37,298.56,0.0,31.0,0.8,6.1
947,Raymond Lifestyl,RAYMONDLSL,Small Cap,Textiles & Apparel,Textiles,663.65,27.1,4043.2,0.15,-22.59,1515.51,3.52,72.0,3.2,23.3
948,63 Moons Tech.,63MOONS,Small Cap,IT & Software Services,IT & Software,876.5,0.0,4038.78,0.23,-47.56,137.16,-3.7,73.0,2.0,16.8
949,Mahindra Logis.,MAHLOG,Small Cap,Manufacturing & Services,Diversified,405.35,102.13,4024.21,0.62,27.83,2002.88,7.36,34.0,0.8,6.1
950,GHCL,GHCL,Small Cap,IT & Software Services,IT & Software,436.6,8.81,4022.42,2.75,115.64,790.51,17.41,75.0,2.0,16.8
951,Ahluwalia Contr.,AHLUCONT,Small Cap,Manufacturing & Services,Diversified,599.05,17.83,4012.89,0.12,10.39,1125.81,20.43,11.0,0.8,6.1
952,TVS Srichakra,TVSSRICHAK,Small Cap,Manufacturing & Services,Diversified,5237.5,39.16,4011.93,0.72,34.02,1067.61,7.85,12.0,0.8,6.1
953,Prasol Chemicals,id,Small Cap,Chemicals & Petrochemicals,Chemicals,0.0,48.13,4000.8,0.0,0.0,0.0,25.56,13.0,0.8,6.1
954,Symphony,SYMPHONY,Small Cap,Manufacturing & Services,Diversified,580.35,1024.51,3985.34,1.55,40.0,378.0,20.58,14.0,0.8,6.1
955,Sustainable Ener,SEITINVIT,Small Cap,Manufacturing & Services,Diversified,122.0,26.78,3952.8,2.63,64.35,206.9,5.6,15.0,0.8,6.1
956,RattanIndia Pow.,RTNPOWER,Small Cap,Power Utilities & Cleantech,Renewable Energy & Power,7.36,35.48,3952.4,0.0,45.85,798.55,6.21,41.0,5.9,39.2
957,Uniparts India,UNIPARTS,Small Cap,Manufacturing & Services,Diversified,874.05,21.57,3947.3,1.74,56.61,347.38,21.6,17.0,0.8,6.1
958,Welspun Special.,WELSPLSOL,Small Cap,Textiles & Apparel,Textiles,59.55,138.06,3945.85,0.0,5.16,193.67,9.9,33.0,3.2,23.3
959,Aarti Drugs,AARTIDRUGS,Small Cap,Chemicals & Petrochemicals,Chemicals,431.65,20.45,3939.67,0.46,50.13,702.78,12.03,19.0,0.8,6.1
960,Tatva Chintan,TATVA,Small Cap,Manufacturing & Services,Diversified,1678.5,74.94,3926.36,0.12,15.98,167.06,7.18,20.0,0.8,6.1
961,Zota Health Care,ZOTA,Small Cap,Manufacturing & Services,Diversified,1132.4,0.0,3921.79,0.09,-43.95,173.6,-8.47,21.0,0.8,6.1
962,Kirloskar Indus.,KIRLOSIND,Small Cap,Manufacturing & Services,Diversified,3731.5,12.8,3921.65,0.35,82.34,1771.51,7.01,22.0,0.8,6.1
963,Kolte Patil Dev.,KOLTEPATIL,Small Cap,Manufacturing & Services,Diversified,441.85,31.51,3918.33,0.0,146.66,919.54,-0.32,23.0,0.8,6.1
964,NACL Industries,NACLIND,Small Cap,Manufacturing & Services,Diversified,166.84,150.78,3908.12,0.0,20.84,383.33,8.13,24.0,0.8,6.1
965,Intellig Sup Tru,544005,Small Cap,Manufacturing & Services,Diversified,128.0,0.0,3901.44,9.95,2.49,344.91,3.61,25.0,0.8,6.1
966,Capillary Tech.,CAPILLARY,Small Cap,IT & Software Services,IT & Software,490.05,76.13,3900.25,0.0,-9.55,256.64,3.42,51.0,2.0,16.8
967,Sindhu Trade,SINDHUTRAD,Small Cap,Manufacturing & Services,Diversified,25.28,50.37,3898.0,0.0,38.74,129.21,4.44,27.0,0.8,6.1
968,CMS Info Systems,CMSINFO,Small Cap,Manufacturing & Services,Diversified,243.46,12.99,3896.9,2.16,83.68,634.7,17.92,28.0,0.8,6.1
969,Indo Tech.Trans.,INDOTECH,Small Cap,IT & Software Services,IT & Software,3663.1,39.18,3890.21,0.27,25.7,227.89,40.35,54.0,1.9,15.7
970,Alok Industries,ALOKINDS,Small Cap,Manufacturing & Services,Diversified,7.83,0.0,3887.78,0.0,-138.25,993.11,-3.95,30.0,0.8,6.1
971,Refex Industries,REFEX,Small Cap,Manufacturing & Services,Diversified,282.55,13.59,3877.14,0.53,64.56,916.31,22.71,31.0,0.8,6.1
972,Unichem Labs.,UNICHEMLAB,Small Cap,Chemicals & Petrochemicals,Chemicals,550.2,31.69,3873.72,0.0,41.47,632.62,4.13,32.0,0.8,6.1
973,Ideaforge Tech,IDEAFORGE,Small Cap,Automotive & 2W/3W,Auto Ancillary & Components,777.05,982.85,3862.6,0.0,-2.59,68.59,-2.81,48.0,3.1,22.8
974,Dhenu Buildcon,501945,Small Cap,Manufacturing & Services,Diversified,6.5,0.0,3856.97,0.0,0.84,1.19,0.04,34.0,0.8,6.1
975,CIAN Agro,519477,Small Cap,Manufacturing & Services,Diversified,1375.95,11.95,3850.72,0.0,149.7,586.66,12.27,10.0,0.8,6.1
976,Sanathan Textile,SANATHAN,Small Cap,Textiles & Apparel,Textiles,456.2,63.39,3850.51,0.0,23.82,1334.74,6.89,51.0,3.1,22.8
977,RattanIndia Ent,RTNINDIA,Small Cap,Manufacturing & Services,Diversified,27.82,0.0,3845.47,0.0,14.73,1870.48,-4.76,12.0,0.8,6.1
978,Midwest,MIDWESTLTD,Small Cap,Manufacturing & Services,Diversified,1062.1,34.58,3840.64,0.0,31.04,191.84,15.4,13.0,0.8,6.1
979,Kaveri Seed Co.,KSCL,Small Cap,Manufacturing & Services,Diversified,744.1,15.33,3827.58,0.67,279.84,742.5,18.79,14.0,0.8,6.1
980,Orient Electric,ORIENTELEC,Small Cap,Manufacturing & Services,Diversified,179.19,32.06,3823.3,0.84,31.49,949.76,19.87,15.0,0.8,6.1
981,Bajaj Electrical,BAJAJELEC,Small Cap,Manufacturing & Services,Diversified,331.15,0.0,3821.23,0.91,48.38,1089.36,2.89,16.0,0.8,6.1
982,Aurionpro Sol.,AURIONPRO,Small Cap,Manufacturing & Services,Diversified,689.7,18.18,3811.4,0.29,45.03,358.07,16.29,17.0,0.8,6.1
983,Greenply Industr,GREENPLY,Small Cap,Power Utilities & Cleantech,Renewable Energy & Power,304.7,34.07,3805.77,0.16,37.61,724.89,14.33,38.0,5.7,37.8
984,Sanghvi Movers,SANGHVIMOV,Small Cap,Manufacturing & Services,Diversified,439.2,18.55,3802.42,0.46,65.25,379.67,15.63,19.0,0.8,6.1
985,Sambhv Steel,SAMBHV,Small Cap,Metals & Mining,Metals & Mining,128.69,22.78,3792.13,0.0,56.61,732.17,19.07,40.0,5.7,37.8
986,Divgi Torq,DIVGIITTS,Small Cap,Manufacturing & Services,Diversified,1235.8,59.76,3779.44,0.26,25.24,137.14,10.22,21.0,0.8,6.1
987,Sandhar Tech,SANDHAR,Small Cap,IT & Software Services,IT & Software,624.0,17.94,3755.9,0.64,37.28,1381.89,12.29,72.0,1.9,15.7
988,TARC Ltd,TARC,Small Cap,Manufacturing & Services,Diversified,126.99,0.0,3747.43,0.0,22.64,217.13,2.26,23.0,0.7,5.1
989,Kesar India,543542,Small Cap,Manufacturing & Services,Diversified,1150.0,79.98,3741.44,0.0,16.03,171.0,23.36,24.0,0.7,5.1
990,Polyplex Corpn,POLYPLEX,Small Cap,Manufacturing & Services,Diversified,1191.0,24.08,3738.84,0.25,171.07,2253.62,0.89,25.0,0.7,5.1
991,Share India Sec.,SHAREINDIA,Small Cap,Manufacturing & Services,Diversified,170.5,10.27,3730.98,0.94,124.41,448.09,18.41,26.0,0.7,5.1
992,TCPL Packaging,TCPLPACK,Small Cap,Manufacturing & Services,Diversified,4091.9,30.81,3723.63,0.61,37.63,473.97,17.88,27.0,0.7,5.1
993,Spectrum Electr.,SPECTRUM,Small Cap,Manufacturing & Services,Diversified,2368.4,74.43,3721.67,0.0,13.29,155.88,17.69,28.0,0.7,5.1
994,J Kumar Infra,JKIL,Small Cap,Manufacturing & Services,Diversified,487.35,9.51,3687.56,0.82,97.81,1507.42,18.34,29.0,0.7,5.1
995,Lords Mark Industries,501261,Small Cap,Manufacturing & Services,Diversified,86.39,43.41,3685.59,0.0,32.16,280.36,13.42,30.0,0.7,5.1
996,SMS Pharma.,SMSPHARMA,Small Cap,Pharmaceuticals & Healthcare,Pharma & Healthcare,392.5,35.9,3675.84,0.1,20.91,206.96,13.3,31.0,0.7,5.1
997,Vaibhav Global,VAIBHAVGBL,Small Cap,Manufacturing & Services,Diversified,218.74,12.88,3666.47,2.74,56.38,917.07,16.43,32.0,0.7,5.1
998,TruAlt Bioenergy,TRUALT,Small Cap,Power Utilities & Cleantech,Renewable Energy & Power,425.25,23.31,3646.63,0.0,59.27,626.88,10.44,23.0,5.5,36.1
999,Pondy Oxides,POCL,Small Cap,Manufacturing & Services,Diversified,477.8,24.63,3644.57,0.42,36.25,930.91,24.05,34.0,0.7,5.1
1000,Kiri Industries,KIRIINDUS,Small Cap,Manufacturing & Services,Diversified,559.1,4.53,3643.54,0.0,290.69,312.36,-1.69,10.0,0.7,5.1
1001,Heidelberg Cem.,HEIDELBERG,Small Cap,Cement & Building Materials,Cement & Materials,160.17,29.87,3629.66,4.37,30.55,628.11,14.66,26.0,5.4,35.6
1002,VST Till. Tract.,VSTTILLERS,Small Cap,Manufacturing & Services,Diversified,4187.6,32.89,3623.43,0.6,48.73,313.4,13.81,12.0,0.7,5.1
1003,Pace Digitek,PACEDIGITK,Small Cap,Manufacturing & Services,Diversified,167.59,12.04,3617.45,0.0,62.5,555.36,21.26,13.0,0.7,5.1
1004,Ashiana Housing,ASHIANA,Small Cap,Manufacturing & Services,Diversified,359.55,30.56,3614.37,0.28,13.11,107.44,14.45,14.0,0.7,5.1
1005,Hemisphere Prop,HEMIPROP,Small Cap,Manufacturing & Services,Diversified,126.55,0.0,3606.68,0.0,-3.2,0.15,-1.14,15.0,0.7,5.1
1006,Styrenix Perfor.,STYRENIX,Small Cap,Automotive & 2W/3W,Auto Ancillary & Components,2043.2,13.11,3593.99,2.64,138.3,1010.86,13.85,31.0,2.9,20.9
1007,Nitin Spinners,NITINSPIN,Small Cap,Manufacturing & Services,Diversified,639.05,16.96,3592.74,0.47,75.27,875.03,12.21,17.0,0.7,5.1
1008,Network People,NPST,Small Cap,Manufacturing & Services,Diversified,1718.8,80.3,3586.02,0.12,11.05,56.48,19.67,18.0,0.7,5.1
1009,Rane (Madras),RML,Small Cap,Manufacturing & Services,Diversified,1295.9,29.64,3581.5,1.23,30.1,1041.62,13.95,19.0,0.7,5.1
1010,The Anup Enginee,ANUP,Small Cap,Manufacturing & Services,Diversified,1785.8,41.67,3577.22,0.67,0.57,125.25,21.0,20.0,0.7,5.1
1011,Prem. Explosives,PREMEXPLN,Small Cap,Manufacturing & Services,Diversified,664.0,103.77,3569.74,0.08,3.08,102.56,22.63,21.0,0.7,5.1
1012,Dalmia Bharat,DALMIASUG,Small Cap,Cement & Building Materials,Cement & Materials,438.55,17.3,3549.59,1.37,6.91,848.19,8.18,37.0,5.3,34.8
1013,Heritage Foods,HERITGFOOD,Small Cap,Manufacturing & Services,Diversified,382.35,27.96,3548.06,0.65,24.97,1338.09,14.8,23.0,0.7,5.1
1014,AGI Infra,AGIIL,Small Cap,Manufacturing & Services,Diversified,283.7,34.64,3546.18,0.04,27.54,96.44,20.11,24.0,0.7,5.1
1015,VST Industries,VSTIND,Small Cap,Manufacturing & Services,Diversified,208.15,12.69,3535.66,5.77,42.42,256.46,28.13,25.0,0.7,5.1
1016,Lux Industries,LUXIND,Small Cap,Manufacturing & Services,Diversified,1175.1,34.11,3533.72,0.17,21.98,615.25,7.84,26.0,0.7,5.1
1017,Raymond Realty,RAYMONDREL,Small Cap,Textiles & Apparel,Textiles,529.15,11.68,3522.75,0.38,13.43,526.67,29.61,42.0,2.8,20.4
1018,Vardhman Special,VSSL,Small Cap,Textiles & Apparel,Textiles,364.15,24.57,3521.37,0.96,41.19,486.01,15.28,43.0,2.8,20.4
1019,KNR Construct.,KNRCON,Small Cap,Manufacturing & Services,Diversified,124.66,10.26,3505.87,0.2,80.73,587.94,10.39,29.0,0.7,5.1
1020,JTL Industries,JTLIND,Small Cap,Manufacturing & Services,Diversified,91.67,30.53,3502.18,0.14,35.36,721.61,9.57,30.0,0.7,5.1
1021,Muthoot Microfin,MUTHOOTMF,Small Cap,Manufacturing & Services,Diversified,205.29,14.26,3500.03,0.0,81.34,668.64,9.31,31.0,0.7,5.1
1022,Enviro Infra,EIEL,Small Cap,Manufacturing & Services,Diversified,199.17,19.03,3496.03,0.0,45.22,359.18,20.18,32.0,0.7,5.1
1023,D B Corp,DBCORP,Small Cap,Manufacturing & Services,Diversified,195.65,9.91,3487.55,3.58,100.73,603.74,18.28,33.0,0.7,5.1
1024,Lumino Inds,LUMINO,Small Cap,Manufacturing & Services,Diversified,114.5,21.82,3487.14,0.0,63.7,947.62,26.61,34.0,0.7,5.1
1025,PSP Projects,PSPPROJECT,Small Cap,Manufacturing & Services,Diversified,875.5,47.26,3470.64,0.0,18.34,853.47,7.88,10.0,0.7,5.1
1026,Natl.Fertilizer,NFL,Small Cap,Manufacturing & Services,Diversified,70.51,9.49,3459.08,1.47,113.38,4500.39,9.1,11.0,0.7,5.1
1027,Filatex India,FILATEX,Small Cap,Manufacturing & Services,Diversified,77.72,17.95,3451.22,0.39,49.14,1145.3,19.06,12.0,0.7,5.1
1028,Bhagiradha Chem.,BHAGCHEM,Small Cap,Chemicals & Petrochemicals,Chemicals,264.6,124.67,3431.04,0.06,13.33,195.02,4.53,13.0,0.7,5.1
1029,Samhi Hotels,SAMHI,Small Cap,Manufacturing & Services,Diversified,153.99,8.15,3424.12,0.0,24.93,305.21,8.9,14.0,0.7,5.1
1030,Kwality Pharma,KPL,Small Cap,Pharmaceuticals & Healthcare,Pharma & Healthcare,3285.5,41.76,3409.1,0.0,25.62,162.35,24.08,15.0,0.7,5.1
1031,Wonderla Holiday,WONDERLA,Small Cap,Manufacturing & Services,Diversified,533.9,32.03,3388.4,0.37,72.8,242.63,6.2,16.0,0.7,5.1
1032,Venus Pipes,VENUSPIPES,Small Cap,Manufacturing & Services,Diversified,1631.0,32.5,3378.8,0.06,26.41,320.54,21.27,17.0,0.7,5.1
1033,Jubilant Agri,JUBLCPL,Small Cap,Manufacturing & Services,Diversified,2222.6,25.44,3367.79,0.0,46.11,523.18,40.39,18.0,0.7,5.1
1034,Antelopus Selan,ANTELOPUS,Small Cap,Manufacturing & Services,Diversified,957.15,24.01,3365.57,0.0,54.32,131.04,21.22,19.0,0.7,5.1
1035,JTEKT India,JTEKTINDIA,Small Cap,Manufacturing & Services,Diversified,121.27,43.86,3363.99,0.62,6.22,717.98,9.77,20.0,0.7,5.1
1036,Steelcast,STEELCAS,Small Cap,Metals & Mining,Metals & Mining,328.05,36.61,3319.87,0.52,23.71,124.82,32.3,31.0,5.0,33.0
1037,Gopal Snacks,GOPAL,Small Cap,Manufacturing & Services,Diversified,265.1,60.12,3304.92,0.38,12.85,422.32,11.67,22.0,0.7,5.1
1038,Anzen IYEP Trust,ANZEN,Small Cap,Manufacturing & Services,Diversified,129.0,99.45,3298.77,12.3,54.03,288.12,3.28,23.0,0.7,5.1
1039,Aimtron,AIMTRON,Small Cap,Manufacturing & Services,Diversified,1582.6,71.75,3298.35,0.0,25.69,178.58,28.15,24.0,0.7,5.1
1040,Apcotex Industri,APCOTEXIND,Small Cap,Manufacturing & Services,Diversified,635.5,20.46,3294.75,1.26,78.94,525.63,19.8,25.0,0.7,5.1
1041,Fusion Finance,FUSION,Small Cap,Banking & Financial Services,BFSI,203.19,19.52,3289.89,0.0,62.41,458.17,5.92,26.0,0.7,5.1
1042,Caliber Mining,CMLL,Small Cap,Metals & Mining,Metals & Mining,503.05,21.05,3288.73,0.0,29.76,657.05,21.23,37.0,4.9,32.6
1043,Advanced Enzyme,ADVENZYMES,Small Cap,Manufacturing & Services,Diversified,293.2,20.83,3283.14,1.82,38.59,189.79,13.96,28.0,0.7,5.1
1044,Anand Rathi Shar,ARSSBL,Small Cap,Manufacturing & Services,Diversified,515.05,22.01,3248.23,0.97,23.51,245.68,19.82,29.0,0.6,4.6
1045,Carysil,CARYSIL,Small Cap,Manufacturing & Services,Diversified,1140.8,30.15,3244.73,0.26,32.05,262.14,18.0,30.0,0.6,4.6
1046,Ashoka Buildcon,ASHOKA,Small Cap,Manufacturing & Services,Diversified,115.55,4.79,3243.76,0.0,127.17,1499.61,26.36,31.0,0.6,4.6
1047,Vindhya Telelink,VINDHYATEL,Small Cap,Manufacturing & Services,Diversified,2732.7,13.73,3238.25,0.22,75.67,718.9,8.15,32.0,0.6,4.6
1048,Websol Energy,WEBELSOLAR,Small Cap,Power Utilities & Cleantech,Renewable Energy & Power,74.53,10.3,3235.82,0.34,77.79,372.6,63.18,43.0,4.9,32.6
1049,Shanti Educat.,SEIL,Small Cap,Manufacturing & Services,Diversified,200.76,556.32,3232.24,0.0,2.82,16.3,10.31,34.0,0.6,4.6
1050,D.P. Abhushan,DPABHUSHAN,Small Cap,Manufacturing & Services,Diversified,1414.2,13.46,3228.32,0.0,64.45,852.4,39.57,10.0,0.6,4.6
1051,Ujaas Energy,UEL,Small Cap,Power Utilities & Cleantech,Renewable Energy & Power,241.6,820.07,3222.89,0.0,3.25,3.03,3.89,16.0,4.8,31.7
1052,T B Z,TBZ,Small Cap,Manufacturing & Services,Diversified,480.85,15.01,3208.74,0.52,33.92,840.97,21.89,12.0,0.6,4.6
1053,Indrapr.Medical,INDRAMEDCO,Small Cap,Manufacturing & Services,Diversified,349.7,17.05,3205.8,1.14,55.85,406.15,35.83,13.0,0.6,4.6
1054,Ravindra Energy,RELTD,Small Cap,Power Utilities & Cleantech,Renewable Energy & Power,161.37,53.68,3204.19,0.0,1.64,119.97,15.89,19.0,4.8,31.7
1055,Grauer & Weil,GRAUWEIL,Small Cap,Manufacturing & Services,Diversified,70.59,19.98,3200.63,0.71,39.81,298.68,20.59,15.0,0.6,4.6
1056,Mayur Uniquoters,MAYURUNIQ,Small Cap,Manufacturing & Services,Diversified,734.85,15.42,3193.11,0.82,56.12,269.23,24.47,16.0,0.6,4.6
1057,Guj Inds. Power,GIPCL,Small Cap,Power Utilities & Cleantech,Renewable Energy & Power,205.18,6.33,3184.72,2.0,157.9,499.28,5.47,22.0,4.8,31.7
1058,Oswal Pumps,OSWALPUMPS,Small Cap,Manufacturing & Services,Diversified,279.2,9.46,3183.02,0.0,54.14,473.56,38.24,18.0,0.6,4.6
1059,Maithan Alloys,MAITHANALL,Small Cap,Manufacturing & Services,Diversified,1090.55,10.93,3174.76,1.56,395.72,539.53,14.83,19.0,0.6,4.6
1060,Bhansali Engg.,BEPL,Small Cap,Manufacturing & Services,Diversified,127.5,15.88,3172.95,3.14,65.6,472.15,23.75,20.0,0.6,4.6
1061,Kewal Kir.Cloth.,KKCL,Small Cap,Manufacturing & Services,Diversified,514.3,21.41,3169.38,0.78,41.0,279.0,17.19,21.0,0.6,4.6
1062,Route Mobile,ROUTE,Small Cap,Manufacturing & Services,Diversified,501.55,8.93,3159.92,2.19,68.55,1151.51,17.41,22.0,0.6,4.6
1063,Nilkamal Ltd,NILKAMAL,Small Cap,Manufacturing & Services,Diversified,2116.5,23.46,3157.82,0.94,24.4,819.73,10.61,23.0,0.6,4.6
1064,Prabha Energy,PRABHA,Small Cap,Power Utilities & Cleantech,Renewable Energy & Power,230.6,2870.04,3157.04,0.0,0.29,1.69,-0.09,29.0,4.7,31.2
1065,Ashika Global Securities.,ASHIKAG,Small Cap,Manufacturing & Services,Diversified,426.85,42.02,3155.51,0.12,100.97,168.69,13.33,25.0,0.6,4.6
1066,Bondada Engineer,543971,Small Cap,Manufacturing & Services,Diversified,282.25,14.45,3151.93,0.1,53.93,691.65,39.43,26.0,0.6,4.6
1067,Shankara Buildpro,BUILDPRO,Small Cap,Manufacturing & Services,Diversified,1298.2,23.68,3148.05,0.39,35.78,1889.79,39.02,27.0,0.6,4.6
1068,Windsor Machines,WINDMACHIN,Small Cap,Power Utilities & Cleantech,Renewable Energy & Power,304.25,1056.29,3147.75,0.0,-0.91,148.87,2.11,33.0,4.7,31.2
1069,H.G. Infra Engg.,HGINFRA,Small Cap,Manufacturing & Services,Diversified,482.0,12.09,3141.25,0.41,-44.52,1100.59,11.33,29.0,0.6,4.6
1070,Parag Milk Foods,PARAGMILK,Small Cap,Manufacturing & Services,Diversified,249.6,23.28,3135.21,0.4,22.05,944.57,13.52,30.0,0.6,4.6
1071,Imagica. Enter.,IMAGICAA,Small Cap,Manufacturing & Services,Diversified,55.38,245.98,3133.74,0.0,57.57,177.6,1.86,31.0,0.6,4.6
1072,Prince Pipes,PRINCEPIPE,Small Cap,Manufacturing & Services,Diversified,283.0,30.04,3128.88,0.35,33.75,609.42,6.03,32.0,0.6,4.6
1073,NIIT Learning,NIITMTS,Small Cap,Manufacturing & Services,Diversified,225.94,13.57,3118.03,1.44,57.41,565.08,20.87,33.0,0.6,4.6
1074,XPRO India,XPROINDIA,Small Cap,Manufacturing & Services,Diversified,1325.1,95.23,3110.06,0.15,7.62,174.42,3.78,34.0,0.6,4.6
1075,Borosil,BOROLTD,Small Cap,Manufacturing & Services,Diversified,258.96,42.39,3096.84,0.0,12.8,253.59,11.52,10.0,0.6,4.6
1076,Ind-Swift Labs.,INDSWFTLAB,Small Cap,Pharmaceuticals & Healthcare,Pharma & Healthcare,355.95,47.56,3095.4,0.0,24.68,191.45,4.7,11.0,0.6,4.6
1077,Technvision Ven.,TECHNVISN,Small Cap,IT & Software Services,IT & Software,4917.5,1029.4,3088.19,0.0,2.82,73.58,12.87,82.0,1.5,12.3
1078,Solara Active,SOLARA,Small Cap,Power Utilities & Cleantech,Renewable Energy & Power,639.15,715.41,3054.79,0.0,16.31,381.6,4.86,43.0,4.6,30.4
1079,Kernex Microsys.,KERNEX,Small Cap,Manufacturing & Services,Diversified,1817.0,16.01,3053.22,0.0,109.85,503.58,47.83,14.0,0.6,4.6
1080,Baazar Style,STYLEBAAZA,Small Cap,Manufacturing & Services,Diversified,400.25,111.64,3046.6,0.0,2.23,486.38,7.43,15.0,0.6,4.6
1081,Dredging Corpn.,DREDGECORP,Small Cap,Manufacturing & Services,Diversified,1087.7,77.42,3045.56,0.0,11.24,355.43,4.28,16.0,0.6,4.6
1082,Balmer Lawrie,BALMLAWRIE,Small Cap,Manufacturing & Services,Diversified,177.98,10.91,3043.53,4.78,70.93,748.73,14.6,17.0,0.6,4.6
1083,M M Forgings,MMFL,Small Cap,Automotive & 2W/3W,Auto Ancillary & Components,630.1,27.04,3042.22,0.63,90.42,420.48,8.97,58.0,2.4,17.5
1084,R Systems Intl.,RSYSTEMS,Small Cap,Manufacturing & Services,Diversified,256.12,14.41,3034.92,2.34,55.57,601.7,19.48,19.0,0.6,4.6
1085,Carraro India,CARRARO,Small Cap,Manufacturing & Services,Diversified,533.65,22.24,3033.88,1.26,30.65,540.17,28.25,20.0,0.6,4.6
1086,Jash Engineering,JASH,Small Cap,Manufacturing & Services,Diversified,478.5,35.11,3023.82,0.33,5.09,149.88,17.69,21.0,0.6,4.6
1087,Mangalam Cement,MANGLMCEM,Small Cap,Cement & Building Materials,Cement & Materials,1095.2,23.16,3011.5,0.14,18.07,455.22,10.99,22.0,4.5,29.9
1088,Panama Petrochem,PANAMAPET,Small Cap,Chemicals & Petrochemicals,Chemicals,495.45,6.26,2997.16,0.61,308.91,1735.15,19.15,23.0,0.6,4.6
1089,Monarch Networth,MONARCH,Small Cap,Manufacturing & Services,Diversified,377.9,16.55,2997.06,0.26,45.18,90.89,27.68,24.0,0.6,4.6
1090,Marathon Nextgen,MARATHON,Small Cap,Manufacturing & Services,Diversified,437.9,15.16,2953.4,0.23,52.43,197.5,12.5,25.0,0.6,4.6
1091,Elpro Internatio,ELPROINTL,Small Cap,Manufacturing & Services,Diversified,174.0,22.83,2948.94,0.4,116.14,138.7,6.57,26.0,0.6,4.6
1092,Arvind SmartSp.,ARVSMART,Small Cap,Textiles & Apparel,Textiles,642.5,16.0,2948.88,0.35,97.39,317.63,12.37,67.0,2.4,17.5
1093,Jindal Poly Film,JINDALPOLY,Small Cap,Metals & Mining,Metals & Mining,672.35,50.29,2943.98,0.88,107.19,695.8,-2.03,28.0,4.4,29.0
1094,Nalwa Sons Invst,NSIL,Small Cap,Manufacturing & Services,Diversified,5721.5,53.1,2940.85,0.0,26.69,34.38,0.48,29.0,0.6,4.6
1095,Ador Welding,ADOR,Small Cap,Manufacturing & Services,Diversified,1674.4,24.34,2913.93,1.37,27.35,308.63,22.71,30.0,0.6,4.6
1096,Sportking India,SPORTKING,Small Cap,Manufacturing & Services,Diversified,229.22,18.02,2912.74,0.44,75.97,703.68,13.22,31.0,0.6,4.6
1097,ADF Foods,ADFFOODS,Small Cap,Manufacturing & Services,Diversified,264.8,30.06,2909.19,0.45,17.29,167.29,21.82,32.0,0.6,4.6
1098,Sangam India,SANGAMIND,Small Cap,Manufacturing & Services,Diversified,578.8,23.15,2908.27,0.35,39.35,845.54,10.67,33.0,0.6,4.6
1099,BLS E-Services,BLSE,Small Cap,Manufacturing & Services,Diversified,320.05,50.03,2907.86,0.31,18.63,304.09,16.39,34.0,0.6,4.6
1100,Navneet Educat.,NAVNETEDUL,Small Cap,Manufacturing & Services,Diversified,131.21,23.2,2902.54,2.29,141.0,788.0,10.23,10.0,0.6,4.6
1101,GSP Crop Science,GSPCROP,Small Cap,Manufacturing & Services,Diversified,619.25,27.55,2880.67,0.16,26.39,386.0,18.9,11.0,0.6,4.6
1102,NOCIL,NOCIL,Small Cap,Manufacturing & Services,Diversified,172.44,41.4,2880.18,0.87,27.76,403.02,3.93,12.0,0.6,4.6
1103,Globus Spirits,GLOBUSSPR,Small Cap,Manufacturing & Services,Diversified,914.3,28.61,2876.51,0.71,26.48,788.78,11.25,13.0,0.6,4.6
1104,Sundaram Clayton,SUNCLAY,Small Cap,Manufacturing & Services,Diversified,1304.4,0.0,2875.7,0.34,-59.33,591.65,-3.34,14.0,0.6,4.6
1105,Interarch Build.,INTERARCH,Small Cap,Manufacturing & Services,Diversified,1707.0,20.98,2870.67,0.73,28.25,459.65,23.66,15.0,0.6,4.6
1106,Roadstar Infra,ROADSTAR,Small Cap,Manufacturing & Services,Diversified,63.0,0.0,2869.51,8.41,34.2,295.57,2.18,16.0,0.6,4.6
1107,Alembic,ALEMBICLTD,Small Cap,Manufacturing & Services,Diversified,111.41,8.92,2860.81,2.15,64.89,48.74,6.07,17.0,0.6,4.6
1108,EFC (I),EFCIL,Small Cap,Manufacturing & Services,Diversified,193.24,11.12,2858.91,0.0,70.85,282.88,19.85,18.0,0.6,4.6
1109,Sasken Technol.,SASKEN,Small Cap,IT & Software Services,IT & Software,1881.3,38.74,2857.98,1.33,23.52,339.24,9.9,74.0,1.4,11.8
1110,Rishabh Instrum.,RISHABH,Small Cap,Manufacturing & Services,Diversified,738.45,35.34,2857.58,0.27,19.37,198.28,14.5,20.0,0.6,4.6
1111,Yash Highvoltage,544310,Small Cap,Manufacturing & Services,Diversified,950.65,72.97,2841.27,0.15,23.72,135.57,28.58,21.0,0.6,4.6
1112,Vimta Labs,VIMTALABS,Small Cap,Pharmaceuticals & Healthcare,Pharma & Healthcare,635.65,35.15,2840.52,0.31,21.04,109.07,25.23,22.0,0.6,4.6
1113,DDev Plastiks,DDEVPLSTIK,Small Cap,Manufacturing & Services,Diversified,273.0,13.23,2824.91,0.64,63.79,989.45,31.02,23.0,0.6,4.6
1114,Ramco Inds.,RAMCOIND,Small Cap,Manufacturing & Services,Diversified,323.25,8.92,2807.15,0.39,86.59,613.81,4.57,24.0,0.6,4.6
1115,Crizac,CRIZAC,Small Cap,Manufacturing & Services,Diversified,160.29,12.72,2804.79,4.99,46.17,201.21,52.34,25.0,0.6,4.6
1116,Federal-Mogul Go,FMGOETZE,Small Cap,Manufacturing & Services,Diversified,501.45,15.37,2789.57,1.5,45.33,526.27,18.52,26.0,0.6,4.6
1117,Prataap Snacks,DIAMONDYD,Small Cap,Manufacturing & Services,Diversified,1158.3,217.4,2771.81,0.04,2.47,492.5,3.08,27.0,0.6,4.6
1118,Stove Kraft,STOVEKRAFT,Small Cap,Manufacturing & Services,Diversified,832.55,56.69,2756.35,0.42,17.06,480.58,10.93,28.0,0.6,4.6
1119,Capital Infra,CAPINVIT,Small Cap,Manufacturing & Services,Diversified,76.64,6.71,2751.24,3.02,125.62,259.29,7.19,29.0,0.6,4.6
1120,Monolithisch Ind,MONOLITH,Small Cap,Manufacturing & Services,Diversified,1265.65,95.59,2751.02,0.0,10.07,47.19,34.79,30.0,0.6,4.6
1121,RPSG Ventures,RPSGVENT,Small Cap,Manufacturing & Services,Diversified,831.4,0.0,2750.8,0.0,253.09,3576.44,10.61,31.0,0.6,4.6
1122,Hikal,HIKAL,Small Cap,Manufacturing & Services,Diversified,222.3,64.65,2740.98,0.27,-7.4,402.8,3.5,32.0,0.5,4.1
1123,Confidence Petro,CONFIPET,Small Cap,Manufacturing & Services,Diversified,82.48,20.35,2740.32,0.12,62.55,2408.53,9.23,33.0,0.5,4.1
1124,United Foodbrands,UFBL,Small Cap,Manufacturing & Services,Diversified,700.35,0.0,2739.61,0.0,2.3,425.9,1.52,34.0,0.5,4.1
1125,Dishman Carbogen,DCAL,Small Cap,Manufacturing & Services,Diversified,174.38,150.72,2733.98,0.0,-57.88,677.64,3.15,10.0,0.5,4.1
1126,Gateway Distri,GATEWAY,Small Cap,Manufacturing & Services,Diversified,54.69,11.15,2732.55,3.66,51.26,549.3,10.83,11.0,0.5,4.1
1127,Colab Platforms,542866,Small Cap,Pharmaceuticals & Healthcare,Pharma & Healthcare,133.7,563.53,2727.48,0.01,1.42,32.64,23.14,12.0,0.5,4.1
1128,Mufin Green,MUFIN,Small Cap,Power Utilities & Cleantech,Renewable Energy & Power,137.56,71.42,2725.92,0.0,14.01,76.87,10.73,33.0,4.1,26.8
1129,Patel Engineerin,PATELENG,Small Cap,Manufacturing & Services,Diversified,27.28,6.89,2706.56,0.0,98.5,1280.74,13.28,14.0,0.5,4.1
1130,Dolphin Offshore,DOLPHIN,Small Cap,Manufacturing & Services,Diversified,674.0,37.44,2696.31,0.0,14.81,42.85,14.92,15.0,0.5,4.1
1131,Euro Pratik Sale,EUROPRATIK,Small Cap,Manufacturing & Services,Diversified,263.75,31.28,2695.53,0.08,20.05,103.33,38.38,16.0,0.5,4.1
1132,S P Apparels,SPAL,Small Cap,Manufacturing & Services,Diversified,1071.1,25.63,2692.63,0.28,24.87,401.08,14.04,17.0,0.5,4.1
1133,Chemplast Sanmar,CHEMPLASTS,Small Cap,Chemicals & Petrochemicals,Chemicals,170.29,0.0,2692.45,0.0,-175.58,1124.66,0.34,18.0,0.5,4.1
1134,Hubtown,HUBTOWN,Small Cap,Manufacturing & Services,Diversified,189.26,28.57,2689.4,0.0,26.58,155.62,9.48,19.0,0.5,4.1
1135,Ganesha Ecosphe.,GANECOS,Small Cap,Manufacturing & Services,Diversified,999.9,47.43,2679.33,0.35,29.03,423.67,5.58,20.0,0.5,4.1
1136,Apollo Pipes,APOLLOPIPE,Small Cap,Manufacturing & Services,Diversified,605.1,0.0,2665.36,0.12,-11.12,295.43,1.23,21.0,0.5,4.1
1137,Orient Cement,ORIENTCEM,Small Cap,Cement & Building Materials,Cement & Materials,129.68,12.53,2664.4,0.39,77.0,604.0,16.46,42.0,4.0,26.4
1138,Axis Solution,511144,Small Cap,Banking & Financial Services,BFSI,556.8,86.59,2631.45,0.11,3.65,48.67,23.07,23.0,0.5,4.1
1139,Dr Agarwal's Eye,DRAGARWQ,Small Cap,Manufacturing & Services,Diversified,5422.5,34.38,2620.6,0.13,23.38,142.97,17.36,24.0,0.5,4.1
1140,India Nipp.Elec.,INDNIPPON,Small Cap,Manufacturing & Services,Diversified,1158.2,28.73,2620.01,1.34,39.83,299.46,16.96,25.0,0.5,4.1
1141,Kilburn Engg.,KLBRENG-B,Small Cap,Manufacturing & Services,Diversified,467.85,29.78,2619.98,0.43,13.09,116.99,23.18,26.0,0.5,4.1
1142,Gandhar Oil Ref.,GANDHAR,Small Cap,Manufacturing & Services,Diversified,267.6,8.69,2619.26,0.75,205.89,1731.93,13.33,27.0,0.5,4.1
1143,GK Energy,GKENERGY,Small Cap,Power Utilities & Cleantech,Renewable Energy & Power,128.96,11.68,2615.53,0.39,59.67,505.19,40.87,18.0,3.9,25.5
1144,Utkarsh Small F.,UTKARSHBNK,Small Cap,Manufacturing & Services,Diversified,14.56,0.0,2590.99,0.0,-33.92,883.56,1.46,29.0,0.5,4.1
1145,Bharat Bijlee,BBL,Small Cap,Manufacturing & Services,Diversified,2289.3,23.14,2587.62,1.53,19.63,547.17,8.37,30.0,0.5,4.1
1146,Orissa Minerals,ORISSAMINE,Small Cap,Manufacturing & Services,Diversified,4311.7,0.0,2587.02,0.0,-7.61,29.0,9.64,31.0,0.5,4.1
1147,Veedol Corporat,VEEDOL,Small Cap,Manufacturing & Services,Diversified,1476.8,11.7,2573.18,3.93,77.92,608.57,24.09,32.0,0.5,4.1
1148,Kitex Garments,KITEX,Small Cap,Manufacturing & Services,Diversified,128.85,0.0,2570.56,0.39,-17.13,158.43,1.53,33.0,0.5,4.1
1149,Flair Writing,FLAIR,Small Cap,Manufacturing & Services,Diversified,243.71,18.39,2568.59,0.41,29.08,319.25,16.83,34.0,0.5,4.1
1150,Tasty Bite Eat.,TASTYBITE,Small Cap,Manufacturing & Services,Diversified,9982.0,70.58,2561.38,0.1,8.84,155.75,14.03,10.0,0.5,4.1
1151,Ratnaveer Precis,RATNAVEER,Small Cap,Manufacturing & Services,Diversified,304.75,37.84,2557.66,0.0,18.24,314.64,12.29,11.0,0.5,4.1
1152,Automotive Axles,AUTOAXLES,Small Cap,Automotive & 2W/3W,Auto Ancillary & Components,1688.7,13.96,2551.63,1.89,45.6,516.82,21.55,27.0,2.0,14.6
1153,Rossari Biotech,ROSSARI,Small Cap,IT & Software Services,IT & Software,460.25,16.92,2549.51,0.11,35.1,697.2,13.33,78.0,1.3,11.2
1154,Medi Assist Ser.,MEDIASSIST,Small Cap,Manufacturing & Services,Diversified,340.35,25.73,2542.48,0.59,27.59,236.52,14.09,14.0,0.5,4.1
1155,Pokarna,POKARNA,Small Cap,Manufacturing & Services,Diversified,817.15,26.69,2533.49,0.07,42.6,189.41,11.48,15.0,0.5,4.1
1156,Rajratan Global,RAJRATAN,Small Cap,Manufacturing & Services,Diversified,498.35,31.77,2530.17,0.4,22.96,318.35,13.23,16.0,0.5,4.1
1157,Fischer Medical,FISCHER,Small Cap,Manufacturing & Services,Diversified,36.04,102.86,2518.06,0.14,3.79,81.92,11.38,17.0,0.5,4.1
1158,Asian Energy,ASIANENE,Small Cap,Power Utilities & Cleantech,Renewable Energy & Power,517.45,38.97,2517.25,0.24,12.76,271.19,16.51,33.0,3.8,25.1
1159,Talbros Auto.,TALBROAUTO,Small Cap,Automotive & 2W/3W,Auto Ancillary & Components,407.75,22.48,2516.97,0.18,30.02,238.41,18.41,34.0,2.0,14.6
1160,Siyaram Silk,SIYSIL,Small Cap,Manufacturing & Services,Diversified,552.65,10.57,2507.38,2.17,11.01,445.66,18.82,20.0,0.5,4.1
1161,Vintage Coffee,VINCOFE,Small Cap,Manufacturing & Services,Diversified,170.65,31.75,2499.82,0.06,20.79,161.0,18.18,21.0,0.5,4.1
1162,Oriental Hotels,ORIENTHOT,Small Cap,Manufacturing & Services,Diversified,139.93,37.22,2499.14,0.46,5.3,111.48,12.12,22.0,0.5,4.1
1163,Sundrop Brands,SUNDROP,Small Cap,Manufacturing & Services,Diversified,662.5,89.35,2497.42,0.0,12.13,428.08,1.93,23.0,0.5,4.1
1164,Sirca Paints,SIRCA,Small Cap,Manufacturing & Services,Diversified,439.25,37.21,2494.62,0.46,16.21,130.01,20.28,24.0,0.5,4.1
1165,Omaxe,OMAXE,Small Cap,Manufacturing & Services,Diversified,136.38,0.0,2494.4,0.0,1.3,406.17,-109.77,25.0,0.5,4.1
1166,JNK,JNKINDIA,Small Cap,Manufacturing & Services,Diversified,445.05,33.08,2490.23,0.07,9.63,179.96,17.35,26.0,0.5,4.1
1167,Amic Forging,544037,Small Cap,Automotive & 2W/3W,Auto Ancillary & Components,2152.95,87.95,2486.41,0.0,15.87,75.2,23.46,42.0,2.0,14.6
1168,Exicom Tele-Sys.,EXICOM,Small Cap,Manufacturing & Services,Diversified,177.85,0.0,2473.53,0.0,-73.57,331.07,-14.66,28.0,0.5,4.1
1169,Beta Drugs Ltd,BETA,Small Cap,Manufacturing & Services,Diversified,2218.5,53.95,2459.4,0.0,16.48,125.55,19.16,29.0,0.5,4.1
1170,Rajesh Exports,RAJESHEXPO,Small Cap,Manufacturing & Services,Diversified,83.02,14.49,2451.25,0.0,47.19,240335.72,1.86,30.0,0.5,4.1
1171,Oriana Power Ltd,ORIANA,Small Cap,Power Utilities & Cleantech,Renewable Energy & Power,1205.7,9.71,2449.88,0.0,130.41,1032.49,39.61,16.0,3.7,24.6
1172,Hind.Oil Explor.,HINDOILEXP,Small Cap,Manufacturing & Services,Diversified,185.0,97.39,2446.5,0.0,6.24,114.18,3.41,32.0,0.5,4.1
1173,Pix Transmission,PIXTRANS,Small Cap,Manufacturing & Services,Diversified,1791.7,18.53,2442.09,0.5,52.75,149.25,21.73,33.0,0.5,4.1
1174,Satin Creditcare,SATIN,Small Cap,FMCG & Consumer Goods,FMCG,220.75,5.95,2438.65,0.0,122.65,762.14,13.84,34.0,0.5,4.1
1175,Fredun Pharma,FREDUN,Small Cap,Pharmaceuticals & Healthcare,Pharma & Healthcare,1470.7,54.72,2432.25,0.02,13.17,228.25,21.49,10.0,0.5,4.1
1176,Zaggle Prepaid,ZAGGLE,Small Cap,Manufacturing & Services,Diversified,180.77,19.54,2430.61,0.0,17.43,390.17,13.49,11.0,0.5,4.1
1177,Indoco Remedies,INDOCO,Small Cap,Manufacturing & Services,Diversified,262.51,0.0,2423.06,0.08,65.44,467.5,0.96,12.0,0.5,4.1
1178,Cosmo First,COSMOFIRST,Small Cap,Manufacturing & Services,Diversified,919.85,14.08,2414.58,0.43,53.75,1165.54,11.23,13.0,0.5,4.1
1179,Ramky Infra,RAMKY,Small Cap,Manufacturing & Services,Diversified,347.4,12.86,2403.93,0.0,38.79,471.23,13.66,14.0,0.5,4.1
1180,Stallion India,STALLION,Small Cap,Manufacturing & Services,Diversified,206.68,46.1,2399.26,0.0,18.57,121.45,11.76,15.0,0.5,4.1
1181,Apeejay Surrend.,PARKHOTELS,Small Cap,Manufacturing & Services,Diversified,112.18,37.2,2393.63,0.45,11.49,166.78,9.43,16.0,0.5,4.1
1182,Easy Trip Plann.,EASEMYTRIP,Small Cap,Manufacturing & Services,Diversified,6.0,0.0,2390.79,0.0,-11.69,134.71,0.63,17.0,0.5,4.1
1183,HMT,HMT,Small Cap,Manufacturing & Services,Diversified,66.91,0.0,2379.33,0.0,-29.21,28.93,0.0,18.0,0.5,4.1
1184,Marsons,MARSONS,Small Cap,Manufacturing & Services,Diversified,137.56,53.56,2367.41,0.04,5.93,49.26,25.39,19.0,0.5,4.1
1185,GNA Axles,GNA,Small Cap,Manufacturing & Services,Diversified,551.05,17.89,2365.7,0.54,38.27,470.44,14.33,20.0,0.5,4.1
1186,Dynamic Cables,DYCL,Small Cap,Manufacturing & Services,Diversified,487.9,25.93,2364.3,0.1,24.95,349.1,26.21,21.0,0.5,4.1
1187,Rane Holdings,RANEHOLDIN,Small Cap,Manufacturing & Services,Diversified,1651.1,29.9,2357.77,2.85,48.27,1586.88,9.52,22.0,0.5,4.1
1188,Advait Energy,ADVAIT,Small Cap,Power Utilities & Cleantech,Renewable Energy & Power,2151.3,40.76,2354.17,0.09,14.8,179.27,27.91,33.0,3.5,22.9
1189,Schneider APW,544786,Small Cap,Manufacturing & Services,Diversified,1942.9,67.71,2350.13,0.0,4.47,109.53,23.88,24.0,0.5,4.1
1190,Mold-Tek Pack.,MOLDTKPAC,Small Cap,Manufacturing & Services,Diversified,706.65,30.88,2348.12,0.71,25.57,300.45,13.33,25.0,0.5,4.1
1191,TVS Infra. Trust,TVSINVIT,Small Cap,Manufacturing & Services,Diversified,119.0,45.36,2346.68,1.3,17.74,62.95,0.0,26.0,0.5,4.1
1192,J.G.Chemicals,JGCHEM,Small Cap,Chemicals & Petrochemicals,Chemicals,598.15,31.18,2343.91,0.17,26.11,315.65,18.13,27.0,0.5,4.1
1193,Bombay Dyeing,BOMDYEING,Small Cap,Manufacturing & Services,Diversified,113.47,109.41,2343.55,0.35,7.08,410.8,1.27,28.0,0.5,4.1
1194,Venky's (India),VENKEYS,Small Cap,Manufacturing & Services,Diversified,1659.6,13.48,2337.93,0.6,49.99,1118.38,11.89,29.0,0.5,4.1
1195,Veranda Learning,VERANDA,Small Cap,Manufacturing & Services,Diversified,242.63,36.24,2337.76,0.0,33.87,149.54,12.83,30.0,0.5,4.1
1196,Panacea Biotec,PANACEABIO,Small Cap,Manufacturing & Services,Diversified,381.25,0.0,2335.18,0.0,2.2,199.57,-2.44,31.0,0.5,4.1
1197,Reliance Infra.,RELINFRA,Small Cap,Manufacturing & Services,Diversified,57.02,1.02,2330.02,0.0,767.79,6344.27,15.44,32.0,0.5,4.1
1198,Mobavenue AI Tech,539682,Small Cap,IT & Software Services,IT & Software,300.95,66.45,2326.28,0.1,11.66,72.85,71.59,83.0,1.2,10.1
1199,EPack PrefabTech,EPACKPEB,Small Cap,IT & Software Services,IT & Software,231.11,24.54,2325.68,0.0,18.17,365.84,21.71,84.0,1.2,10.1
1200,Arkade,ARKADE,Small Cap,Manufacturing & Services,Diversified,125.22,13.08,2324.88,0.8,19.08,146.97,18.92,10.0,0.5,4.1
1201,Windlas Biotech,WINDLAS,Small Cap,Power Utilities & Cleantech,Renewable Energy & Power,1126.35,34.99,2324.36,0.56,17.65,248.1,15.9,16.0,3.5,22.9
1202,GHV Infra,505504,Small Cap,Manufacturing & Services,Diversified,288.95,45.29,2323.4,0.0,7.36,218.6,0.0,12.0,0.5,4.1
1203,Jaykay Enter.,JAYKAY,Small Cap,Manufacturing & Services,Diversified,153.69,56.89,2318.55,0.0,4.51,74.57,8.18,13.0,0.5,4.1
1204,Ajmera Realty,AJMERA,Small Cap,Manufacturing & Services,Diversified,117.76,14.99,2317.47,0.85,44.94,316.97,14.28,14.0,0.5,4.1
1205,HLE Glascoat,HLEGLAS,Small Cap,Manufacturing & Services,Diversified,333.65,58.83,2317.36,0.33,2.05,300.75,11.79,15.0,0.5,4.1
1206,Nitco,NITCO,Small Cap,FMCG & Consumer Goods,FMCG,96.1,0.0,2311.84,0.0,-10.33,116.01,7.16,16.0,0.5,4.1
1207,Eveready Inds.,EVEREADY,Small Cap,Manufacturing & Services,Diversified,317.9,14.55,2310.73,0.79,36.97,407.71,17.23,17.0,0.5,4.1
1208,Geojit Fin. Ser.,GEOJITFSL,Small Cap,Manufacturing & Services,Diversified,82.72,29.69,2308.9,1.81,19.83,160.4,9.02,18.0,0.5,4.1
1209,Thejo Engg.,THEJO,Small Cap,Manufacturing & Services,Diversified,2125.3,39.85,2305.54,0.24,15.24,177.61,19.4,19.0,0.5,4.1
1210,Anantam Highways,ANANTAM,Small Cap,Manufacturing & Services,Diversified,106.0,8.99,2305.5,2.36,59.43,158.05,13.71,20.0,0.5,4.1
1211,Ramco Systems,RAMCOSYS,Small Cap,Manufacturing & Services,Diversified,611.2,36.47,2297.91,0.0,0.56,172.77,19.72,21.0,0.5,4.1
1212,Pennar Industrie,PENIND,Small Cap,Manufacturing & Services,Diversified,169.56,16.15,2297.47,0.0,35.41,870.42,15.33,22.0,0.5,4.1
1213,Sai Parenteral's,SAIPARENT,Small Cap,Manufacturing & Services,Diversified,519.55,110.57,2295.33,0.0,7.92,178.67,5.28,23.0,0.5,4.1
1214,Knack Packaging,KNACK,Small Cap,Manufacturing & Services,Diversified,187.3,22.49,2291.9,0.0,31.51,256.82,34.07,24.0,0.5,4.1
1215,Shukra Pharma.,SHUKRAPHAR,Small Cap,Pharmaceuticals & Healthcare,Pharma & Healthcare,51.93,63.51,2289.01,0.02,15.03,23.52,36.91,25.0,0.5,4.1
1216,Somany Ceramics,SOMANYCERA,Small Cap,Cement & Building Materials,Cement & Materials,557.35,20.81,2285.85,1.08,34.23,749.56,12.8,31.0,3.4,22.4
1217,Concord Control,543619,Small Cap,Manufacturing & Services,Diversified,2195.65,53.77,2279.83,0.0,24.88,128.93,30.64,27.0,0.5,4.1
1218,Kalyani Invest.,KICL,Small Cap,Manufacturing & Services,Diversified,5203.0,55.96,2273.71,0.19,0.68,5.95,0.49,28.0,0.5,4.1
1219,Gaja Alternative Asset,GAJA,Small Cap,Manufacturing & Services,Diversified,161.1,28.66,2271.67,0.47,62.09,99.3,17.02,29.0,0.5,4.1
1220,Alpex Solar,ALPEXSOLAR,Small Cap,Power Utilities & Cleantech,Renewable Energy & Power,889.3,11.32,2271.54,0.0,39.87,503.42,43.53,35.0,3.4,22.4
1221,Venus Remedies,VENUSREM,Small Cap,Manufacturing & Services,Diversified,1694.4,19.49,2264.9,0.59,22.97,178.86,21.67,31.0,0.5,4.1
1222,Sakar Healthcare,SAKAR,Small Cap,Manufacturing & Services,Diversified,1013.9,62.51,2255.92,0.0,10.28,72.97,12.42,32.0,0.5,4.1
1223,KMC Speciality,KMCSHIL,Small Cap,Manufacturing & Services,Diversified,138.24,40.43,2254.69,0.0,16.57,91.78,26.04,33.0,0.5,4.1
1224,Prakash Industri,PRAKASH,Small Cap,Manufacturing & Services,Diversified,125.63,7.19,2249.81,1.19,71.27,1032.0,9.55,34.0,0.5,4.1
1225,Jain Irrigation,JISLJALEQS,Small Cap,Manufacturing & Services,Diversified,30.87,0.0,2248.31,0.0,-17.8,1508.37,5.3,10.0,0.5,4.1
1226,Brigade Hotel,BRIGHOTEL,Small Cap,Manufacturing & Services,Diversified,59.19,32.99,2248.29,0.0,17.34,127.04,12.85,11.0,0.5,4.1
1227,Repco Home Fin,REPCOHOME,Small Cap,Manufacturing & Services,Diversified,358.75,4.66,2244.39,2.09,121.62,467.7,10.1,12.0,0.5,4.1
1228,Kody Technolab,KODYTECH,Small Cap,IT & Software Services,IT & Software,1569.95,133.89,2244.0,0.0,12.28,48.6,16.77,73.0,1.1,9.5
1229,Sanstar,SANSTAR,Small Cap,Manufacturing & Services,Diversified,111.31,50.66,2229.19,0.0,9.21,206.16,5.69,14.0,0.5,4.1
1230,Keto Motors,537392,Small Cap,Automotive & 2W/3W,Auto Ancillary & Components,310.85,8421.0,2189.46,0.0,0.44,6.34,-0.3,55.0,1.8,13.1
1231,SBC Exports,SBC,Small Cap,Manufacturing & Services,Diversified,45.76,64.18,2179.05,0.0,9.43,106.04,16.67,16.0,0.5,4.1
1232,Arman Financial,ARMANFIN,Small Cap,Manufacturing & Services,Diversified,2069.3,18.7,2175.82,0.0,45.17,201.78,11.74,17.0,0.5,4.1
1233,OBSC Perfection,OBSCP,Small Cap,Manufacturing & Services,Diversified,835.75,68.66,2160.05,0.0,9.47,77.31,19.52,18.0,0.5,4.1
1234,Elcid Investment,ELCIDIN,Small Cap,Manufacturing & Services,Diversified,107590.0,22.54,2151.8,0.02,57.57,73.39,1.43,19.0,0.5,4.1
1235,Paramount Comm.,PARACABLES,Small Cap,Manufacturing & Services,Diversified,65.51,35.18,2143.75,0.0,19.7,529.4,12.35,20.0,0.5,4.1
1236,Simplex Infra,SIMPLEXINF,Small Cap,Manufacturing & Services,Diversified,270.5,47.33,2139.53,0.0,10.67,290.55,2.4,21.0,0.5,4.1
1237,ESAF Small Fin,ESAFSFB,Small Cap,Manufacturing & Services,Diversified,41.41,0.0,2137.21,0.0,80.08,1097.77,5.65,22.0,0.5,4.1
1238,Silver Touch,SILVERTUC,Small Cap,Manufacturing & Services,Diversified,167.97,51.1,2130.03,0.06,10.0,78.02,29.78,23.0,0.5,4.1
1239,EMS,EMSLIMITED,Small Cap,Manufacturing & Services,Diversified,383.05,31.22,2127.11,0.39,15.49,157.24,12.51,24.0,0.5,4.1
1240,Bajel Projects,BAJEL,Small Cap,Manufacturing & Services,Diversified,183.82,78.83,2126.74,0.33,4.73,566.88,10.96,25.0,0.5,4.1
1241,TCI Express,TCIEXP,Small Cap,Manufacturing & Services,Diversified,552.9,23.31,2125.58,1.27,22.38,311.95,14.63,26.0,0.5,4.1
1242,BN Agrochem,BNAGROCHEM,Small Cap,Chemicals & Petrochemicals,Chemicals,216.73,124.14,2119.03,0.0,2.98,257.51,4.38,27.0,0.5,4.1
1243,GOCL Corpn.,GOCLCORP,Small Cap,Manufacturing & Services,Diversified,427.45,7.93,2118.98,7.02,40.4,4.29,6.98,28.0,0.5,4.1
1244,Landmark Cars,LANDMARK,Small Cap,Manufacturing & Services,Diversified,510.15,44.95,2115.33,0.29,14.55,1302.36,9.26,29.0,0.5,4.1
1245,Anondita Medi.,ANONDITA,Small Cap,Manufacturing & Services,Diversified,1109.55,63.17,2113.11,0.0,21.27,83.32,43.6,30.0,0.5,4.1
1246,Sika Interplant,SIKA,Small Cap,Manufacturing & Services,Diversified,996.1,60.93,2111.82,0.35,8.4,42.86,34.56,31.0,0.5,4.1
1247,Mahamaya Steel,MAHASTEEL,Small Cap,Metals & Mining,Metals & Mining,1282.5,211.83,2107.71,0.0,2.13,267.63,8.4,32.0,3.2,21.1
1248,G M Breweries,GMBREW,Small Cap,Manufacturing & Services,Diversified,919.85,12.46,2101.57,0.98,37.74,199.58,17.96,33.0,0.5,4.1
1249,Shringar House,SHRINGARMS,Small Cap,Manufacturing & Services,Diversified,217.91,17.37,2101.35,0.0,34.0,548.49,26.83,34.0,0.5,4.1
1250,K C P,KCP,Small Cap,Manufacturing & Services,Diversified,162.38,11.82,2093.42,0.31,55.25,779.34,12.2,10.0,0.5,4.1
1251,S H Kelkar & Co.,SHK,Small Cap,Manufacturing & Services,Diversified,150.87,44.22,2088.35,0.66,45.43,662.42,5.85,11.0,0.5,4.1
1252,TajGVK Hotels,TAJGVK,Small Cap,Manufacturing & Services,Diversified,332.55,14.52,2085.14,0.6,31.66,165.0,13.27,12.0,0.5,4.1
1253,TIL,TIL,Small Cap,Manufacturing & Services,Diversified,252.88,0.0,2080.3,0.0,-4.75,117.13,2.9,13.0,0.5,4.1
1254,NELCO,NELCO,Small Cap,Manufacturing & Services,Diversified,911.25,348.32,2079.47,0.11,2.34,80.03,7.21,14.0,0.5,4.1
1255,Bluspring Enter.,BLUSPRING,Small Cap,Manufacturing & Services,Diversified,138.96,136.9,2077.48,0.0,-1.59,949.29,5.22,15.0,0.5,4.1
1256,CFF Fluid,543920,Small Cap,Manufacturing & Services,Diversified,989.3,52.91,2074.97,0.13,20.07,104.61,23.5,16.0,0.5,4.1
1257,NIBE,NIBE,Small Cap,Manufacturing & Services,Diversified,1336.6,0.0,2071.97,0.09,-11.99,63.01,4.79,17.0,0.5,4.1
1258,Modern Insulator,515008,Small Cap,Manufacturing & Services,Diversified,437.7,21.91,2063.49,0.0,29.6,188.3,19.4,18.0,0.5,4.1
1259,Honda India,HONDAPOWER,Small Cap,Power Utilities & Cleantech,Renewable Energy & Power,2024.6,28.08,2052.94,6.25,11.1,189.25,11.5,44.0,3.1,20.7
1260,Saksoft,SAKSOFT,Small Cap,Manufacturing & Services,Diversified,154.58,15.3,2048.98,0.65,29.29,248.62,25.48,20.0,0.5,4.1
1261,Hester Bios,HESTERBIO,Small Cap,Manufacturing & Services,Diversified,2405.4,38.52,2046.24,0.46,96.73,77.24,15.25,21.0,0.5,4.1
1262,Indian Hume Pipe,INDIANHUME,Small Cap,Manufacturing & Services,Diversified,387.8,21.84,2043.0,0.52,23.57,302.81,9.51,22.0,0.5,4.1
1263,BF Utilities,BFUTILITIE,Small Cap,Manufacturing & Services,Diversified,542.45,0.0,2042.87,0.0,-5.03,5.88,3.88,23.0,0.5,4.1
1264,Sar Auto Prod.,538992,Small Cap,Automotive & 2W/3W,Auto Ancillary & Components,4266.9,2209.86,2033.07,0.0,0.37,5.33,2.14,39.0,1.6,11.6
1265,Cantabil Retail,CANTABIL,Small Cap,Manufacturing & Services,Diversified,243.05,20.87,2032.82,0.62,16.33,178.82,19.37,25.0,0.5,4.1
1266,Rhetan TMT Ltd,RHETAN,Small Cap,Manufacturing & Services,Diversified,25.42,159.5,2025.66,0.0,3.16,4.06,10.93,26.0,0.5,4.1
1267,Kabra Extrusion,KABRAEXTRU,Small Cap,Manufacturing & Services,Diversified,579.15,2893.5,2025.45,0.43,-1.74,124.49,0.06,27.0,0.5,4.1
1268,Protean eGov,PROTEAN,Small Cap,Manufacturing & Services,Diversified,496.3,23.44,2016.03,2.01,5.86,250.96,12.69,28.0,0.5,4.1
1269,A C J K Exports,AEROPLANE,Small Cap,Manufacturing & Services,Diversified,194.29,16.25,2011.9,0.0,36.63,663.73,15.7,29.0,0.5,4.1
1270,MSP Steel & Pow.,MSPL,Small Cap,Metals & Mining,Metals & Mining,35.4,14.4,2006.46,0.0,21.98,826.52,9.69,25.0,3.0,19.8
1271,Sagar Cements,SAGCEM,Small Cap,Cement & Building Materials,Cement & Materials,152.86,0.0,1998.0,0.0,-28.1,706.07,1.97,26.0,3.0,19.8
1272,MV Electrosystems,MVELECTRO,Small Cap,Manufacturing & Services,Diversified,729.7,0.0,1990.82,0.0,-6.89,12.77,-15.09,32.0,0.5,4.1
1273,Insolation Ener,INA,Small Cap,Manufacturing & Services,Diversified,90.24,10.21,1989.36,0.11,38.03,740.7,22.2,33.0,0.5,4.1
1274,Camlin Fine,CAMLINFINE,Small Cap,Manufacturing & Services,Diversified,103.13,0.0,1981.09,0.0,-33.63,519.88,4.78,34.0,0.5,4.1
1275,Shanti Gold,SHANTIGOLD,Small Cap,Manufacturing & Services,Diversified,256.34,10.56,1967.14,0.0,50.48,716.38,33.49,10.0,0.5,4.1
1276,Vinyas Innovativ,VINYAS,Small Cap,Manufacturing & Services,Diversified,1559.35,63.57,1962.4,0.0,21.53,302.39,18.7,11.0,0.5,4.1
1277,Bodal Chemicals,BODALCHEM,Small Cap,Chemicals & Petrochemicals,Chemicals,155.62,28.53,1959.94,0.0,30.38,709.04,5.59,12.0,0.5,4.1
1278,HPL Electric,HPL,Small Cap,Manufacturing & Services,Diversified,304.15,20.55,1955.7,0.33,18.69,515.24,13.48,13.0,0.5,4.1
1279,Bharat Rasayan,BHARATRAS,Small Cap,Manufacturing & Services,Diversified,1171.8,14.02,1947.66,0.04,36.64,338.16,16.08,14.0,0.5,4.1
1280,Mukand,MUKANDLTD,Small Cap,Manufacturing & Services,Diversified,134.44,3.07,1942.6,1.49,57.36,1362.21,4.44,15.0,0.5,4.1
1281,Greenpanel Inds.,GREENPANEL,Small Cap,Power Utilities & Cleantech,Renewable Energy & Power,158.32,288.9,1941.44,0.32,1.23,349.81,-0.4,36.0,2.9,18.9
1282,Aayush Art,540718,Small Cap,Manufacturing & Services,Diversified,1267.7,246.02,1941.12,0.0,7.53,168.63,18.86,17.0,0.5,4.1
1283,Paushak,PAUSHAKLTD,Small Cap,Manufacturing & Services,Diversified,785.5,45.69,1936.8,0.32,15.1,83.55,8.3,18.0,0.5,4.1
1284,Syncom Formul.,SYNCOMF,Small Cap,Manufacturing & Services,Diversified,20.58,22.8,1934.52,0.49,24.59,124.66,26.84,19.0,0.5,4.1
1285,La Opala RG,LAOPALA,Small Cap,Manufacturing & Services,Diversified,173.9,20.42,1930.29,2.88,26.2,71.36,14.23,20.0,0.5,4.1
1286,Huhtamaki India,HUHTAMAKI,Small Cap,Manufacturing & Services,Diversified,255.0,14.12,1925.81,0.78,43.73,750.02,11.98,21.0,0.5,4.1
1287,Jindal Drilling,JINDRILL,Small Cap,Metals & Mining,Metals & Mining,663.05,9.86,1921.52,0.15,47.14,275.39,13.67,42.0,2.9,18.9
1288,Nucleus Soft.,NUCLEUS,Small Cap,Manufacturing & Services,Diversified,729.15,16.8,1919.51,1.71,23.87,210.43,16.83,23.0,0.5,4.1
1289,Vidya Wires,VIDYAWIRES,Small Cap,Manufacturing & Services,Diversified,90.13,30.59,1917.0,0.0,17.14,549.71,20.59,24.0,0.5,4.1
1290,Behari Lal Engg.,BLEL,Small Cap,Manufacturing & Services,Diversified,453.15,29.64,1916.94,0.0,0.0,0.0,30.89,25.0,0.5,4.1
1291,Team Lease Serv.,TEAMLEASE,Small Cap,Manufacturing & Services,Diversified,1250.6,12.49,1911.09,0.0,34.45,3034.69,14.62,26.0,0.5,4.1
1292,Macpower CNC,MACPOWER,Small Cap,Power Utilities & Cleantech,Renewable Energy & Power,1904.9,48.99,1905.69,0.08,9.58,95.24,29.11,17.0,2.9,18.9
1293,Indo Rama Synth.,INDORAMA,Small Cap,Manufacturing & Services,Diversified,72.96,11.62,1905.08,0.0,63.74,936.64,17.9,28.0,0.5,4.1
1294,Thirumalai Chem.,TIRUMALCHM,Small Cap,Chemicals & Petrochemicals,Chemicals,157.19,0.0,1894.97,0.0,-43.67,546.67,-3.15,29.0,0.5,4.1
1295,Virtuoso Optoel.,VOEPL,Small Cap,Manufacturing & Services,Diversified,553.2,107.66,1894.77,0.0,8.39,375.47,9.73,30.0,0.5,4.1
1296,Khazanchi Jewell,543953,Small Cap,Manufacturing & Services,Diversified,763.6,18.51,1889.67,0.07,27.83,585.72,34.79,31.0,0.5,4.1
1297,DCX Systems,DCXINDIA,Small Cap,Manufacturing & Services,Diversified,168.83,0.0,1880.54,0.0,-8.66,103.13,0.87,32.0,0.5,4.1
1298,Motisons Jewel,MOTISONS,Small Cap,Manufacturing & Services,Diversified,16.48,28.0,1874.61,0.0,11.05,107.33,17.86,33.0,0.5,4.1
1299,AWFIS Space,AWFIS,Small Cap,Manufacturing & Services,Diversified,260.8,22.0,1866.37,0.0,23.96,424.92,13.17,34.0,0.5,4.1
1300,Allcargo Logist.,ALLCARGO,Small Cap,Manufacturing & Services,Diversified,12.44,40.51,1863.24,8.84,14.0,546.0,4.83,10.0,0.5,4.1
1301,Hathway Cable,HATHWAY,Small Cap,Manufacturing & Services,Diversified,10.52,24.57,1862.15,0.0,24.56,565.1,2.62,11.0,0.5,4.1
1302,Zelio E-Mobility,544563,Small Cap,Manufacturing & Services,Diversified,878.9,66.32,1858.87,0.0,16.21,170.22,38.41,12.0,0.5,4.1
1303,RACL Geartech,RACLGEAR,Small Cap,IT & Software Services,IT & Software,1576.1,39.36,1857.92,0.1,8.77,127.63,16.55,68.0,1.0,8.4
1304,Millworks Technologies,544826,Small Cap,IT & Software Services,IT & Software,1054.75,50.07,1857.92,0.0,0.0,0.0,80.99,69.0,1.0,8.4
1305,Hinduja Global,HGS,Small Cap,Manufacturing & Services,Diversified,399.25,0.0,1857.32,1.25,-66.26,1050.36,1.46,15.0,0.5,4.1
1306,Shipping Land,SCILAL,Small Cap,Manufacturing & Services,Diversified,39.77,65.0,1852.48,1.38,14.02,7.86,1.31,16.0,0.5,4.1
1307,Tinna Rubber,TINNARUBR,Small Cap,Manufacturing & Services,Diversified,1028.2,30.03,1852.38,0.32,20.57,156.18,22.46,17.0,0.5,4.1
1308,Blue Cloud Soft.,BLUECLOUDS,Small Cap,Manufacturing & Services,Diversified,19.88,28.65,1835.09,0.0,17.95,292.52,14.16,18.0,0.5,4.1
1309,Capacit'e Infra.,CAPACITE,Small Cap,Manufacturing & Services,Diversified,216.22,9.87,1829.31,0.0,39.84,628.93,15.48,19.0,0.5,4.1
1310,AYM Syntex,AYMSYNTEX,Small Cap,Manufacturing & Services,Diversified,310.7,97.21,1826.54,0.0,8.67,351.03,5.35,20.0,0.5,4.1
1311,Creative Newtech,CNL,Small Cap,IT & Software Services,IT & Software,1215.5,24.78,1825.28,0.04,13.54,476.09,18.75,76.0,1.0,8.4
1312,Epack Durable,EPACK,Small Cap,Manufacturing & Services,Diversified,189.27,0.0,1821.32,0.0,11.82,886.02,4.54,22.0,0.5,4.1
1313,Krsnaa Diagnost.,KRSNAA,Small Cap,Manufacturing & Services,Diversified,560.0,18.36,1816.57,0.36,15.82,210.66,12.7,23.0,0.5,4.1
1314,EIH Assoc.Hotels,EIHAHOTELS,Small Cap,Manufacturing & Services,Diversified,297.65,20.22,1813.77,1.18,6.89,65.98,21.16,24.0,0.5,4.1
1315,GRM Overseas,GRMOVER,Small Cap,Manufacturing & Services,Diversified,87.53,23.72,1813.71,0.0,21.04,426.51,13.99,25.0,0.5,4.1
1316,Algoquant Fin,ALGOQUANT,Small Cap,Manufacturing & Services,Diversified,64.5,40.53,1813.07,0.0,16.52,77.87,31.43,26.0,0.5,4.1
1317,Brightcom Group,BCG,Small Cap,Manufacturing & Services,Diversified,8.98,1.79,1812.09,0.0,261.58,1752.18,14.87,27.0,0.5,4.1
1318,Grand Oak Canyon,GRANDOAK,Small Cap,Manufacturing & Services,Diversified,34.84,368.19,1807.79,0.0,-0.02,0.08,0.0,28.0,0.5,4.1
1319,Menon Bearings,MENONBE,Small Cap,Manufacturing & Services,Diversified,321.4,41.0,1801.13,0.62,14.11,91.79,25.5,29.0,0.5,4.1
1320,Spice LoungeFood,539895,Small Cap,Manufacturing & Services,Diversified,25.83,114.84,1800.67,0.0,4.81,40.14,6.42,30.0,0.5,4.1
1321,Insecticid.India,INSECTICID,Small Cap,Manufacturing & Services,Diversified,618.45,14.38,1799.56,0.32,43.87,611.52,15.81,31.0,0.5,4.1
1322,Servotech Renew,SERVOTECH,Small Cap,Power Utilities & Cleantech,Renewable Energy & Power,79.62,48.0,1798.18,0.06,8.06,215.79,12.82,17.0,2.7,18.0
1323,NGL Fine Chem,NGLFINE,Small Cap,Chemicals & Petrochemicals,Chemicals,2907.5,35.62,1796.84,0.06,16.45,136.71,16.69,33.0,0.5,4.1
1324,KS Smart Technlogies,516038,Small Cap,IT & Software Services,IT & Software,109.45,24.1,1795.75,0.0,3.8,233.43,0.0,49.0,1.0,8.4
1325,Titan Biotech,524717,Small Cap,IT & Software Services,IT & Software,434.05,52.93,1793.43,0.09,10.86,59.17,22.76,50.0,1.0,8.4
1326,Tarsons Products,TARSONS,Small Cap,Manufacturing & Services,Diversified,335.55,150.79,1785.34,0.0,-1.44,110.24,4.56,11.0,0.5,4.1
1327,Skyways Air Ser.,SKYWAYS,Small Cap,Manufacturing & Services,Diversified,122.72,44.03,1783.66,0.0,25.46,1328.2,13.22,12.0,0.5,4.1
1328,Yatra Online,YATRA,Small Cap,Manufacturing & Services,Diversified,113.49,51.74,1780.84,0.0,0.34,187.9,7.23,13.0,0.5,4.1
1329,Kapston Services,KAPSTON,Small Cap,Manufacturing & Services,Diversified,584.05,58.45,1777.39,0.0,8.49,220.13,14.95,14.0,0.5,4.1
1330,Diffusion Eng,DIFFNKG,Small Cap,Manufacturing & Services,Diversified,474.9,32.15,1777.37,0.32,16.68,110.11,15.78,15.0,0.5,4.1
1331,BGR Energy Sys.,BGRENERGY,Small Cap,Power Utilities & Cleantech,Renewable Energy & Power,246.26,0.0,1777.05,0.0,-223.29,15.79,-26.94,26.0,2.7,18.0
1332,PVP Ventures,PVP,Small Cap,Manufacturing & Services,Diversified,67.94,115.91,1769.18,0.0,11.06,45.64,6.37,17.0,0.5,4.1
1333,BF Investment,BFINVEST,Small Cap,Manufacturing & Services,Diversified,469.35,4.54,1767.57,2.13,145.99,11.28,4.86,18.0,0.5,4.1
1334,Rico Auto Inds,RICOAUTO,Small Cap,Automotive & 2W/3W,Auto Ancillary & Components,130.46,49.29,1765.12,0.42,-3.38,755.08,9.15,59.0,1.4,10.2
1335,Ardee Industries,ARDEE,Small Cap,Manufacturing & Services,Diversified,55.66,20.38,1754.41,0.0,19.9,338.81,49.08,20.0,0.5,4.1
1336,Oriental Aromat.,OAL,Small Cap,Manufacturing & Services,Diversified,519.9,328.88,1749.65,0.1,2.51,259.81,4.47,21.0,0.5,4.1
1337,I G Petrochems,IGPL,Small Cap,Chemicals & Petrochemicals,Chemicals,567.4,21.4,1747.3,0.88,66.44,617.8,3.11,22.0,0.5,4.1
1338,Jai Corp,JAICORPLTD,Small Cap,Manufacturing & Services,Diversified,99.52,18.49,1746.63,0.5,28.2,157.58,11.75,23.0,0.5,4.1
1339,India Glycols,INDIAGLYCO,Small Cap,Manufacturing & Services,Diversified,260.4,5.51,1745.38,2.88,96.83,1130.39,12.4,24.0,0.5,4.1
1340,Indokem,INDOKEM,Small Cap,Manufacturing & Services,Diversified,625.55,778.82,1744.55,0.0,1.07,46.63,6.29,25.0,0.5,4.1
1341,Disa India,DISAQ,Small Cap,Manufacturing & Services,Diversified,11990.0,32.51,1743.59,1.67,10.58,87.16,26.63,26.0,0.5,4.1
1342,Vidhi Specialty,VIDHIING,Small Cap,Manufacturing & Services,Diversified,347.75,32.43,1736.84,0.86,17.13,146.28,18.76,27.0,0.5,4.1
1343,Suraksha Diagno.,SURAKSHA,Small Cap,Manufacturing & Services,Diversified,332.45,48.36,1731.42,0.15,12.85,87.65,17.29,28.0,0.5,4.1
1344,PTC India Fin,PFS,Small Cap,Manufacturing & Services,Diversified,26.94,7.7,1730.31,0.0,40.24,103.31,11.82,29.0,0.5,4.1
1345,Hypersoft Tech.,539724,Small Cap,IT & Software Services,IT & Software,203.9,421.02,1721.97,0.0,10.17,77.53,0.0,70.0,1.0,8.4
1346,NDR Auto Compon.,NDRAUTO,Small Cap,Automotive & 2W/3W,Auto Ancillary & Components,723.45,26.31,1720.75,0.55,16.4,221.45,22.18,71.0,1.4,10.2
1347,Go Fashion (I),GOCOLORS,Small Cap,Manufacturing & Services,Diversified,326.65,32.17,1718.05,0.0,16.49,222.84,10.76,32.0,0.5,4.1
1348,Goodyear India,GOODYEAR,Small Cap,Manufacturing & Services,Diversified,741.5,27.84,1710.64,3.57,6.51,774.35,17.4,33.0,0.5,4.1
1349,Spandana Sphoort,SPANDANA,Small Cap,Manufacturing & Services,Diversified,239.81,0.0,1709.97,0.0,11.88,283.91,-5.78,34.0,0.5,4.1
1350,Deepa Jewellers,id,Small Cap,Manufacturing & Services,Diversified,0.0,16.24,1701.4,0.0,48.61,812.19,51.56,10.0,0.5,4.1
1351,SMC Global Sec.,SMCGLOBAL,Small Cap,Manufacturing & Services,Diversified,81.25,15.63,1701.38,1.48,36.73,515.08,11.38,11.0,0.5,4.1
1352,Meghmani Organi.,MOL,Small Cap,Manufacturing & Services,Diversified,66.66,26.39,1695.26,0.0,48.19,542.83,6.71,12.0,0.5,4.1
1353,Accelya Solution,ACCELYA,Small Cap,Cement & Building Materials,Cement & Materials,1131.0,16.26,1688.16,3.98,30.45,127.12,49.42,18.0,2.5,16.7
1354,Danish Power,DANISH,Small Cap,Power Utilities & Cleantech,Renewable Energy & Power,854.1,24.02,1681.86,0.23,41.17,309.84,23.75,19.0,2.5,16.7
1355,K.P. Energy,KPEL,Small Cap,Power Utilities & Cleantech,Renewable Energy & Power,247.32,9.21,1676.78,0.26,26.08,519.46,39.22,20.0,2.5,16.7
1356,M T N L,MTNL,Small Cap,Manufacturing & Services,Diversified,26.55,0.0,1672.65,0.0,-842.36,216.89,-2.25,16.0,0.5,4.1
1357,Quadrant Future,QUADFUTURE,Small Cap,Manufacturing & Services,Diversified,417.9,0.0,1671.6,0.0,-9.13,40.59,-15.85,17.0,0.5,4.1
1358,Studds Accessor.,STUDDS,Small Cap,Cement & Building Materials,Cement & Materials,424.2,22.34,1669.37,0.71,12.3,169.68,22.93,23.0,2.5,16.7
1359,Garuda Cons,GARUDA,Small Cap,Manufacturing & Services,Diversified,178.73,12.22,1662.94,0.01,41.56,175.38,41.81,19.0,0.5,4.1
1360,Indo Borax & Ch.,INDOBORAX,Small Cap,Manufacturing & Services,Diversified,514.9,33.75,1652.31,1.94,16.25,70.36,15.37,20.0,0.5,4.1
1361,Shalby,SHALBY,Small Cap,Capital Goods & Engineering,Capital Goods,152.71,41.94,1649.42,0.0,10.5,331.22,6.12,21.0,0.5,4.1
1362,Media Matrix,MMWL,Small Cap,Manufacturing & Services,Diversified,14.53,231.81,1645.87,0.0,3.58,428.45,9.78,22.0,0.5,4.1
1363,IKIO Tech,IKIO,Small Cap,IT & Software Services,IT & Software,212.34,35.29,1640.98,0.0,11.05,169.29,9.49,48.0,1.0,8.4
1364,Asian Hotels (N),ASIANHOTNR,Small Cap,Manufacturing & Services,Diversified,384.75,122.14,1640.31,0.0,-3.54,77.63,3.52,24.0,0.5,4.1
1365,PNGS Reva Diamo.,PNGSREVA,Small Cap,Manufacturing & Services,Diversified,516.35,19.39,1636.75,0.0,27.21,117.97,22.0,25.0,0.5,4.1
1366,Wendt India,WENDT,Small Cap,Manufacturing & Services,Diversified,8160.0,96.28,1632.0,0.37,6.18,71.28,7.82,26.0,0.5,4.1
1367,Aurum Proptech,AURUM,Small Cap,IT & Software Services,IT & Software,225.16,1727.35,1623.71,0.0,45.18,111.84,1.33,52.0,1.0,8.4
1368,Avadh Sugar,AVADHSUGAR,Small Cap,Manufacturing & Services,Diversified,809.5,24.1,1620.49,1.24,0.23,779.25,6.83,28.0,0.5,4.1
1369,Suryoday Small,SURYODAY,Small Cap,Manufacturing & Services,Diversified,152.07,8.42,1616.45,0.99,75.18,622.36,7.33,29.0,0.5,4.1
1370,Balmer Law. Inv.,BLIL,Small Cap,Manufacturing & Services,Diversified,72.53,8.98,1609.97,5.93,72.59,751.14,16.91,30.0,0.5,4.1
1371,Bharat Global,521238,Small Cap,Manufacturing & Services,Diversified,158.8,0.0,1608.0,0.0,-1.12,0.0,-0.04,31.0,0.5,4.1
1372,Aeroflex Enter.,AEROENTER,Small Cap,Manufacturing & Services,Diversified,141.81,10.56,1604.78,0.28,103.22,189.0,12.63,32.0,0.5,4.1
1373,5paisa Capital,5PAISA,Small Cap,Manufacturing & Services,Diversified,342.1,36.28,1603.84,0.0,11.57,88.33,9.94,33.0,0.5,4.1
1374,Renaiss. Global,RGL,Small Cap,Manufacturing & Services,Diversified,149.26,14.69,1602.58,0.0,25.64,780.45,8.0,34.0,0.5,4.1
1375,D-Link India,DLINKINDIA,Small Cap,Manufacturing & Services,Diversified,451.15,14.93,1601.8,5.76,27.61,456.96,25.89,10.0,0.5,4.1
1376,Glass Wall Syst.,id,Small Cap,Manufacturing & Services,Diversified,0.0,37.24,1600.42,0.0,0.0,0.0,41.3,11.0,0.5,4.1
1377,Updater Services,UDS,Small Cap,Manufacturing & Services,Diversified,239.03,17.54,1600.38,0.42,30.28,764.29,9.92,12.0,0.5,4.1
1378,Jagsonpal Pharma,JAGSNPHARM,Small Cap,Pharmaceuticals & Healthcare,Pharma & Healthcare,242.06,33.96,1596.57,1.65,13.19,82.23,22.73,13.0,0.5,4.1
1379,India Pesticides,IPL,Small Cap,Manufacturing & Services,Diversified,138.34,14.8,1593.17,0.54,22.77,251.76,16.63,14.0,0.5,4.1
1380,InfoBeans Tech.,INFOBEAN,Small Cap,IT & Software Services,IT & Software,162.08,18.5,1571.77,0.31,21.62,152.77,29.18,65.0,1.0,8.4
1381,Vikran Engg.,VIKRAN,Small Cap,Manufacturing & Services,Diversified,60.77,17.25,1567.33,0.3,3.99,141.59,16.85,16.0,0.5,4.1
1382,Summit Securitie,SUMMITSEC,Small Cap,Manufacturing & Services,Diversified,1434.2,13.06,1563.53,0.0,35.29,40.89,1.52,17.0,0.5,4.1
1383,Meghna Infracon,MIIL,Small Cap,Manufacturing & Services,Diversified,717.05,343.11,1557.7,0.01,0.57,8.43,31.33,18.0,0.5,4.1
1384,TTK Healthcare,TTKHLTCARE,Small Cap,Manufacturing & Services,Diversified,1100.2,20.3,1554.62,0.91,21.28,257.56,8.04,19.0,0.5,4.1
1385,Magellanic Cloud,MCLOUD,Small Cap,Manufacturing & Services,Diversified,26.29,13.88,1548.66,0.11,23.7,180.28,19.79,20.0,0.5,4.1
1386,Sobhagya Mercant,512014,Small Cap,Manufacturing & Services,Diversified,1485.45,75.35,1544.72,0.0,4.08,41.37,23.44,21.0,0.5,4.1
1387,M & B Engineer.,MBEL,Small Cap,Manufacturing & Services,Diversified,270.15,15.85,1544.2,0.37,21.9,291.1,22.94,22.0,0.5,4.1
1388,Genesys Intl.,GENESYS,Small Cap,Manufacturing & Services,Diversified,230.88,44.36,1543.77,0.0,5.28,81.36,8.23,23.0,0.5,4.1
1389,SPML Infra,SPMLINFRA,Small Cap,Manufacturing & Services,Diversified,181.41,18.06,1539.15,0.0,22.68,284.28,6.76,24.0,0.5,4.1
1390,Hi-Tech Pipes,HITECH,Small Cap,IT & Software Services,IT & Software,75.77,20.44,1538.95,0.03,20.04,1412.8,9.77,75.0,1.0,8.4
1391,Som Distilleries,SDBL,Small Cap,Manufacturing & Services,Diversified,74.0,0.0,1538.47,0.0,1.56,268.63,5.68,26.0,0.5,4.1
1392,Sh.Pushkar Chem.,SHREEPUSHK,Small Cap,Chemicals & Petrochemicals,Chemicals,475.25,21.32,1536.85,0.44,22.93,280.07,12.97,27.0,0.5,4.1
1393,Hindware Home In,HINDWAREAP,Small Cap,Manufacturing & Services,Diversified,182.61,0.0,1527.47,0.0,4.37,625.25,7.07,28.0,0.5,4.1
1394,Frontier Springs,FRONTSP,Small Cap,Manufacturing & Services,Diversified,1291.8,26.05,1526.33,0.05,12.01,78.46,50.63,29.0,0.5,4.1
1395,Modison,MODISONLTD,Small Cap,Manufacturing & Services,Diversified,469.95,14.22,1524.99,1.17,33.84,270.47,30.98,30.0,0.5,4.1
1396,Guj.Nat.Resour.,GNRL,Small Cap,Manufacturing & Services,Diversified,99.27,78.86,1522.83,0.0,11.35,5.72,7.25,31.0,0.5,4.1
1397,Rajputana Stain.,RSL,Small Cap,Manufacturing & Services,Diversified,181.5,25.78,1516.75,0.28,20.2,306.54,25.22,32.0,0.5,4.1
1398,Krishna Defence,KRISHNADEF,Small Cap,Manufacturing & Services,Diversified,1013.2,36.93,1514.51,0.12,11.67,57.6,31.07,33.0,0.5,4.1
1399,One Mobikwik,MOBIKWIK,Small Cap,Manufacturing & Services,Diversified,192.12,514.59,1512.89,0.0,7.62,281.48,-2.25,34.0,0.5,4.1
1400,Shree Refrigerat,544458,Small Cap,Manufacturing & Services,Diversified,419.9,69.81,1503.09,0.0,19.96,103.16,13.84,10.0,0.5,4.1
1401,Delta Corp,DELTACORP,Small Cap,Manufacturing & Services,Diversified,56.12,9.75,1502.73,0.89,-212.57,168.55,5.08,11.0,0.5,4.1
1402,Chamanlal Setia,CLSEL,Small Cap,Manufacturing & Services,Diversified,301.9,12.0,1501.22,0.99,31.99,345.92,18.32,12.0,0.5,4.1
1403,One Point One,ONEPOINT,Micro Cap,Manufacturing & Services,Diversified,57.01,32.55,1499.0,0.0,16.31,158.32,10.88,13.0,0.5,4.1
1404,Dollar Industrie,DOLLAR,Micro Cap,Manufacturing & Services,Diversified,264.25,13.55,1498.72,1.14,24.46,389.07,13.64,14.0,0.5,4.1
1405,PNB Gilts,PNBGILTS,Micro Cap,Manufacturing & Services,Diversified,83.08,14.77,1495.52,2.41,80.7,454.56,6.14,15.0,0.5,4.1
1406,Manali Petrochem,MANALIPETC,Micro Cap,Chemicals & Petrochemicals,Chemicals,86.76,12.56,1492.27,0.58,64.36,274.72,7.24,16.0,0.5,4.1
1407,Q-Line Biotech,QLINE,Micro Cap,IT & Software Services,IT & Software,639.6,26.42,1492.07,0.0,34.41,197.94,22.46,52.0,1.0,8.4
1408,Asian Granito,ASIANTILES,Micro Cap,Manufacturing & Services,Diversified,50.26,114.45,1490.08,0.0,8.07,530.95,2.85,18.0,0.5,4.1
1409,Onix Solar,ONIXSOLAR,Micro Cap,Power Utilities & Cleantech,Renewable Energy & Power,403.2,24.73,1486.51,0.0,20.83,93.74,10.21,44.0,2.2,14.5
1410,GTL Infra.,GTLINFRA,Micro Cap,Manufacturing & Services,Diversified,1.16,0.0,1485.89,0.0,69.39,327.31,0.0,20.0,0.5,4.1
1411,SpiceJet,SPICEJET,Micro Cap,Manufacturing & Services,Diversified,9.73,0.0,1484.89,0.0,-269.27,1384.31,9.1,21.0,0.5,4.1
1412,Nitta Gelatin,NITTAGELA,Micro Cap,Manufacturing & Services,Diversified,1632.5,14.27,1482.31,0.43,25.18,140.87,27.7,22.0,0.5,4.1
1413,Accent Microcell,ACCENTMIC,Micro Cap,Cement & Building Materials,Cement & Materials,617.8,33.79,1482.04,0.16,25.79,209.67,24.88,18.0,2.2,14.5
1414,IFGL Refractori.,IFGLEXPOR,Micro Cap,Manufacturing & Services,Diversified,204.69,34.44,1475.38,1.05,17.06,512.37,4.92,24.0,0.5,4.1
1415,Belding India,513307,Micro Cap,Manufacturing & Services,Diversified,1018.55,0.0,1474.74,0.0,-4.13,0.22,0.53,25.0,0.5,4.1
1416,Arfin India,ARFIN,Micro Cap,Manufacturing & Services,Diversified,87.24,91.37,1471.93,0.13,3.53,207.96,13.96,26.0,0.5,4.1
1417,Seshasayee Paper,SESHAPAPER,Micro Cap,Manufacturing & Services,Diversified,233.09,14.85,1470.06,0.86,31.91,492.08,5.6,27.0,0.5,4.1
1418,Fermenta Biotec.,FERMENTA,Micro Cap,Manufacturing & Services,Diversified,498.5,26.8,1467.13,0.75,9.53,121.82,20.57,28.0,0.5,4.1
1419,Texmaco Infrast.,TEXINFRA,Micro Cap,Manufacturing & Services,Diversified,115.02,161.59,1465.66,0.13,1.62,3.61,1.35,29.0,0.5,4.1
1420,Amrutanjan Healt,AMRUTANJAN,Micro Cap,Manufacturing & Services,Diversified,505.45,23.49,1461.29,0.97,4.37,102.97,24.84,30.0,0.5,4.1
1421,Valiant Commun.,526775,Micro Cap,Manufacturing & Services,Diversified,1246.2,53.49,1457.07,0.12,7.79,25.42,39.73,31.0,0.5,4.1
1422,Shankesh Jewellers,SHANKESH,Micro Cap,Manufacturing & Services,Diversified,98.92,13.64,1454.43,0.0,0.0,0.0,50.26,32.0,0.5,4.1
1423,S P I C,SPIC,Micro Cap,Manufacturing & Services,Diversified,71.28,7.08,1451.55,2.81,60.18,848.81,17.5,33.0,0.5,4.1
1424,Technocraft Ven.,TECHNOCRAF,Micro Cap,IT & Software Services,IT & Software,366.1,32.46,1449.98,0.0,10.69,92.7,0.0,69.0,1.0,8.4
1425,Navkar Corporat.,NAVKARCORP,Micro Cap,Manufacturing & Services,Diversified,96.24,36.24,1448.6,0.0,12.28,190.75,3.06,10.0,0.5,4.1
1426,Digitide Solutio,DIGITIDE,Micro Cap,Manufacturing & Services,Diversified,97.01,1280.7,1447.19,0.0,2.93,775.07,10.26,11.0,0.5,4.1
1427,Steel Exchange,STEELXIND,Micro Cap,Metals & Mining,Metals & Mining,11.34,45.5,1446.44,0.0,15.03,269.71,9.34,32.0,2.2,14.5
1428,Divine Power,DPEL,Micro Cap,Power Utilities & Cleantech,Renewable Energy & Power,578.75,54.09,1444.85,0.0,18.88,346.47,0.0,33.0,2.2,14.5
1429,KP Green Engg.,544150,Micro Cap,Power Utilities & Cleantech,Renewable Energy & Power,288.5,10.62,1442.5,0.09,77.44,713.5,36.69,34.0,2.2,14.5
1430,Gretex Corporate,GCSL,Micro Cap,Manufacturing & Services,Diversified,595.15,52.76,1437.84,0.12,12.8,37.52,16.67,15.0,0.5,4.1
1431,Ruby Mills,RUBYMILLS,Micro Cap,Textiles & Apparel,Textiles,428.3,33.05,1432.24,0.58,11.82,91.48,6.8,56.0,1.1,8.2
1432,Pranav Construc.,id,Micro Cap,Manufacturing & Services,Diversified,0.0,23.26,1431.95,0.0,0.0,0.0,33.86,17.0,0.5,4.1
1433,Kothari Indl,KOTIC,Micro Cap,Manufacturing & Services,Diversified,132.47,0.0,1430.96,0.0,-28.9,52.44,-28.92,18.0,0.5,4.1
1434,Citurgia Biochem,506373,Micro Cap,Chemicals & Petrochemicals,Chemicals,107.6,0.0,1421.35,0.0,-0.08,0.0,0.0,19.0,0.5,4.1
1435,Ceinsys Tech,CEINSYS,Micro Cap,IT & Software Services,IT & Software,677.85,10.61,1419.26,0.52,30.95,157.79,27.46,80.0,1.0,8.4
1436,Assoc.Alcohols,ASALCBR,Micro Cap,Manufacturing & Services,Diversified,706.35,17.14,1418.29,0.28,17.92,280.86,17.99,21.0,0.5,4.1
1437,Walchan. Inds.,WALCHANNAG,Micro Cap,Manufacturing & Services,Diversified,208.61,0.0,1416.56,0.0,1.18,90.83,4.17,22.0,0.5,4.1
1438,GPT Infraproject,GPTINFRA,Micro Cap,Manufacturing & Services,Diversified,112.1,14.39,1416.55,2.45,24.34,302.07,21.4,23.0,0.5,4.1
1439,Vivid Electromech,VIVIDEL,Micro Cap,Manufacturing & Services,Diversified,1591.6,44.75,1414.58,0.0,22.16,129.57,58.63,24.0,0.5,4.1
1440,STL Networks,STLNETWORK,Micro Cap,Manufacturing & Services,Diversified,28.87,0.0,1409.17,0.0,-21.88,176.15,0.48,25.0,0.5,4.1
1441,Rajesh Power,544291,Micro Cap,Power Utilities & Cleantech,Renewable Energy & Power,782.4,10.21,1408.9,0.13,79.48,990.12,48.56,16.0,2.1,14.1
1442,TAAL Tech,TAALTECH,Micro Cap,IT & Software Services,IT & Software,4502.2,22.57,1403.04,1.44,19.43,64.81,27.48,47.0,1.0,8.4
1443,GYFTR,GYFTR,Micro Cap,Manufacturing & Services,Diversified,182.54,64.29,1402.06,0.0,5.28,158.19,6.77,28.0,0.5,4.1
1444,Expleo Solutions,EXPLEOSOL,Micro Cap,Manufacturing & Services,Diversified,899.0,9.5,1395.22,12.24,34.18,291.55,24.25,29.0,0.5,4.1
1445,India Motor Part,IMPAL,Micro Cap,Automotive & 2W/3W,Auto Ancillary & Components,1114.6,14.22,1391.02,2.96,21.7,234.29,4.53,70.0,1.1,8.2
1446,JOJO,531910,Micro Cap,Manufacturing & Services,Diversified,201.25,204.7,1387.85,0.01,1.09,4.15,19.49,31.0,0.5,4.1
1447,Elitecon Inter.,ELITECON,Micro Cap,Manufacturing & Services,Diversified,8.68,4.33,1387.5,0.58,103.57,1741.26,0.0,32.0,0.5,4.1
1448,AVT Natural Prod,AVTNPL,Micro Cap,Manufacturing & Services,Diversified,91.02,16.55,1386.23,0.88,31.1,241.21,14.22,33.0,0.5,4.1
1449,Sunshine Picture,SUNSHINE,Micro Cap,Manufacturing & Services,Diversified,441.45,34.74,1375.06,0.0,0.0,0.0,40.96,34.0,0.5,4.1
1450,Yuken India,YUKEN,Micro Cap,Manufacturing & Services,Diversified,1010.8,87.79,1373.07,0.15,5.21,134.33,7.4,10.0,0.5,4.1
1451,Andrew Yule & Co,ANDREWYU,Micro Cap,Manufacturing & Services,Diversified,27.93,0.0,1365.64,0.0,-2.34,58.3,-6.25,11.0,0.5,4.1
1452,Kross Ltd,KROSS,Micro Cap,Manufacturing & Services,Diversified,211.57,23.6,1364.83,0.0,13.31,184.34,16.44,12.0,0.5,4.1
1453,Gujarat Kidney,GKSL,Micro Cap,Manufacturing & Services,Diversified,172.81,86.07,1362.49,0.0,5.32,34.29,14.48,13.0,0.5,4.1
1454,DCW,DCW,Micro Cap,Manufacturing & Services,Diversified,45.98,19.02,1357.12,0.22,34.55,541.91,9.69,14.0,0.5,4.1
1455,NIIT,NIITLTD,Micro Cap,Manufacturing & Services,Diversified,98.96,96.52,1355.69,1.01,7.52,95.65,2.24,15.0,0.5,4.1
1456,SKM Egg Prod.,SKMEGGPROD,Micro Cap,Manufacturing & Services,Diversified,257.1,12.16,1353.89,0.49,23.82,184.26,30.0,16.0,0.5,4.1
1457,IZMO,IZMO,Micro Cap,Manufacturing & Services,Diversified,902.45,25.15,1351.9,0.0,12.2,65.38,12.58,17.0,0.5,4.1
1458,RIR Power Electr,RIR,Micro Cap,Power Utilities & Cleantech,Renewable Energy & Power,169.86,189.57,1351.62,0.12,1.39,23.95,7.93,33.0,2.0,13.2
1459,All Time Plastic,ALLTIME,Micro Cap,Manufacturing & Services,Diversified,206.08,35.44,1349.98,0.0,12.1,161.06,11.57,19.0,0.5,4.1
1460,Punjab Chemicals,PUNJABCHEM,Micro Cap,Chemicals & Petrochemicals,Chemicals,1100.3,20.15,1348.97,0.27,22.07,347.24,18.55,20.0,0.5,4.1
1461,Andhra Sugars,ANDHRSUGAR,Micro Cap,Manufacturing & Services,Diversified,99.51,11.47,1348.71,1.0,46.63,627.11,8.44,21.0,0.5,4.1
1462,Allcargo Global,AGL,Micro Cap,Manufacturing & Services,Diversified,13.65,0.0,1341.5,0.0,-28.0,3522.0,-6.09,22.0,0.5,4.1
1463,Dynacons Sys.,DSSL,Micro Cap,Manufacturing & Services,Diversified,1053.1,15.83,1341.34,0.05,19.56,311.19,29.73,23.0,0.5,4.1
1464,Ugro Capital,UGROCAP,Micro Cap,Manufacturing & Services,Diversified,86.35,9.58,1340.91,0.0,60.71,417.41,10.12,24.0,0.5,4.1
1465,B.L.Kashyap,BLKASHYAP,Micro Cap,Manufacturing & Services,Diversified,59.34,36.34,1337.76,0.0,10.0,345.12,13.03,25.0,0.5,4.1
1466,Den Networks,DEN,Micro Cap,Manufacturing & Services,Diversified,27.97,9.0,1334.8,0.0,34.59,242.77,3.23,26.0,0.5,4.1
1467,Igarashi Motors,IGARASHI,Micro Cap,Automotive & 2W/3W,Auto Ancillary & Components,422.75,81.13,1330.61,0.31,6.77,250.87,4.58,42.0,1.1,8.2
1468,Century Enka,CENTENKA,Micro Cap,Manufacturing & Services,Diversified,608.9,8.93,1330.45,1.81,61.31,554.29,8.26,28.0,0.5,4.1
1469,Bhageria Indust.,BHAGERIA,Micro Cap,Manufacturing & Services,Diversified,304.65,17.91,1329.62,0.82,35.94,284.02,11.01,29.0,0.5,4.1
1470,Bharat Seats,BHARATSE,Micro Cap,Manufacturing & Services,Diversified,211.69,28.13,1329.41,0.71,13.21,577.83,20.19,30.0,0.5,4.1
1471,Sigachi Indust.,SIGACHI,Micro Cap,Manufacturing & Services,Diversified,34.74,59.05,1327.47,0.29,8.15,121.27,6.24,31.0,0.5,4.1
1472,Jagran Prakashan,JAGRAN,Micro Cap,Manufacturing & Services,Diversified,60.98,7.04,1327.26,11.48,61.23,499.35,12.15,32.0,0.5,4.1
1473,Sai Silks,KALAMANDIR,Micro Cap,Manufacturing & Services,Diversified,86.49,9.72,1326.46,1.73,25.64,375.08,14.41,33.0,0.5,4.1
1474,Benares Hotels,BENARAS,Micro Cap,Manufacturing & Services,Diversified,10200.0,30.13,1326.0,0.25,8.25,33.89,29.83,34.0,0.5,4.1
1475,NINtec Systems,NINSYS,Micro Cap,Manufacturing & Services,Diversified,712.75,39.45,1324.0,0.0,9.2,45.86,53.97,10.0,0.5,4.1
1476,Jay Bharat Maru.,JAYBARMARU,Micro Cap,Manufacturing & Services,Diversified,122.29,9.73,1323.79,0.57,21.2,626.79,16.44,11.0,0.5,4.1
1477,Gala Precis. Eng,GALAPREC,Micro Cap,Manufacturing & Services,Diversified,1024.0,34.48,1312.38,0.0,8.19,75.38,15.6,12.0,0.5,4.1
1478,Shriram Properti,SHRIRAMPPS,Micro Cap,Banking & Financial Services,BFSI,76.9,14.38,1312.33,0.0,11.04,224.28,8.04,13.0,0.5,4.1
1479,Innovassynth Technologies,533315,Micro Cap,IT & Software Services,IT & Software,141.25,0.0,1311.66,0.0,6.74,55.99,-24.87,84.0,1.0,8.4
1480,GHCL Textiles,GHCLTEXTIL,Micro Cap,IT & Software Services,IT & Software,136.72,13.58,1306.85,0.44,39.35,408.94,5.75,45.0,1.0,8.4
1481,Signpost India,SIGNPOST,Micro Cap,Manufacturing & Services,Diversified,244.25,17.78,1305.52,0.2,18.69,152.26,25.13,16.0,0.5,4.1
1482,Eimco Elecon(I),EIMCOELECO,Micro Cap,Manufacturing & Services,Diversified,2254.4,32.84,1300.79,0.18,15.38,77.52,10.29,17.0,0.5,4.1
1483,Manaksia Coated,MANAKCOAT,Micro Cap,Manufacturing & Services,Diversified,121.8,31.85,1298.8,0.04,14.1,262.14,17.83,18.0,0.5,4.1
1484,GPT Healthcare,GPTHEALTH,Micro Cap,Manufacturing & Services,Diversified,158.17,27.46,1297.86,1.58,12.73,126.2,19.94,19.0,0.5,4.1
1485,Excel Industries,EXCELINDUS,Micro Cap,Manufacturing & Services,Diversified,1031.4,18.16,1296.54,1.33,29.47,293.83,6.06,20.0,0.5,4.1
1486,Prizor Viztech,PRIZOR,Micro Cap,IT & Software Services,IT & Software,1200.4,62.43,1295.98,0.0,14.84,105.93,37.7,51.0,1.0,8.4
1487,Solarworld Ene.,SOLARWORLD,Micro Cap,Power Utilities & Cleantech,Renewable Energy & Power,149.32,11.05,1294.2,0.0,9.5,168.42,23.8,32.0,2.0,13.2
1488,Pashupati Cotsp.,PASHUPATI,Micro Cap,Manufacturing & Services,Diversified,81.94,82.96,1293.34,0.06,7.24,122.11,10.07,23.0,0.5,4.1
1489,Atul Auto,ATULAUTO,Micro Cap,Automotive & 2W/3W,2W & 3W OEM,465.15,26.75,1290.85,0.64,8.04,218.43,11.32,64.0,1.0,7.3
1490,Andhra Paper,ANDHRAPAP,Micro Cap,Manufacturing & Services,Diversified,64.45,46.38,1281.59,0.78,30.32,393.77,0.04,25.0,0.5,4.1
1491,Onida Electronics,ONIDA,Micro Cap,Manufacturing & Services,Diversified,34.64,0.0,1280.04,0.0,-14.18,182.41,-16.44,26.0,0.5,4.1
1492,Poojaa Precision Engg.,544844,Micro Cap,Manufacturing & Services,Diversified,641.3,41.43,1279.07,0.0,0.0,0.0,33.41,27.0,0.5,4.1
1493,Capital Small,CAPITALSFB,Micro Cap,Manufacturing & Services,Diversified,280.95,8.48,1277.34,1.78,41.3,288.18,7.07,28.0,0.5,4.1
1494,Ultramarine Pig.,ULTRAMAR,Micro Cap,Manufacturing & Services,Diversified,437.15,15.62,1276.48,1.37,27.97,218.87,10.09,29.0,0.5,4.1
1495,Inv.& Prec.Cast.,INVPRECQ,Micro Cap,Manufacturing & Services,Diversified,1273.6,85.3,1273.6,0.08,4.99,53.38,14.39,30.0,0.5,4.1
1496,Safe Enterprises,SAFEENTP,Micro Cap,Manufacturing & Services,Diversified,273.0,19.7,1272.3,0.0,30.61,106.04,47.03,31.0,0.5,4.1
1497,Platinum Industr,PLATIND,Micro Cap,Manufacturing & Services,Diversified,231.54,25.06,1271.73,0.0,11.13,108.94,15.74,32.0,0.5,4.1
1498,Avishkar Infra,508929,Micro Cap,Manufacturing & Services,Diversified,567.2,0.0,1270.71,0.0,-0.35,0.0,2.34,33.0,0.5,4.1
1499,Ivalue Infosolut,IVALUE,Micro Cap,Manufacturing & Services,Diversified,230.26,11.76,1260.76,0.0,15.72,179.73,25.37,34.0,0.5,4.1
1500,Sula Vineyards,SULA,Micro Cap,Manufacturing & Services,Diversified,149.0,48.54,1258.26,1.34,1.06,112.87,7.55,10.0,0.5,4.1
1501,Dhanlaxmi Bank,DHANBANK,Micro Cap,Banking & Financial Services,BFSI,31.86,10.89,1257.51,0.0,24.91,449.36,5.81,11.0,0.5,4.1
1502,Keltech Energies,506528,Micro Cap,IT & Software Services,IT & Software,12540.4,47.9,1254.04,0.01,8.08,183.28,20.41,67.0,1.0,8.4
1503,3B Blackbio,3BBLACKBIO,Micro Cap,Manufacturing & Services,Diversified,1460.1,22.57,1253.16,0.27,8.98,33.49,25.48,13.0,0.5,4.1
1504,Electrotherm(I),ELECTHERM,Micro Cap,Manufacturing & Services,Diversified,980.9,0.0,1249.94,0.0,6.93,913.38,0.45,14.0,0.5,4.1
1505,Dolat Algotech,DOLATALGO,Micro Cap,IT & Software Services,IT & Software,70.91,8.67,1248.02,0.14,53.82,114.25,16.32,70.0,1.0,8.4
1506,Bharat Wire,BHARATWIRE,Micro Cap,Manufacturing & Services,Diversified,181.32,18.05,1247.17,0.0,12.23,130.39,12.32,16.0,0.5,4.1
1507,Lincoln Pharma.,LINCOLN,Micro Cap,Pharmaceuticals & Healthcare,Pharma & Healthcare,620.8,12.89,1243.45,0.29,36.23,177.28,16.27,17.0,0.5,4.1
1508,Bhagyanagar Ind,BHAGYANGR,Micro Cap,Manufacturing & Services,Diversified,370.45,19.74,1240.88,0.0,20.25,705.08,20.71,18.0,0.5,4.1
1509,Saraswati Commer,ZSARACOM,Micro Cap,Manufacturing & Services,Diversified,11302.0,9.36,1238.62,0.0,63.56,75.58,10.86,19.0,0.5,4.1
1510,Godavari Bioref.,GODAVARIB,Micro Cap,Manufacturing & Services,Diversified,241.7,42.64,1236.92,0.0,-19.32,557.88,6.55,20.0,0.5,4.1
1511,Astec Lifescienc,ASTEC,Micro Cap,Manufacturing & Services,Diversified,554.45,0.0,1235.47,0.0,-18.71,83.56,-5.44,21.0,0.5,4.1
1512,Panorama Studios,PANORAMA,Micro Cap,Manufacturing & Services,Diversified,47.41,51.17,1235.2,0.12,12.71,183.07,8.7,22.0,0.5,4.1
1513,Advit Jewels,RAMBHAJO,Micro Cap,Manufacturing & Services,Diversified,268.68,33.6,1230.82,0.0,8.19,35.32,32.17,23.0,0.5,4.1
1514,Raj Rayon Inds.,RAJRILTD,Micro Cap,Manufacturing & Services,Diversified,22.09,35.32,1228.39,0.0,6.86,204.46,13.6,24.0,0.5,4.1
1515,Arrow Greentech,ARROWGREEN,Micro Cap,Power Utilities & Cleantech,Renewable Energy & Power,814.1,19.24,1228.31,0.61,27.43,87.84,29.62,30.0,2.0,13.2
1516,Alldigi Tech,ALLDIGI,Micro Cap,IT & Software Services,IT & Software,805.85,13.32,1227.98,7.45,18.12,150.28,27.89,81.0,1.0,8.4
1517,Roto Pumps,ROTO,Micro Cap,Manufacturing & Services,Diversified,65.03,44.21,1225.46,1.23,9.25,75.6,14.81,27.0,0.5,4.1
1518,Xtranet Techno.,XTRANET,Micro Cap,IT & Software Services,IT & Software,234.24,28.58,1224.74,0.0,6.04,50.46,32.81,83.0,1.0,8.4
1519,Cosmic CRF,543928,Micro Cap,Manufacturing & Services,Diversified,1304.7,24.12,1219.67,0.0,26.06,412.15,13.6,29.0,0.5,4.1
1520,Bhartiya Intl.,BIL,Micro Cap,Manufacturing & Services,Diversified,907.85,47.54,1217.46,0.0,17.76,372.8,8.05,30.0,0.5,4.1
1521,Commerl. Synbags,COMSYN,Micro Cap,Manufacturing & Services,Diversified,301.3,38.49,1215.42,0.13,9.68,108.3,15.01,31.0,0.5,4.1
1522,Faze Three,FAZE3Q,Micro Cap,Manufacturing & Services,Diversified,493.95,39.91,1215.01,0.0,9.64,229.39,10.12,32.0,0.5,4.1
1523,Iris Clothings,IRISDOREME,Micro Cap,Manufacturing & Services,Diversified,63.58,68.87,1210.13,0.0,4.01,47.24,16.04,33.0,0.5,4.1
1524,Haryana Fin. Co.,530927,Micro Cap,Manufacturing & Services,Diversified,57.95,158.13,1203.38,0.0,-0.4,0.0,3.74,34.0,0.5,4.1
1525,Jyoti Structures,JYOTISTRUC,Micro Cap,Manufacturing & Services,Diversified,10.02,18.59,1196.05,0.0,19.46,251.46,2.25,10.0,0.5,4.1
1526,Everest Kanto,EKC,Micro Cap,Manufacturing & Services,Diversified,106.42,8.98,1194.11,0.66,30.16,346.31,11.56,11.0,0.5,4.1
1527,T N Petro Prod.,TNPETRO,Micro Cap,Manufacturing & Services,Diversified,132.7,8.75,1193.9,1.13,80.11,780.15,10.91,12.0,0.5,4.1
1528,M.V.K. Agro,MVKAGRO,Micro Cap,Manufacturing & Services,Diversified,236.35,24.08,1193.66,0.0,6.38,65.55,14.37,13.0,0.5,4.1
1529,Monte Carlo Fas.,MONTECARLO,Micro Cap,Manufacturing & Services,Diversified,574.5,11.39,1191.06,3.48,-23.48,149.04,14.01,14.0,0.5,4.1
1530,Krishival Foods,KRISHIVAL,Micro Cap,Manufacturing & Services,Diversified,416.3,53.72,1182.31,0.08,5.6,88.96,16.21,15.0,0.5,4.1
1531,Precision Camshf,PRECAM,Micro Cap,Manufacturing & Services,Diversified,124.02,37.39,1178.01,0.81,8.45,187.89,7.28,16.0,0.5,4.1
1532,S.A.L Steel,SALSTEEL,Micro Cap,Metals & Mining,Metals & Mining,81.37,0.0,1177.97,0.0,3.09,87.37,1.08,17.0,2.0,13.2
1533,TGV Sraac,TGVSL,Micro Cap,Manufacturing & Services,Diversified,109.98,8.49,1177.77,0.91,45.42,543.08,12.67,18.0,0.5,4.1
1534,Borosil Scienti.,BOROSCI,Micro Cap,Manufacturing & Services,Diversified,132.16,26.44,1175.58,0.0,4.35,106.75,12.08,19.0,0.5,4.1
1535,Apex Frozen Food,APEX,Micro Cap,Manufacturing & Services,Diversified,375.15,23.67,1172.34,0.67,21.67,256.53,10.45,20.0,0.5,4.1
1536,Airfloa Rail,544516,Micro Cap,Manufacturing & Services,Diversified,487.2,29.83,1167.82,0.0,27.07,229.06,25.87,21.0,0.5,4.1
1537,ICE Make Refrig.,ICEMAKE,Micro Cap,Manufacturing & Services,Diversified,738.6,107.22,1165.49,0.3,-1.41,176.08,10.77,22.0,0.5,4.1
1538,Gulshan Polyols,GULPOLY,Micro Cap,Manufacturing & Services,Diversified,186.01,7.86,1160.16,0.81,53.51,639.87,18.6,23.0,0.5,4.1
1539,Fino Payments,FINOPB,Micro Cap,Manufacturing & Services,Diversified,139.33,47.42,1159.48,0.0,-13.72,72.23,4.53,24.0,0.5,4.1
1540,Vardhman Hold.,VHL,Micro Cap,Textiles & Apparel,Textiles,3626.4,4.6,1156.82,0.14,98.08,10.83,6.28,65.0,1.0,7.3
1541,IRM Energy,IRMENERGY,Micro Cap,Power Utilities & Cleantech,Renewable Energy & Power,281.4,15.8,1155.42,0.53,33.81,325.85,8.63,26.0,2.0,13.2
1542,Unihealth Hosp,UNIHEALTH,Micro Cap,Manufacturing & Services,Diversified,724.0,44.9,1151.16,0.0,17.09,65.32,24.48,27.0,0.5,4.1
1543,Rupa & Co,RUPA,Micro Cap,Manufacturing & Services,Diversified,144.49,14.69,1149.05,2.08,8.26,202.43,9.59,28.0,0.5,4.1
1544,BMW Industries,542669,Micro Cap,Manufacturing & Services,Diversified,50.98,13.49,1147.49,0.84,19.04,166.0,12.35,29.0,0.5,4.1
1545,A.K.Capital Serv,AKCAPIT,Micro Cap,Manufacturing & Services,Diversified,1736.9,10.02,1146.35,3.45,28.26,139.72,9.33,30.0,0.5,4.1
1546,Sunrakshakk Inds,SUNRAKSHAK,Micro Cap,Manufacturing & Services,Diversified,369.55,26.34,1145.85,0.0,15.04,276.33,29.25,31.0,0.5,4.1
1547,Mangalam World.,MWL,Micro Cap,Manufacturing & Services,Diversified,38.56,22.07,1145.26,0.08,12.02,316.22,17.7,32.0,0.5,4.1
1548,India Homes,513361,Micro Cap,Manufacturing & Services,Diversified,28.72,67.57,1143.29,0.0,3.44,0.0,17.52,33.0,0.5,4.1
1549,Shri Ahimsa,SHRIAHIMSA,Micro Cap,Manufacturing & Services,Diversified,485.5,37.82,1137.57,0.0,15.24,62.8,22.96,34.0,0.5,4.1
1550,Balaji Telefilms,BALAJITELE,Micro Cap,Manufacturing & Services,Diversified,93.17,0.0,1135.76,0.0,22.39,240.29,-9.54,10.0,0.5,4.1
1551,Macfos,543787,Micro Cap,Manufacturing & Services,Diversified,1095.1,42.74,1134.36,0.0,5.82,81.34,34.18,11.0,0.5,4.1
1552,Rel. Indl. Infra,RIIL,Micro Cap,Manufacturing & Services,Diversified,750.95,93.48,1133.93,0.47,2.84,8.64,3.01,12.0,0.5,4.1
1553,Indosolar,WAAREEINDO,Micro Cap,Power Utilities & Cleantech,Renewable Energy & Power,272.0,6.8,1131.62,0.0,36.62,68.36,123.8,38.0,2.0,13.2
1554,Utssav CZ Gold,UTSSAV,Micro Cap,Manufacturing & Services,Diversified,468.3,19.15,1130.85,0.0,29.64,679.49,28.82,14.0,0.5,4.1
1555,Birla Cable,BIRLACABLE,Micro Cap,Manufacturing & Services,Diversified,376.55,24.45,1129.65,0.33,30.69,266.64,8.93,15.0,0.5,4.1
1556,Alicon Cast.,ALICON,Micro Cap,Banking & Financial Services,BFSI,684.2,30.23,1122.9,0.73,11.45,578.01,10.04,16.0,0.5,4.1
1557,Kopran,KOPRAN,Micro Cap,Manufacturing & Services,Diversified,232.54,44.93,1122.83,1.29,6.7,153.99,6.65,17.0,0.5,4.1
1558,Munjal Auto Inds,MUNJALAU,Micro Cap,Automotive & 2W/3W,Auto Ancillary & Components,112.28,21.91,1122.8,0.89,28.51,699.01,9.77,33.0,1.0,7.3
1559,STEL Holdings,STEL,Micro Cap,Manufacturing & Services,Diversified,607.9,57.18,1121.9,0.0,-0.13,0.1,1.58,19.0,0.5,4.1
1560,Emkay Tools,ETL,Micro Cap,Manufacturing & Services,Diversified,1047.0,19.03,1117.29,0.24,34.36,82.48,70.68,20.0,0.5,4.1
1561,Butterfly Gan Ap,BUTTERFLY,Micro Cap,Manufacturing & Services,Diversified,624.85,22.68,1117.23,0.0,8.89,213.87,16.81,21.0,0.5,4.1
1562,Hariom Pipe,HARIOMPIPE,Micro Cap,Manufacturing & Services,Diversified,359.2,15.99,1112.35,0.17,17.36,429.18,15.82,22.0,0.5,4.1
1563,Themis Medicare,THEMISMED,Micro Cap,Manufacturing & Services,Diversified,120.42,0.0,1109.07,0.42,24.61,86.96,2.74,23.0,0.5,4.1
1564,ADC India,523411,Micro Cap,Manufacturing & Services,Diversified,2409.0,49.19,1108.14,1.04,8.58,63.42,31.44,24.0,0.5,4.1
1565,Kamdhenu,KAMDHENU,Micro Cap,Manufacturing & Services,Diversified,39.24,12.92,1106.11,1.02,28.69,213.35,29.39,25.0,0.5,4.1
1566,Shri Venkatesh,543373,Micro Cap,Manufacturing & Services,Diversified,499.0,28.89,1103.75,0.2,23.8,821.71,19.78,26.0,0.5,4.1
1567,Sh. Digvijay Cem,SHREDIGCEM,Micro Cap,Manufacturing & Services,Diversified,74.44,61.03,1101.07,1.34,6.83,337.27,6.4,27.0,0.5,4.1
1568,FlySBS Aviation,FLYSBS,Micro Cap,Manufacturing & Services,Diversified,635.6,18.1,1099.83,0.0,36.93,180.93,32.47,28.0,0.5,4.1
1569,Centrum Capital,CENTRUM,Micro Cap,Manufacturing & Services,Diversified,22.55,0.0,1097.8,0.0,-148.81,911.98,7.33,29.0,0.5,4.1
1570,Master Trust,MASTERTR,Micro Cap,Manufacturing & Services,Diversified,89.16,8.21,1096.81,0.0,34.65,149.79,23.85,30.0,0.5,4.1
1571,Laxmi Dental,LAXMIDENTL,Micro Cap,Manufacturing & Services,Diversified,199.14,31.51,1095.86,0.0,10.32,74.7,14.86,31.0,0.5,4.1
1572,Auto.Corp.of Goa,ACGL,Micro Cap,Automotive & 2W/3W,Auto Ancillary & Components,1797.6,18.1,1094.49,1.53,11.22,248.94,29.61,47.0,1.0,7.3
1573,Gandhi Spl. Tube,GANDHITUBE,Micro Cap,Manufacturing & Services,Diversified,900.15,14.5,1093.86,1.67,27.94,57.2,28.44,33.0,0.5,4.1
1574,Matrimony.com,MATRIMONY,Micro Cap,Manufacturing & Services,Diversified,529.05,24.39,1093.73,0.95,19.08,130.51,17.41,34.0,0.5,4.1
1575,String Metaverse,534535,Micro Cap,Manufacturing & Services,Diversified,8.96,9.0,1093.04,0.0,36.92,392.4,41.56,10.0,0.5,4.1
1576,Orient Tech.,ORIENTTECH,Micro Cap,IT & Software Services,IT & Software,238.39,52.15,1091.97,0.69,4.5,199.49,9.25,61.0,1.0,8.4
1577,BirlaNu Ltd,BIRLANU,Micro Cap,Manufacturing & Services,Diversified,1448.0,0.0,1091.92,1.04,9.4,1174.02,-4.29,12.0,0.5,4.1
1578,Orient Green,GREENPOWER,Micro Cap,Power Utilities & Cleantech,Renewable Energy & Power,9.28,20.34,1088.57,0.0,23.95,81.43,7.19,33.0,2.0,13.2
1579,Sacheerome,SACHEEROME,Micro Cap,Manufacturing & Services,Diversified,485.25,38.17,1085.64,0.0,13.5,75.82,35.72,14.0,0.5,4.1
1580,Tembo Global,TEMBO,Micro Cap,Manufacturing & Services,Diversified,58.47,10.59,1084.34,0.17,31.21,302.35,22.84,15.0,0.5,4.1
1581,Indo SMC,544681,Micro Cap,Manufacturing & Services,Diversified,473.5,33.42,1082.2,0.0,20.93,197.2,33.91,16.0,0.5,4.1
1582,Bajaj Healthcare,BAJAJHCARE,Micro Cap,Manufacturing & Services,Diversified,321.45,19.23,1082.09,0.47,13.7,165.63,11.47,17.0,0.5,4.1
1583,BCL Industries,BCLIND,Micro Cap,Manufacturing & Services,Diversified,36.62,9.27,1080.89,0.96,35.52,583.19,13.87,18.0,0.5,4.1
1584,T N Newsprint,TNPL,Micro Cap,Manufacturing & Services,Diversified,155.75,4.13,1077.96,2.57,5.74,1146.64,6.4,19.0,0.5,4.1
1585,Dhampur Sugar,DHAMPURSUG,Micro Cap,Manufacturing & Services,Diversified,167.59,15.33,1077.71,1.19,6.09,552.62,6.43,20.0,0.5,4.1
1586,GRP,GRPLTD,Micro Cap,Manufacturing & Services,Diversified,2013.0,156.73,1073.6,0.17,4.2,156.83,6.94,21.0,0.5,4.1
1587,Uttam Sug.Mills,UTTAMSUGAR,Micro Cap,Textiles & Apparel,Textiles,281.2,12.19,1072.44,0.89,1.3,606.37,11.45,62.0,1.0,7.3
1588,Unitech,UNITECH,Micro Cap,IT & Software Services,IT & Software,4.08,0.0,1067.45,0.0,-702.85,106.01,0.0,73.0,1.0,8.4
1589,The Hi-Tech Gear,HITECHGEAR,Micro Cap,IT & Software Services,IT & Software,567.15,54.07,1067.38,0.71,4.76,237.69,6.9,74.0,1.0,8.4
1590,SRM Contractors,SRM,Micro Cap,Manufacturing & Services,Diversified,462.35,8.99,1060.83,0.0,19.71,196.26,37.14,25.0,0.5,4.1
1591,One Global Serv,ONEGLOBAL,Micro Cap,Manufacturing & Services,Diversified,542.4,14.34,1060.01,0.0,14.3,102.77,87.02,26.0,0.5,4.1
1592,Bharat Parenter.,BPLPHARMA,Micro Cap,Pharmaceuticals & Healthcare,Pharma & Healthcare,1533.3,0.0,1056.74,0.07,-3.56,93.74,-1.87,27.0,0.5,4.1
1593,Indl.& Prud.Inv.,INDPRUD,Micro Cap,Manufacturing & Services,Diversified,6305.0,17.35,1056.62,1.9,10.92,2.74,7.72,28.0,0.5,4.1
1594,Antony Waste han,AWHCL,Micro Cap,IT & Software Services,IT & Software,370.8,18.01,1052.55,0.13,0.74,260.99,11.22,79.0,1.0,8.4
1595,Arisinfra Solu.,ARIS,Micro Cap,Manufacturing & Services,Diversified,128.56,15.92,1051.54,0.0,20.04,290.81,15.57,30.0,0.5,4.1
1596,Petro Carbon,PCCL,Micro Cap,Manufacturing & Services,Diversified,425.15,41.85,1050.12,0.0,22.47,316.25,14.14,31.0,0.5,4.1
1597,Madras Fertilize,MADRASFERT,Micro Cap,Manufacturing & Services,Diversified,65.12,13.45,1049.09,0.0,34.59,814.01,14.82,32.0,0.5,4.1
1598,Remus Pharma.,REMUS,Micro Cap,Pharmaceuticals & Healthcare,Pharma & Healthcare,890.05,28.35,1048.83,0.06,24.58,453.43,16.83,33.0,0.5,4.1
1599,Jindal Poly Inve,JPOLYINVST,Micro Cap,Metals & Mining,Metals & Mining,997.45,1.3,1048.32,0.0,13.89,8.83,63.42,24.0,2.0,13.2
1600,TCC Concept,TCC,Micro Cap,Manufacturing & Services,Diversified,44.1,15.92,1047.99,0.0,12.65,128.28,5.65,10.0,0.5,4.1
1601,Jindal Photo,JINDALPHOT,Micro Cap,Metals & Mining,Metals & Mining,1021.2,0.0,1047.58,0.0,13.08,7.97,-1.38,26.0,2.0,13.2
1602,Nahar Spinning,NAHARSPING,Micro Cap,Manufacturing & Services,Diversified,289.8,13.68,1045.17,0.35,69.88,966.1,3.26,12.0,0.5,4.1
1603,Saint-Gob. Sekur,SEKURITIND,Micro Cap,Manufacturing & Services,Diversified,114.56,23.49,1043.76,2.18,9.34,60.78,23.96,13.0,0.5,4.1
1604,HMA Agro Inds.,HMAAGRO,Micro Cap,Manufacturing & Services,Diversified,20.84,4.86,1043.6,1.44,50.51,2110.32,15.99,14.0,0.5,4.1
1605,Jyoti Resins,JYOTIRES,Micro Cap,Manufacturing & Services,Diversified,868.1,16.19,1041.72,1.04,11.75,87.71,36.46,15.0,0.5,4.1
1606,Sathlokhar Sys.,SSEGL,Micro Cap,Manufacturing & Services,Diversified,400.6,10.14,1040.7,0.0,21.41,204.81,36.27,16.0,0.5,4.1
1607,RSWM Ltd,RSWM,Micro Cap,Manufacturing & Services,Diversified,220.63,14.47,1039.2,0.0,19.65,1161.24,5.62,17.0,0.5,4.1
1608,SEPC,SEPC,Micro Cap,Manufacturing & Services,Diversified,5.38,38.3,1030.28,0.0,-11.05,273.8,5.03,18.0,0.5,4.1
1609,Asgard Alcobev,512025,Micro Cap,Manufacturing & Services,Diversified,33.0,403.79,1028.06,0.0,2.54,53.04,7.36,19.0,0.5,4.1
1610,Abans Financial,AFSL,Micro Cap,Manufacturing & Services,Diversified,202.07,8.01,1027.32,0.0,65.85,3712.76,7.9,20.0,0.5,4.1
1611,MMP Industries,MMP,Micro Cap,Manufacturing & Services,Diversified,404.15,23.02,1026.65,0.49,13.7,232.6,12.49,21.0,0.5,4.1
1612,Dam Capital Advi,DAMCAPITAL,Micro Cap,Manufacturing & Services,Diversified,144.9,14.11,1024.24,0.69,0.15,29.86,35.36,22.0,0.5,4.1
1613,Crest Ventures,CREST,Micro Cap,Manufacturing & Services,Diversified,359.0,30.96,1021.35,0.28,11.46,30.24,5.67,23.0,0.5,4.1
1614,Wonder Electric.,WEL,Micro Cap,Manufacturing & Services,Diversified,76.03,84.55,1018.86,0.13,4.04,233.64,9.87,24.0,0.5,4.1
1615,Nelcast,NELCAST,Micro Cap,Manufacturing & Services,Diversified,116.99,24.78,1017.83,0.6,5.14,341.05,11.43,25.0,0.5,4.1
1616,Dhunseri Vent.,DVL,Micro Cap,Manufacturing & Services,Diversified,290.05,5.32,1015.76,1.72,174.29,231.59,6.74,26.0,0.5,4.1
1617,Mamata Machinery,MAMATA,Micro Cap,Manufacturing & Services,Diversified,412.55,92.54,1015.19,0.12,-3.47,36.28,12.6,27.0,0.5,4.1
1618,Finkurve Fin.,FINKURVE,Micro Cap,Manufacturing & Services,Diversified,72.31,34.49,1013.38,0.0,8.44,75.1,10.19,28.0,0.5,4.1
1619,Foseco Crucible (India),523160,Micro Cap,Manufacturing & Services,Diversified,1808.45,25.73,1012.73,0.69,10.29,48.68,33.24,29.0,0.5,4.1
1620,Gayatri Projects,GAYAPROJ,Micro Cap,Manufacturing & Services,Diversified,21.76,8.09,1010.31,0.0,37.12,228.77,6.98,30.0,0.5,4.1
1621,Sunshield Chem.,SUNSHIEL,Micro Cap,Chemicals & Petrochemicals,Chemicals,1144.9,27.76,1006.92,0.26,13.49,127.47,19.9,31.0,0.5,4.1
1622,Hindusthan Insulators &,539984,Micro Cap,Manufacturing & Services,Diversified,463.1,13.38,1002.3,0.04,36.62,116.02,10.61,32.0,0.5,4.1
1623,Freshara Agro,FRESHARA,Micro Cap,Manufacturing & Services,Diversified,425.7,27.62,1000.36,0.0,21.31,179.16,20.92,33.0,0.5,4.1
1624,Premier Polyfilm,PREMIERPOL,Micro Cap,Manufacturing & Services,Diversified,95.36,28.58,998.82,0.16,9.08,87.92,30.79,34.0,0.5,4.1
1625,N R Agarwal Inds,NRAIL,Micro Cap,Manufacturing & Services,Diversified,584.0,15.05,993.92,0.34,34.98,646.96,8.49,10.0,0.5,4.1
1626,Arihant Super.,ARIHANTSUP,Micro Cap,Manufacturing & Services,Diversified,229.5,24.86,992.59,0.11,9.78,131.59,10.55,11.0,0.5,4.1
1627,Jaro Institute,JARO,Micro Cap,Manufacturing & Services,Diversified,445.65,17.55,992.48,1.12,11.17,70.75,22.09,12.0,0.5,4.1
1628,Unicommerce,UNIECOM,Micro Cap,Manufacturing & Services,Diversified,87.62,46.34,984.67,0.0,4.68,51.37,21.09,13.0,0.5,4.1
1629,Sudarshan Pharma,543828,Micro Cap,Pharmaceuticals & Healthcare,Pharma & Healthcare,39.42,39.16,984.16,0.0,5.61,174.42,15.13,14.0,0.5,4.1
1630,Radhika Jeweltec,RADHIKAJWE,Micro Cap,Manufacturing & Services,Diversified,83.16,12.35,981.29,0.0,22.85,152.54,25.07,15.0,0.5,4.1
1631,Uni Abex Alloy,504605,Micro Cap,Manufacturing & Services,Diversified,4960.0,21.25,979.6,0.81,7.25,41.03,19.25,16.0,0.5,4.1
1632,Sahana Systems,SAHANA,Micro Cap,Manufacturing & Services,Diversified,920.3,14.38,975.93,0.09,47.1,216.99,39.81,17.0,0.5,4.1
1633,Ester Industries,ESTER,Micro Cap,Manufacturing & Services,Diversified,93.57,0.0,975.89,0.27,18.62,432.16,2.76,18.0,0.5,4.1
1634,Subex,SUBEXLTD,Micro Cap,Manufacturing & Services,Diversified,17.28,30.11,974.04,0.0,14.22,79.45,12.76,19.0,0.5,4.1
1635,Salzer Electron.,SALZERELEC,Micro Cap,Manufacturing & Services,Diversified,549.7,21.99,972.02,0.45,8.47,485.96,11.16,20.0,0.5,4.1
1636,Vision Infra,VIESL,Micro Cap,Manufacturing & Services,Diversified,393.1,14.73,968.69,0.13,44.4,325.08,22.58,21.0,0.5,4.1
1637,Tejas Cargo,TEJASCARGO,Micro Cap,Manufacturing & Services,Diversified,405.0,46.34,967.66,0.0,8.32,326.84,12.13,22.0,0.5,4.1
1638,Prime Securities,PRIMESECU,Micro Cap,Manufacturing & Services,Diversified,284.5,56.63,966.17,0.53,2.01,33.68,8.25,23.0,0.5,4.1
1639,GKW,GKWLIMITED,Micro Cap,Manufacturing & Services,Diversified,1610.9,0.0,961.71,0.0,10.78,14.88,0.47,24.0,0.5,4.1
1640,Bombay Super Hyb,BSHSL,Micro Cap,Manufacturing & Services,Diversified,91.48,33.46,959.97,0.0,14.3,182.57,15.97,25.0,0.5,4.1
1641,United Polyfab,UNITEDPOLY,Micro Cap,Manufacturing & Services,Diversified,41.66,34.93,956.16,0.0,7.82,179.85,17.75,26.0,0.5,4.1
1642,Anawil Wire,ANAWIL,Micro Cap,Manufacturing & Services,Diversified,382.4,26.07,955.99,0.0,0.0,0.0,32.28,27.0,0.5,4.1
1643,B-Right Real,543543,Micro Cap,Manufacturing & Services,Diversified,925.0,27.65,955.64,0.0,33.43,113.29,21.57,28.0,0.5,4.1
1644,Health X Platform,HEALTHX,Micro Cap,Manufacturing & Services,Diversified,300.3,0.0,955.27,0.0,1.99,446.85,-0.05,29.0,0.5,4.1
1645,Fedders Holding,FEDDERSHOL,Micro Cap,Manufacturing & Services,Diversified,47.28,12.47,952.29,0.0,10.82,68.88,11.19,30.0,0.5,4.1
1646,Amines & Plast.,AMNPLST,Micro Cap,Manufacturing & Services,Diversified,172.89,24.66,951.24,0.29,9.47,150.53,16.73,31.0,0.5,4.1
1647,Arih.Found.Hsg.,ARIHANT,Micro Cap,Manufacturing & Services,Diversified,953.15,13.9,949.87,0.0,24.09,134.24,17.47,32.0,0.5,4.1
1648,Control Print,CONTROLPR,Micro Cap,Manufacturing & Services,Diversified,593.35,24.4,949.02,1.69,3.92,115.56,16.45,33.0,0.5,4.1
1649,Zuari Agro Chem.,ZUARI,Micro Cap,Chemicals & Petrochemicals,Chemicals,225.56,3.06,948.66,0.0,118.69,615.21,16.44,34.0,0.5,4.1
1650,Swaraj Suiting,SWARAJ,Micro Cap,Manufacturing & Services,Diversified,357.35,15.45,944.06,0.0,16.42,183.37,17.92,10.0,0.5,4.1
1651,IIRM Holdings,526530,Micro Cap,Manufacturing & Services,Diversified,138.5,38.38,943.8,0.0,7.83,73.5,20.36,11.0,0.5,4.1
1652,Synergy Green,SGIL,Micro Cap,Power Utilities & Cleantech,Renewable Energy & Power,606.2,0.0,942.22,0.16,-10.11,75.15,9.24,17.0,2.0,13.2
1653,Mukka Proteins,MUKKA,Micro Cap,Manufacturing & Services,Diversified,31.34,13.6,940.2,0.0,18.64,489.65,11.61,13.0,0.5,4.1
1654,Ambika Cotton,AMBIKCO,Micro Cap,Manufacturing & Services,Diversified,1639.1,11.54,938.38,2.26,25.7,257.92,11.41,14.0,0.5,4.1
1655,Shah Foods,519031,Micro Cap,Manufacturing & Services,Diversified,401.85,284.78,936.91,0.0,10.28,65.08,0.0,15.0,0.5,4.1
1656,Asian Star Co.,ASTAR,Micro Cap,Manufacturing & Services,Diversified,585.0,28.26,936.4,0.26,12.06,638.31,3.56,16.0,0.5,4.1
1657,Vikram Thermo,530477,Micro Cap,Manufacturing & Services,Diversified,298.0,21.32,934.46,0.34,13.28,37.87,36.42,17.0,0.5,4.1
1658,Cons. Finvest,CONSOFINVT,Micro Cap,Manufacturing & Services,Diversified,288.3,17.14,933.06,0.39,13.0,15.38,5.65,18.0,0.5,4.1
1659,Rajoo Engineers,RAJOOENG,Micro Cap,Manufacturing & Services,Diversified,51.59,19.01,921.79,0.29,17.35,123.07,24.7,19.0,0.5,4.1
1660,Amal,AMAL,Micro Cap,Manufacturing & Services,Diversified,743.2,30.93,918.79,0.2,16.73,96.54,26.05,20.0,0.5,4.1
1661,Shree Vasu Logis,SVLL,Micro Cap,Manufacturing & Services,Diversified,799.25,128.3,918.63,0.0,3.25,64.75,14.36,21.0,0.5,4.1
1662,Krystal Integrat,KRYSTAL,Micro Cap,Manufacturing & Services,Diversified,654.6,14.0,914.6,0.23,17.41,360.71,16.15,22.0,0.5,4.1
1663,Indo Amines,INDOAMIN,Micro Cap,Manufacturing & Services,Diversified,125.96,11.25,914.31,0.4,30.76,374.64,19.87,23.0,0.5,4.1
1664,Dharmaj Crop,DHARMAJ,Micro Cap,Manufacturing & Services,Diversified,270.05,15.17,912.7,0.0,38.05,384.1,16.45,24.0,0.5,4.1
1665,Regaal Resources,REGAAL,Micro Cap,Manufacturing & Services,Diversified,88.51,14.05,911.6,0.28,13.33,202.15,12.05,25.0,0.5,4.1
1666,Sr.Rayala.Hypo,SRHHYPOLTD,Micro Cap,Manufacturing & Services,Diversified,531.05,9.25,911.54,0.56,24.73,210.95,13.99,26.0,0.5,4.1
1667,TAC Infosec,TAC,Micro Cap,Manufacturing & Services,Diversified,433.35,33.1,911.22,0.0,8.05,19.78,38.14,27.0,0.5,4.1
1668,Shree Ganesh Rem,SGRL,Micro Cap,Manufacturing & Services,Diversified,708.55,58.87,909.61,0.0,1.12,14.36,14.16,28.0,0.5,4.1
1669,Salasar Techno,SALASAR,Micro Cap,IT & Software Services,IT & Software,5.2,66.35,908.93,0.0,5.14,295.54,8.13,74.0,1.0,8.4
1670,Viceroy Hotels,VHLTD,Micro Cap,Manufacturing & Services,Diversified,118.21,39.83,907.64,0.0,1.45,44.9,7.12,30.0,0.5,4.1
1671,R M Drip & Sprin,RMDRIP,Micro Cap,Manufacturing & Services,Diversified,21.13,25.66,904.85,0.14,5.35,40.34,37.91,31.0,0.5,4.1
1672,Himatsing. Seide,HIMATSEIDE,Micro Cap,Manufacturing & Services,Diversified,71.51,16.04,899.18,0.35,4.99,621.3,8.8,32.0,0.5,4.1
1673,Tirupati Forge,TIRUPATIFL,Micro Cap,Automotive & 2W/3W,Auto Ancillary & Components,69.05,147.2,897.93,0.0,1.22,38.1,7.53,48.0,1.0,7.3
1674,Valiant Organics,VALIANTORG,Micro Cap,Manufacturing & Services,Diversified,320.25,17.77,897.81,0.0,29.26,231.54,5.47,34.0,0.5,4.1
1675,Wealth First Por,WEALTH,Micro Cap,Manufacturing & Services,Diversified,841.7,27.14,896.83,1.07,10.43,14.32,34.63,10.0,0.5,4.1
1676,Ganesh Benzopl.,GANESHBE,Micro Cap,Manufacturing & Services,Diversified,123.23,13.54,887.13,0.0,17.58,117.5,14.6,11.0,0.5,4.1
1677,Eco Recyc.,ECORECO,Micro Cap,Manufacturing & Services,Diversified,459.35,36.9,886.4,0.22,9.17,16.19,30.75,12.0,0.5,4.1
1678,MIC Electronics,MICEL,Micro Cap,Manufacturing & Services,Diversified,36.74,0.0,885.48,0.0,2.13,43.72,8.67,13.0,0.5,4.1
1679,Pudumjee Paper,PDMJEPAPER,Micro Cap,Manufacturing & Services,Diversified,93.22,9.72,885.12,0.64,33.72,202.92,18.14,14.0,0.5,4.1
1680,Sudarshan Colorants,SUDARCOLOR,Micro Cap,Manufacturing & Services,Diversified,383.45,17.12,885.07,0.0,20.36,222.39,11.41,15.0,0.5,4.1
1681,Vinsys IT Serv.,VINSYS,Micro Cap,Manufacturing & Services,Diversified,597.0,29.61,880.57,0.0,21.4,148.36,21.32,16.0,0.5,4.1
1682,Danlaw Tech.,532329,Micro Cap,IT & Software Services,IT & Software,1805.1,34.55,879.2,0.0,5.93,73.72,27.22,47.0,1.0,8.4
1683,Manoj Vaibhav,MVGJL,Micro Cap,Manufacturing & Services,Diversified,179.9,7.31,878.77,0.0,27.57,713.91,15.63,18.0,0.5,4.1
1684,Laxmi Goldorna,LGHL,Micro Cap,Manufacturing & Services,Diversified,175.42,542.42,878.72,0.0,1.17,37.44,10.08,19.0,0.5,4.1
1685,Mafatlal Inds.,MAFATIND,Micro Cap,Manufacturing & Services,Diversified,121.66,14.64,878.13,2.05,14.68,942.65,12.79,20.0,0.5,4.1
1686,RRP Defense,530929,Micro Cap,Manufacturing & Services,Diversified,639.85,0.0,877.8,0.0,-1.6,0.0,-11.12,21.0,0.5,4.1
1687,Mac Charles(I),MCCHRLS-B,Micro Cap,Manufacturing & Services,Diversified,670.0,0.0,877.7,0.0,-19.41,32.23,4.96,22.0,0.5,4.1
1688,Baheti Recycling,BAHETI,Micro Cap,Manufacturing & Services,Diversified,846.0,32.42,877.18,0.0,17.79,409.72,21.66,23.0,0.5,4.1
1689,Oriental Rail,ORIRAIL,Micro Cap,Manufacturing & Services,Diversified,130.76,18.61,876.86,0.08,10.75,137.58,12.04,24.0,0.5,4.1
1690,Dwarikesh Sugar,DWARKESH,Micro Cap,Manufacturing & Services,Diversified,47.31,60.46,876.66,0.21,-25.73,358.13,4.62,25.0,0.5,4.1
1691,Nupur Recyclers,NRL,Micro Cap,Manufacturing & Services,Diversified,126.92,51.09,876.62,0.0,7.39,79.34,15.12,26.0,0.5,4.1
1692,Arihant Capital,ARIHANTCAP,Micro Cap,Manufacturing & Services,Diversified,79.69,21.82,873.5,0.63,21.49,77.91,11.0,27.0,0.5,4.1
1693,Hexa Tradex,HEXATRADEX,Micro Cap,Manufacturing & Services,Diversified,157.65,0.0,871.02,0.0,1.67,0.0,-0.12,28.0,0.5,4.1
1694,Swelect Energy,SWELECTES,Micro Cap,Power Utilities & Cleantech,Renewable Energy & Power,572.5,20.19,867.84,0.61,7.66,130.77,8.0,29.0,2.0,13.2
1695,Vilas Transcore,VILAS,Micro Cap,Manufacturing & Services,Diversified,353.7,21.89,865.86,0.0,15.18,231.91,16.12,30.0,0.5,4.1
1696,Vadilal Enterp.,VADILENT,Micro Cap,Manufacturing & Services,Diversified,10045.0,63.29,863.87,0.01,23.3,703.66,24.85,31.0,0.5,4.1
1697,Ritco Logistics,RITCO,Micro Cap,FMCG & Consumer Goods,FMCG,301.8,27.11,863.83,0.0,3.47,365.12,10.14,32.0,0.5,4.1
1698,McNally Bharat,MBECL,Micro Cap,Manufacturing & Services,Diversified,258.89,0.0,862.97,0.0,-25.27,15.05,0.0,33.0,0.5,4.1
1699,Wanbury,WANBURY,Micro Cap,Manufacturing & Services,Diversified,246.2,14.51,860.89,0.0,3.24,165.58,30.78,34.0,0.5,4.1
1700,Suyog Telematics,SUYOG,Micro Cap,Manufacturing & Services,Diversified,731.2,14.47,856.76,0.14,13.93,65.27,14.42,10.0,0.5,4.1
1701,Sical Logistics,SICALLOG,Micro Cap,Manufacturing & Services,Diversified,107.33,3470.28,856.33,0.0,21.24,132.58,9.85,11.0,0.5,4.1
1702,Yamuna Syndicate,540980,Micro Cap,Manufacturing & Services,Diversified,27711.05,9.3,851.74,1.8,5.06,22.52,4.17,12.0,0.5,4.1
1703,Suraj Estate,SURAJEST,Micro Cap,Manufacturing & Services,Diversified,178.25,9.27,851.56,0.0,22.85,144.71,14.54,13.0,0.5,4.1
1704,Oricon Enterpris,ORICONENT,Micro Cap,Manufacturing & Services,Diversified,54.15,51.29,850.41,0.37,15.49,7.19,2.08,14.0,0.5,4.1
1705,Western Carriers,WCIL,Micro Cap,Manufacturing & Services,Diversified,83.38,23.14,850.1,0.0,8.69,464.88,6.79,15.0,0.5,4.1
1706,Pradeep Metals,PRADPME,Micro Cap,Metals & Mining,Metals & Mining,491.6,25.63,848.99,0.51,8.35,93.71,21.18,41.0,2.0,13.2
1707,Max India Ltd,MAXIND,Micro Cap,Manufacturing & Services,Diversified,150.66,0.0,848.53,0.0,-36.28,59.74,-23.03,17.0,0.5,4.1
1708,Gaudium IVF,GAUDIUMIVF,Micro Cap,Manufacturing & Services,Diversified,116.43,36.61,847.46,0.0,1.78,19.38,29.28,18.0,0.5,4.1
1709,RNIT AI Solution,517286,Micro Cap,Manufacturing & Services,Diversified,99.84,67.89,846.56,0.0,1.27,7.85,20.15,19.0,0.5,4.1
1710,IFB Agro Inds.,IFBAGRO,Micro Cap,Manufacturing & Services,Diversified,903.3,13.17,846.39,0.0,21.55,396.98,13.29,20.0,0.5,4.1
1711,Tankup Engi.,TANKUP,Micro Cap,Manufacturing & Services,Diversified,1598.0,177.02,846.14,0.0,2.74,35.6,18.95,21.0,0.5,4.1
1712,Veljan Denison,VELJAN,Micro Cap,Manufacturing & Services,Diversified,1878.9,33.41,845.51,0.45,7.46,39.07,14.89,22.0,0.5,4.1
1713,Gem Aromatics,GEMAROMA,Micro Cap,Manufacturing & Services,Diversified,161.5,0.0,843.63,0.0,-7.87,98.85,3.43,23.0,0.5,4.1
1714,Panache Digilife,PANACHE,Micro Cap,Manufacturing & Services,Diversified,525.0,39.92,840.74,0.0,4.09,47.48,23.67,24.0,0.5,4.1
1715,Kirl. Electric,KECL,Micro Cap,Manufacturing & Services,Diversified,126.41,54.73,839.54,0.0,-5.99,103.85,14.59,25.0,0.5,4.1
1716,Jaybharat Text,512233,Micro Cap,Manufacturing & Services,Diversified,21.89,0.0,838.03,0.0,-7.47,8.38,-29.09,26.0,0.5,4.1
1717,NDTV,NDTV,Micro Cap,Manufacturing & Services,Diversified,74.27,0.0,837.95,0.0,-81.88,117.23,-72.58,27.0,0.5,4.1
1718,Precot,PRECOT,Micro Cap,Manufacturing & Services,Diversified,698.05,16.37,837.66,0.57,26.61,245.73,10.85,28.0,0.5,4.1
1719,Beezaasan Exp.,544369,Micro Cap,Manufacturing & Services,Diversified,550.65,62.97,834.33,0.0,5.03,111.12,12.2,29.0,0.5,4.1
1720,Anlon Healthcare,AHCL,Micro Cap,IT & Software Services,IT & Software,15.68,26.36,833.42,0.0,8.28,87.56,20.77,45.0,1.0,8.4
1721,Effwa Infra,EFFWA,Micro Cap,Manufacturing & Services,Diversified,360.0,29.12,833.3,0.0,18.47,163.09,29.26,31.0,0.5,4.1
1722,Fairchem Organic,FAIRCHEMOR,Micro Cap,Chemicals & Petrochemicals,Chemicals,660.25,55.04,831.64,0.15,10.01,176.15,3.33,32.0,0.5,4.1
1723,JTL Defence,537254,Micro Cap,Manufacturing & Services,Diversified,790.0,1484.96,831.58,0.0,-2.67,21.24,0.68,33.0,0.5,4.1
1724,Dhampur Bio,DBOL,Micro Cap,Manufacturing & Services,Diversified,124.99,32.45,829.78,1.2,36.79,532.89,4.98,34.0,0.5,4.1
1725,ABS Marine,ABSMARINE,Micro Cap,Manufacturing & Services,Diversified,337.9,10.37,829.54,0.0,49.46,183.09,20.98,10.0,0.5,4.1
1726,Hexagon Nutri.,HEXAGON,Micro Cap,Manufacturing & Services,Diversified,67.23,19.81,826.38,0.45,9.83,101.4,0.0,11.0,0.5,4.1
1727,Sadhana Nitro,SADHNANIQ,Micro Cap,Manufacturing & Services,Diversified,2.72,0.0,824.76,3.68,-0.55,27.22,-11.1,12.0,0.5,4.1
1728,Zuari Industries,ZUARIIND,Micro Cap,Manufacturing & Services,Diversified,276.45,7.13,823.3,0.36,0.05,311.93,5.45,13.0,0.5,4.1
1729,Systematix Corp.,SYSTMTXC,Micro Cap,Manufacturing & Services,Diversified,60.23,0.0,822.37,0.17,-4.89,56.26,8.49,14.0,0.5,4.1
1730,Borana Weaves,BORANA,Micro Cap,Manufacturing & Services,Diversified,307.6,11.89,819.61,0.0,16.48,100.84,32.47,15.0,0.5,4.1
1731,OCCL,OCCLLTD,Micro Cap,Manufacturing & Services,Diversified,163.93,10.73,818.84,1.71,40.25,219.67,12.99,16.0,0.5,4.1
1732,Royal Orch.Hotel,ROHLTD,Micro Cap,Manufacturing & Services,Diversified,298.55,30.71,818.78,0.84,6.8,107.21,10.84,17.0,0.5,4.1
1733,Viviana Power,VIVIANA,Micro Cap,Power Utilities & Cleantech,Renewable Energy & Power,804.7,14.81,814.74,0.0,6.93,71.86,50.69,38.0,2.0,13.2
1734,Welspun Investme,WELINV,Micro Cap,Textiles & Apparel,Textiles,2230.7,264.35,814.21,0.0,-0.15,0.13,0.58,59.0,1.0,7.3
1735,Supreme Infra.,SUPREMEINF,Micro Cap,Manufacturing & Services,Diversified,83.42,0.0,813.37,0.0,-59.17,24.12,0.0,20.0,0.5,4.1
1736,Om Infra,OMINFRAL,Micro Cap,Manufacturing & Services,Diversified,84.43,25.18,813.09,0.59,11.45,124.37,4.7,21.0,0.5,4.1
1737,Anuh Pharma,ANUHPHR,Micro Cap,Pharmaceuticals & Healthcare,Pharma & Healthcare,81.1,18.41,812.82,1.85,11.42,193.81,14.94,22.0,0.5,4.1
1738,Lotus Chocolate,LOTUSCHO,Micro Cap,Manufacturing & Services,Diversified,630.4,0.0,809.43,0.0,0.02,91.95,9.71,23.0,0.5,4.1
1739,Scoda Tubes,SCODATUBES,Micro Cap,Manufacturing & Services,Diversified,135.02,21.86,808.89,0.0,5.25,124.35,16.54,24.0,0.5,4.1
1740,Kokuyo Camlin,KOKUYOCMLN,Micro Cap,Manufacturing & Services,Diversified,80.61,36.72,808.55,0.37,7.3,229.18,10.21,25.0,0.5,4.1
1741,Excelsoft Tech.,EXCELSOFT,Micro Cap,IT & Software Services,IT & Software,70.23,16.18,808.24,0.0,9.23,80.26,13.64,66.0,1.0,8.4
1742,Transpek Inds.,TRANSPEK,Micro Cap,Manufacturing & Services,Diversified,1446.5,20.72,807.95,1.38,8.93,151.06,8.37,27.0,0.5,4.1
1743,Likhitha Infra.,LIKHITHA,Micro Cap,Manufacturing & Services,Diversified,204.8,24.15,807.94,0.0,7.34,85.06,14.04,28.0,0.5,4.1
1744,Visaka Industrie,VISAKAIND,Micro Cap,Manufacturing & Services,Diversified,93.37,11.96,806.76,1.29,50.03,588.85,7.03,29.0,0.5,4.1
1745,Sterling Tools,STERTOOLS,Micro Cap,Manufacturing & Services,Diversified,221.31,41.76,804.34,1.24,5.86,214.07,7.24,30.0,0.5,4.1
1746,NCL Industries,NCLIND,Micro Cap,Manufacturing & Services,Diversified,177.81,6.49,804.28,1.97,17.24,343.67,14.62,31.0,0.5,4.1
1747,RBZ Jewellers Lt,RBZJEWEL,Micro Cap,Manufacturing & Services,Diversified,200.69,14.14,802.76,0.0,9.09,120.8,21.98,32.0,0.5,4.1
1748,SJ Corp,504398,Micro Cap,Manufacturing & Services,Diversified,184.45,799.68,799.68,0.0,1.54,55.43,0.14,33.0,0.5,4.1
1749,Sumeet Industrie,SUMEETINDS,Micro Cap,Manufacturing & Services,Diversified,11.5,32.31,798.96,0.0,1.14,272.36,13.23,34.0,0.5,4.1
1750,Deccan Cements,DECCANCE,Micro Cap,Cement & Building Materials,Cement & Materials,569.75,0.0,798.08,0.09,-2.84,219.34,3.31,25.0,2.0,13.2
1751,Sarla Performanc,SARLAPOLY,Micro Cap,Manufacturing & Services,Diversified,100.2,10.09,796.62,2.0,37.28,113.26,10.47,11.0,0.5,4.1
1752,Parin Enterpris.,PARIN,Micro Cap,Manufacturing & Services,Diversified,716.3,122.43,796.38,0.03,4.32,138.98,10.82,12.0,0.5,4.1
1753,Beekay Steel Ind,BEEKAY,Micro Cap,Metals & Mining,Metals & Mining,417.4,18.22,796.07,0.24,38.07,374.71,5.48,28.0,2.0,13.2
1754,Sandesh,SANDESH,Micro Cap,Manufacturing & Services,Diversified,1051.3,7.3,795.83,0.48,99.49,458.18,7.03,14.0,0.5,4.1
1755,Lokesh Mach.,LOKESHMACH,Micro Cap,Manufacturing & Services,Diversified,364.6,179.8,794.71,0.0,1.01,55.46,6.38,15.0,0.5,4.1
1756,Haldyn Glass,HALDYNGL,Micro Cap,Capital Goods & Engineering,Capital Goods,147.7,25.59,793.91,0.47,10.26,138.69,13.54,16.0,0.5,4.1
1757,Prostarm Info,PROSTARM,Micro Cap,Manufacturing & Services,Diversified,134.73,20.77,793.22,0.0,5.01,75.82,17.88,17.0,0.5,4.1
1758,Tandhan Industries,512062,Micro Cap,Manufacturing & Services,Diversified,158.4,72.73,788.4,0.0,6.02,64.01,0.0,18.0,0.5,4.1
1759,Mangal Electrica,MEIL,Micro Cap,Manufacturing & Services,Diversified,285.1,16.77,787.73,0.0,7.52,125.83,14.62,19.0,0.5,4.1
1760,Pervasive Comm.,517172,Micro Cap,Manufacturing & Services,Diversified,8.72,0.0,785.63,0.0,0.01,0.49,0.03,20.0,0.5,4.1
1761,20 Microns,20MICRONS,Micro Cap,Manufacturing & Services,Diversified,222.49,11.54,785.09,0.56,17.74,244.72,17.31,21.0,0.5,4.1
1762,TVS Elec.,TVSELECT,Micro Cap,Manufacturing & Services,Diversified,420.85,0.0,784.9,0.0,-6.62,106.04,5.75,22.0,0.5,4.1
1763,Unified Data,544406,Micro Cap,Manufacturing & Services,Diversified,390.1,19.23,783.71,2.82,23.48,138.97,45.25,23.0,0.5,4.1
1764,Solex Energy,SOLEX,Micro Cap,Power Utilities & Cleantech,Renewable Energy & Power,725.3,10.64,783.5,0.08,7.15,259.42,34.04,39.0,2.0,13.2
1765,JITF Infra Logis,JITFINFRA,Micro Cap,Manufacturing & Services,Diversified,304.5,0.0,782.68,0.0,-2.09,664.03,15.39,25.0,0.5,4.1
1766,Capital India,CIFL,Micro Cap,Manufacturing & Services,Diversified,19.98,0.0,781.33,0.1,-9.63,127.74,1.17,26.0,0.5,4.1
1767,Magadh Sugar,MAGADSUGAR,Micro Cap,Manufacturing & Services,Diversified,552.05,15.07,777.93,2.26,-12.22,310.54,7.75,27.0,0.5,4.1
1768,Eldeco Housing,ELDEHSG,Micro Cap,Manufacturing & Services,Diversified,789.1,21.4,775.92,1.14,15.11,49.07,7.72,28.0,0.5,4.1
1769,Stanley Lifesty.,STANLEY,Micro Cap,Manufacturing & Services,Diversified,135.48,111.98,773.94,0.0,0.65,99.35,6.43,29.0,0.5,4.1
1770,VLS Finance,VLSFINANCE,Micro Cap,Banking & Financial Services,BFSI,246.44,16.59,773.3,0.61,95.99,123.59,0.96,30.0,0.5,4.1
1771,Exhicon Events,543895,Micro Cap,Manufacturing & Services,Diversified,469.85,18.93,770.42,0.03,23.13,100.09,29.49,31.0,0.5,4.1
1772,Sahasra Electro.,SAHASRA,Micro Cap,Manufacturing & Services,Diversified,307.85,54.22,769.4,0.32,6.31,78.12,6.04,32.0,0.5,4.1
1773,Kothari Petroche,KOTHARIPET,Micro Cap,Manufacturing & Services,Diversified,130.56,10.65,768.3,0.77,17.02,146.5,28.6,33.0,0.5,4.1
1774,Bright Outdoor,543831,Micro Cap,Manufacturing & Services,Diversified,351.25,31.87,766.54,0.14,13.97,90.52,18.68,34.0,0.5,4.1
1775,GeeCee Vent.,GEECEE,Micro Cap,Manufacturing & Services,Diversified,366.2,16.8,765.79,0.55,8.41,36.93,6.29,10.0,0.5,4.1
1776,Quick Heal Tech,QUICKHEAL,Micro Cap,IT & Software Services,IT & Software,140.94,0.0,764.93,0.0,-5.28,44.99,-5.97,61.0,1.0,8.4
1777,Permanent Magnet,PERMAGN,Micro Cap,Manufacturing & Services,Diversified,888.2,57.91,763.85,0.25,3.8,63.23,13.83,12.0,0.5,4.1
1778,IST,ISTLTD,Micro Cap,Manufacturing & Services,Diversified,654.55,4.65,763.47,0.0,83.11,34.89,12.74,13.0,0.5,4.1
1779,Aryaman Fin.Serv,ARYAMAN,Micro Cap,Manufacturing & Services,Diversified,620.2,25.61,759.56,0.0,14.09,19.93,22.2,14.0,0.5,4.1
1780,Prozone Realty,PROZONER,Micro Cap,Manufacturing & Services,Diversified,49.76,0.0,759.34,0.0,1.3,15.24,-1.04,15.0,0.5,4.1
1781,RNFI Services,RNFI,Micro Cap,Manufacturing & Services,Diversified,299.15,26.73,758.55,0.0,5.06,269.91,27.26,16.0,0.5,4.1
1782,GIC Housing Fin,GICHSGFIN,Micro Cap,Manufacturing & Services,Diversified,140.45,4.81,756.32,3.2,10.04,266.74,7.71,17.0,0.5,4.1
1783,Bajaj Steel Inds,BAJAJST,Micro Cap,Metals & Mining,Metals & Mining,362.95,25.82,754.94,0.28,-0.27,120.35,11.73,28.0,2.0,13.2
1784,Advance Agrolife,ADVANCE,Micro Cap,Manufacturing & Services,Diversified,117.43,15.44,754.91,0.0,22.55,330.4,19.62,19.0,0.5,4.1
1785,Amanta Healthcar,AMANTA,Micro Cap,Manufacturing & Services,Diversified,194.03,49.11,753.41,0.0,3.31,68.8,11.6,20.0,0.5,4.1
1786,Exato Technologies,544626,Micro Cap,IT & Software Services,IT & Software,747.3,40.35,752.19,0.0,5.37,42.13,26.66,71.0,1.0,8.4
1787,Automotive Stamp,ASAL,Micro Cap,Automotive & 2W/3W,Auto Ancillary & Components,473.75,24.31,751.37,0.0,4.69,253.32,25.31,62.0,1.0,7.3
1788,Sejal Glass,SEJALLTD,Micro Cap,Manufacturing & Services,Diversified,657.5,23.79,749.55,0.0,7.21,117.95,18.6,23.0,0.5,4.1
1789,U P Hotels,UPHOT,Micro Cap,Manufacturing & Services,Diversified,1388.0,23.66,749.52,0.0,2.7,29.94,21.87,24.0,0.5,4.1
1790,Sunlite Recycli.,SUNLITE,Micro Cap,Manufacturing & Services,Diversified,542.5,18.65,748.97,0.0,25.8,1642.41,46.52,25.0,0.5,4.1
1791,Jagatjit Inds.,507155,Micro Cap,Manufacturing & Services,Diversified,160.05,64.55,748.75,0.0,-8.28,160.3,10.48,26.0,0.5,4.1
1792,Modi's Navnirman,MODIS,Micro Cap,Manufacturing & Services,Diversified,380.85,24.05,746.13,0.0,8.61,58.26,25.81,27.0,0.5,4.1
1793,Emk.Global Fin.,EMKAY,Micro Cap,Manufacturing & Services,Diversified,267.25,37.8,738.29,0.56,9.11,91.91,8.01,28.0,0.5,4.1
1794,Kellton Tech,KELLTONTEC,Micro Cap,IT & Software Services,IT & Software,13.87,8.07,737.06,0.0,22.32,315.62,14.96,79.0,1.0,8.4
1795,Apsis Aerocom,APSISAERO,Micro Cap,Manufacturing & Services,Diversified,611.3,98.1,736.73,0.0,4.24,16.99,31.78,30.0,0.5,4.1
1796,True Green,533407,Micro Cap,Power Utilities & Cleantech,Renewable Energy & Power,223.35,13.74,736.1,0.0,21.85,227.57,13.89,41.0,2.0,13.2
1797,Yogi Ltd,YOGI,Micro Cap,Manufacturing & Services,Diversified,163.45,56.32,735.53,0.0,-1.62,48.62,12.75,32.0,0.5,4.1
1798,Tuticorin Alkali,TUTIALKA,Micro Cap,Manufacturing & Services,Diversified,60.36,21.98,735.4,0.0,6.73,80.71,21.99,33.0,0.5,4.1
1799,Denta Water,DENTA,Micro Cap,Manufacturing & Services,Diversified,275.35,13.74,735.18,0.91,11.17,58.66,18.84,34.0,0.5,4.1
1800,Karnika Industri,KARNIKA,Micro Cap,Manufacturing & Services,Diversified,118.3,26.23,733.43,0.08,9.14,73.77,0.0,10.0,0.5,4.1
1801,Rajapalayam Mill,RAJPALAYAM,Micro Cap,Textiles & Apparel,Textiles,795.3,5.95,733.28,0.06,17.55,261.28,1.81,26.0,1.0,7.3
1802,DMCC Speciality,DMCC,Micro Cap,Manufacturing & Services,Diversified,293.35,18.3,731.61,0.85,20.41,252.99,14.78,12.0,0.5,4.1
1803,Popular Vehicles,PVSL,Micro Cap,Manufacturing & Services,Diversified,102.63,0.0,730.71,0.0,1.37,1889.58,4.27,13.0,0.5,4.1
1804,Cellecor Gadgets,CELLECOR,Micro Cap,Manufacturing & Services,Diversified,32.85,18.44,730.34,0.0,20.08,650.32,22.64,14.0,0.5,4.1
1805,Patel Retail,PATELRMART,Micro Cap,Manufacturing & Services,Diversified,218.32,17.51,729.2,0.0,9.52,309.54,15.33,15.0,0.5,4.1
1806,Chemcon Special.,CHEMCON,Micro Cap,Chemicals & Petrochemicals,Chemicals,198.38,25.8,726.68,3.28,10.96,66.49,6.35,16.0,0.5,4.1
1807,Apis India,506166,Micro Cap,Manufacturing & Services,Diversified,52.72,28.68,726.23,0.0,10.35,97.89,14.59,17.0,0.5,4.1
1808,Advent Hotels,ADVENTHTL,Micro Cap,Manufacturing & Services,Diversified,134.57,14.98,725.91,0.0,6.74,80.52,6.78,18.0,0.5,4.1
1809,A B Infrabuild,ABINFRA,Micro Cap,Manufacturing & Services,Diversified,11.35,37.16,725.03,0.05,5.34,76.25,16.06,19.0,0.5,4.1
1810,Neetu Yoshi,544434,Micro Cap,Manufacturing & Services,Diversified,186.35,28.91,723.27,0.0,13.47,54.2,31.78,20.0,0.5,4.1
1811,Taneja Aerospace,TANAA,Micro Cap,Manufacturing & Services,Diversified,282.15,37.63,719.5,0.89,5.73,10.31,15.6,21.0,0.5,4.1
1812,Parth Electrical,PARTH,Micro Cap,Manufacturing & Services,Diversified,525.7,50.46,718.52,0.0,8.13,117.61,21.05,22.0,0.5,4.1
1813,CWD,543378,Micro Cap,Manufacturing & Services,Diversified,315.65,64.61,718.41,0.0,6.32,105.67,17.98,23.0,0.5,4.1
1814,Empire Inds.,EMPIND,Micro Cap,Manufacturing & Services,Diversified,1195.6,12.74,717.36,2.09,14.17,183.6,17.95,24.0,0.5,4.1
1815,Shalimar Paints,SHALPAINTS,Micro Cap,Capital Goods & Engineering,Capital Goods,85.47,0.0,715.48,0.0,-21.26,137.72,-7.93,25.0,0.5,4.1
1816,Vasa Denticity,DENTALKART,Micro Cap,Manufacturing & Services,Diversified,412.0,59.05,714.55,0.0,4.19,82.17,9.21,26.0,0.5,4.1
1817,Adit.Birla Money,BIRLAMONEY,Micro Cap,Manufacturing & Services,Diversified,126.37,12.61,714.11,0.0,11.13,130.77,9.91,27.0,0.5,4.1
1818,Indef Manufactur,BAJAJINDEF,Micro Cap,Manufacturing & Services,Diversified,222.69,30.12,712.61,0.9,5.5,34.46,9.45,28.0,0.5,4.1
1819,Forbes Precision,544186,Micro Cap,Manufacturing & Services,Diversified,137.65,20.9,710.2,3.63,9.03,67.55,21.05,29.0,0.5,4.1
1820,Susan Electrical,544793,Micro Cap,Manufacturing & Services,Diversified,349.1,28.33,709.75,0.0,6.39,95.36,37.0,30.0,0.5,4.1
1821,GEE,504028,Micro Cap,Manufacturing & Services,Diversified,136.5,39.48,709.49,0.0,6.85,102.86,11.35,31.0,0.5,4.1
1822,Maan Aluminium,MAANALU,Micro Cap,Manufacturing & Services,Diversified,117.9,52.78,707.22,0.0,3.1,231.86,7.73,32.0,0.5,4.1
1823,Vascon Engineers,VASCONEQ,Micro Cap,Manufacturing & Services,Diversified,30.47,24.82,705.98,0.0,2.01,151.94,4.68,33.0,0.5,4.1
1824,Ganesh Consumer,GANESHCP,Micro Cap,Manufacturing & Services,Diversified,174.46,15.54,705.04,2.87,12.52,188.54,19.35,34.0,0.5,4.1
1825,Z-Tech (India),ZTECH,Micro Cap,IT & Software Services,IT & Software,476.3,19.07,703.23,0.0,4.05,29.14,19.76,70.0,1.0,8.4
1826,Manaksia Steels,MANAKSTEEL,Micro Cap,Metals & Mining,Metals & Mining,107.3,12.97,703.18,0.0,22.38,302.22,13.42,41.0,2.0,13.2
1827,Kalyani Cast-Tec,544023,Micro Cap,Manufacturing & Services,Diversified,976.85,39.27,701.43,0.0,7.53,57.59,31.04,12.0,0.5,4.1
1828,Emami Paper,EMAMIPAP,Micro Cap,Manufacturing & Services,Diversified,115.92,7.42,701.32,2.76,38.61,560.16,11.44,13.0,0.5,4.1
1829,Enkei Wheels,ENKEIWHEL,Micro Cap,Manufacturing & Services,Diversified,389.8,27.48,700.66,0.0,10.25,319.03,7.66,14.0,0.5,4.1
1830,Bafna Pharma.,BAFNAPH,Micro Cap,Pharmaceuticals & Healthcare,Pharma & Healthcare,295.85,89.84,699.87,0.0,0.08,26.58,11.87,15.0,0.5,4.1
1831,Hy-Tech Engineer,HTEL,Micro Cap,IT & Software Services,IT & Software,73.65,31.05,698.59,0.0,0.0,0.0,23.91,76.0,1.0,8.4
1832,Mercury EV-Tech,MERCURYEV,Micro Cap,IT & Software Services,IT & Software,36.74,153.06,697.96,0.0,1.65,33.38,2.64,77.0,1.0,8.4
1833,Maxgrow India,521167,Micro Cap,Manufacturing & Services,Diversified,174.55,1.2,697.24,0.0,199.39,7384.89,25.57,18.0,0.5,4.1
1834,Praveg,PRAVEG,Micro Cap,Manufacturing & Services,Diversified,266.15,0.0,695.73,0.38,-13.23,46.01,1.72,19.0,0.5,4.1
1835,Heranba Inds,HERANBA,Micro Cap,Manufacturing & Services,Diversified,173.83,0.0,695.55,0.58,7.03,383.2,-1.65,20.0,0.5,4.1
1836,South West Pinn.,SOUTHWEST,Micro Cap,Manufacturing & Services,Diversified,212.92,17.39,695.21,0.0,9.34,61.68,20.02,21.0,0.5,4.1
1837,Laxmi India Fin.,LAXMIINDIA,Micro Cap,Manufacturing & Services,Diversified,132.6,12.29,694.73,0.0,16.57,93.5,12.72,22.0,0.5,4.1
1838,Coffee Day Enter,COFFEEDAY,Micro Cap,Manufacturing & Services,Diversified,32.86,0.0,694.17,0.0,4.52,289.9,1.27,23.0,0.5,4.1
1839,India Finsec,535667,Micro Cap,Manufacturing & Services,Diversified,237.0,42.16,691.84,0.0,6.89,28.55,28.63,24.0,0.5,4.1
1840,Jayant Agro Org.,JAYAGROGN,Micro Cap,Manufacturing & Services,Diversified,230.6,12.74,691.8,1.52,20.63,796.61,11.63,25.0,0.5,4.1
1841,S T C,STCINDIA,Micro Cap,Manufacturing & Services,Diversified,115.28,14.31,691.68,0.0,9.77,0.0,0.0,26.0,0.5,4.1
1842,India Power Corp,DPSCLTD,Micro Cap,Power Utilities & Cleantech,Renewable Energy & Power,7.09,53.9,690.42,0.71,4.14,166.08,3.49,27.0,2.0,13.2
1843,GFL,GFLLIMITED,Micro Cap,Manufacturing & Services,Diversified,62.81,11.38,689.97,0.0,7.44,1.03,2.07,28.0,0.5,4.1
1844,Spel Semiconduct,SPELS,Micro Cap,Manufacturing & Services,Diversified,149.38,0.0,688.94,0.0,-1.34,0.08,0.06,29.0,0.5,4.1
1845,OSEL Devices,OSELDEVICE,Micro Cap,Manufacturing & Services,Diversified,385.15,23.43,685.36,0.0,14.06,145.81,24.4,30.0,0.5,4.1
1846,Kronox Lab,KRONOX,Micro Cap,Pharmaceuticals & Healthcare,Pharma & Healthcare,184.69,23.99,685.27,0.27,7.3,28.39,35.95,31.0,0.5,4.1
1847,Chembond Chemic.,CHEMBONDCH,Micro Cap,Chemicals & Petrochemicals,Chemicals,254.45,17.89,684.38,0.49,9.55,86.48,23.64,32.0,0.5,4.1
1848,Best Agrolife,BESTAGRO,Micro Cap,Manufacturing & Services,Diversified,19.29,23.11,684.16,0.52,40.65,396.2,5.16,33.0,0.5,4.1
1849,Xchanging Sol.,XCHANGING,Micro Cap,Manufacturing & Services,Diversified,61.4,11.25,684.02,3.26,15.12,53.64,18.02,34.0,0.5,4.1
1850,Veegaland Developers,id,Micro Cap,Manufacturing & Services,Diversified,0.0,25.65,682.5,0.0,0.0,0.0,17.3,10.0,0.5,4.1
1851,Ecos (India),ECOSMOBLTY,Micro Cap,Manufacturing & Services,Diversified,113.54,11.58,681.24,2.1,14.55,211.37,27.97,11.0,0.5,4.1
1852,Kanoria Chem.,KANORICHEM,Micro Cap,Chemicals & Petrochemicals,Chemicals,155.56,11.16,679.8,0.0,26.36,460.37,5.95,12.0,0.5,4.1
1853,Sheetal Cool,SCPL,Micro Cap,Manufacturing & Services,Diversified,646.45,32.7,678.77,0.0,6.99,132.64,16.0,13.0,0.5,4.1
1854,Cheviot Company,CHEVIOT,Micro Cap,Manufacturing & Services,Diversified,1159.4,9.92,677.31,2.16,45.29,170.55,10.19,14.0,0.5,4.1
1855,Euro India Fresh,EIFFL,Micro Cap,Manufacturing & Services,Diversified,273.05,127.29,677.16,0.0,0.74,36.06,9.84,15.0,0.5,4.1
1856,Influx Health.,INFLUX,Micro Cap,Manufacturing & Services,Diversified,291.35,32.84,674.49,0.0,10.55,80.07,39.98,16.0,0.5,4.1
1857,Agarwal Indl.,AGARIND,Micro Cap,Manufacturing & Services,Diversified,450.8,16.49,674.3,0.73,10.35,433.31,7.73,17.0,0.5,4.1
1858,TransIndia Real,TREL,Micro Cap,Manufacturing & Services,Diversified,27.44,17.62,674.19,1.82,11.48,21.85,3.81,18.0,0.5,4.1
1859,Allcargo Termi,ATL,Micro Cap,Manufacturing & Services,Diversified,25.31,15.97,673.78,0.0,6.37,214.41,11.2,19.0,0.5,4.1
1860,Zim Laboratories,ZIMLAB,Micro Cap,Pharmaceuticals & Healthcare,Pharma & Healthcare,125.5,182.0,673.41,0.0,-4.02,94.18,4.76,20.0,0.5,4.1
1861,Speciality Rest.,SPECIALITY,Micro Cap,Manufacturing & Services,Diversified,139.59,25.43,673.32,0.72,6.89,121.62,8.58,21.0,0.5,4.1
1862,Everest Inds.,EVERESTIND,Micro Cap,Manufacturing & Services,Diversified,423.9,0.0,672.13,0.24,102.09,435.86,-8.5,22.0,0.5,4.1
1863,BEML Land Assets,BLAL,Micro Cap,Manufacturing & Services,Diversified,160.88,292.57,669.98,0.0,-0.47,0.98,-192.83,23.0,0.5,4.1
1864,Sutlej Textiles,SUTLEJTEX,Micro Cap,Textiles & Apparel,Textiles,40.89,0.0,669.9,0.0,0.85,697.84,-2.32,39.0,1.0,7.3
1865,Fabtech Tech.,FABTECH,Micro Cap,IT & Software Services,IT & Software,150.2,13.73,667.65,0.4,4.21,74.98,13.58,70.0,1.0,8.4
1866,Kamat Hotels,KAMATHOTEL,Micro Cap,Manufacturing & Services,Diversified,225.51,15.88,664.81,0.0,9.69,90.54,15.83,26.0,0.5,4.1
1867,T.V. Today Netw.,TVTODAY,Micro Cap,Manufacturing & Services,Diversified,110.95,24.22,662.02,2.7,10.26,206.22,4.49,27.0,0.5,4.1
1868,GTPL Hathway,GTPL,Micro Cap,Manufacturing & Services,Diversified,58.67,82.68,659.82,3.41,1.37,1015.41,3.37,28.0,0.5,4.1
1869,Proventus Agro.,PROV,Micro Cap,Manufacturing & Services,Diversified,1910.0,46.65,659.6,0.0,7.58,535.38,11.48,29.0,0.5,4.1
1870,Rama Steel Tubes,RAMASTEEL,Micro Cap,Metals & Mining,Metals & Mining,4.02,50.79,657.69,0.0,5.44,223.34,5.57,25.0,2.0,13.2
1871,Gloster Ltd,GLOSTERLTD,Micro Cap,Manufacturing & Services,Diversified,596.5,51.0,652.77,3.35,-2.34,427.39,5.85,31.0,0.5,4.1
1872,Aries Agro,ARIES,Micro Cap,Manufacturing & Services,Diversified,500.1,13.62,650.35,0.3,14.84,187.59,21.2,32.0,0.5,4.1
1873,SMT Engineering,538563,Micro Cap,Manufacturing & Services,Diversified,358.9,26.43,648.53,0.0,3.81,30.93,25.22,33.0,0.5,4.1
1874,Uniphos Enter.,UNIENTER,Micro Cap,Manufacturing & Services,Diversified,93.19,31.99,648.14,3.76,-1.19,0.0,0.8,34.0,0.5,4.1
1875,Manba Finance,MANBA,Micro Cap,Banking & Financial Services,BFSI,128.95,13.26,647.84,0.78,13.26,92.6,12.49,10.0,0.5,4.1
1876,Kuantum Papers,KUANTUM,Micro Cap,Manufacturing & Services,Diversified,74.18,17.92,647.32,3.37,6.23,303.75,5.24,11.0,0.5,4.1
1877,Ksolves India,KSOLVES,Micro Cap,Manufacturing & Services,Diversified,272.05,18.46,645.31,4.04,8.49,40.13,127.4,12.0,0.5,4.1
1878,Indo Farm Equip.,INDOFARM,Micro Cap,Manufacturing & Services,Diversified,134.03,25.84,644.04,0.0,5.66,110.24,7.42,13.0,0.5,4.1
1879,Saurashtra Cem.,SAURASHCEM,Micro Cap,Manufacturing & Services,Diversified,57.61,39.97,641.13,0.0,9.13,456.75,2.51,14.0,0.5,4.1
1880,Voith Paper,VOITHPAPR,Micro Cap,Manufacturing & Services,Diversified,1458.6,14.27,640.33,0.69,12.64,52.15,14.89,15.0,0.5,4.1
1881,Niyogin Fintech,538772,Micro Cap,IT & Software Services,IT & Software,57.52,0.0,639.9,0.0,-5.01,65.58,5.57,46.0,1.0,8.4
1882,C C C L,CCCL,Micro Cap,Manufacturing & Services,Diversified,14.27,0.0,637.53,0.0,-5.49,120.27,-1.85,17.0,0.5,4.1
1883,Axtel Industries,AXTEL,Micro Cap,Manufacturing & Services,Diversified,394.5,20.41,637.31,3.04,1.96,32.31,29.95,18.0,0.5,4.1
1884,Sharat Industrie,SHINDL,Micro Cap,Manufacturing & Services,Diversified,162.42,37.89,636.92,0.15,6.28,120.3,12.92,19.0,0.5,4.1
1885,Bai-Kakaji Poly.,544670,Micro Cap,Manufacturing & Services,Diversified,297.35,29.01,636.46,0.0,13.32,192.04,21.21,20.0,0.5,4.1
1886,Mallcom (India),MALLCOM,Micro Cap,Manufacturing & Services,Diversified,1018.15,23.74,635.33,0.29,6.57,109.49,11.44,21.0,0.5,4.1
1887,Neueon Corporation,NEUEON,Micro Cap,Manufacturing & Services,Diversified,11.22,0.0,634.43,0.0,-0.91,0.06,-40.43,22.0,0.5,4.1
1888,Satia Industries,SATIA,Micro Cap,Manufacturing & Services,Diversified,63.36,0.0,633.6,0.63,-17.12,361.81,3.94,23.0,0.5,4.1
1889,Sunita Tools Ltd,544001,Micro Cap,Manufacturing & Services,Diversified,1008.4,97.28,633.32,0.0,3.42,31.18,10.52,24.0,0.5,4.1
1890,Onward Technolog,ONWARDTEC,Micro Cap,IT & Software Services,IT & Software,284.35,14.05,632.66,2.81,11.17,149.43,22.94,55.0,1.0,8.4
1891,Kilitch Drugs,KILITCH,Micro Cap,FMCG & Consumer Goods,FMCG,180.95,21.05,632.63,0.0,1.96,44.88,13.43,26.0,0.5,4.1
1892,Shraddha Prime,SHRADDHA,Micro Cap,Manufacturing & Services,Diversified,156.48,9.83,632.19,0.19,19.3,107.72,27.98,27.0,0.5,4.1
1893,Technocrats Plasma,544877,Micro Cap,IT & Software Services,IT & Software,361.0,77.9,631.75,0.0,3.55,30.68,50.39,58.0,1.0,8.4
1894,Innovana Think.,INNOVANA,Micro Cap,Manufacturing & Services,Diversified,305.2,20.47,630.54,0.0,5.53,38.97,16.35,29.0,0.5,4.1
1895,Vakrangee,VAKRANGEE,Micro Cap,Manufacturing & Services,Diversified,5.79,58.75,627.17,0.0,2.25,55.92,7.51,30.0,0.5,4.1
1896,Namo eWaste,NAMOEWASTE,Micro Cap,Manufacturing & Services,Diversified,274.1,43.68,626.8,0.0,7.36,107.28,21.33,31.0,0.5,4.1
1897,Prakash Pipes,PPL,Micro Cap,Manufacturing & Services,Diversified,262.0,12.69,626.66,0.38,16.42,241.45,12.48,32.0,0.5,4.1
1898,Artson,522134,Micro Cap,Manufacturing & Services,Diversified,169.2,0.0,624.69,0.0,-0.41,26.13,-14.6,33.0,0.5,4.1
1899,Hardwyn India,HARDWYN,Micro Cap,Manufacturing & Services,Diversified,9.13,52.33,624.31,0.0,2.72,30.08,4.7,34.0,0.5,4.1
1900,Dhunseri Invest.,DHUNINV,Micro Cap,Manufacturing & Services,Diversified,1019.15,6.55,621.39,0.29,193.78,258.95,3.24,10.0,0.5,4.1
1901,Hindustan Media,HMVL,Micro Cap,Manufacturing & Services,Diversified,84.28,3.87,620.9,0.0,51.17,197.18,11.5,11.0,0.5,4.1
1902,Asian Hotels (W),AHLWEST,Micro Cap,Manufacturing & Services,Diversified,530.85,6.85,618.5,0.0,14.28,97.71,19.66,12.0,0.5,4.1
1903,Orient Bell,ORIENTBELL,Micro Cap,Manufacturing & Services,Diversified,420.1,29.16,618.2,0.24,8.43,200.97,5.58,13.0,0.5,4.1
1904,Snowman Logistic,SNOWMAN,Micro Cap,Manufacturing & Services,Diversified,36.85,262.01,615.72,1.36,4.55,177.68,3.77,14.0,0.5,4.1
1905,Virat Industries,VIRAT,Micro Cap,Manufacturing & Services,Diversified,423.35,99.49,614.85,0.0,2.13,9.46,7.51,15.0,0.5,4.1
1906,Aerpace Indus,534733,Micro Cap,Manufacturing & Services,Diversified,39.96,0.0,614.82,0.0,-4.16,0.0,-21.52,16.0,0.5,4.1
1907,Sreeleathers,SREEL,Micro Cap,Manufacturing & Services,Diversified,265.52,18.72,614.81,0.75,6.99,59.63,8.0,17.0,0.5,4.1
1908,Kanpur Plastipa.,KANPRPLA,Micro Cap,Manufacturing & Services,Diversified,250.2,14.16,614.8,0.48,12.14,203.16,17.15,18.0,0.5,4.1
1909,Orbit Exports,ORBTEXP,Micro Cap,Manufacturing & Services,Diversified,239.02,14.52,613.31,0.21,24.63,77.09,14.62,19.0,0.5,4.1
1910,Global Education,GLOBAL,Micro Cap,Manufacturing & Services,Diversified,120.45,24.82,613.11,0.83,4.39,13.5,29.2,20.0,0.5,4.1
1911,KRM Ayurveda,KRMAYURVED,Micro Cap,Manufacturing & Services,Diversified,287.85,24.33,611.99,0.0,9.08,32.32,35.31,21.0,0.5,4.1
1912,Kinetic Engg.,500240,Micro Cap,Manufacturing & Services,Diversified,226.85,0.0,610.48,0.0,-12.97,50.58,3.61,22.0,0.5,4.1
1913,Patil Automation,PATILAUTOM,Micro Cap,Automotive & 2W/3W,Auto Ancillary & Components,279.35,34.28,609.56,0.0,11.54,95.31,0.0,38.0,1.0,7.3
1914,Shiv Aum Steels,SHIVAUM,Micro Cap,Metals & Mining,Metals & Mining,448.05,64.01,609.37,0.0,3.68,138.56,8.2,39.0,2.0,13.2
1915,E to E Transportation,E2ERAIL,Micro Cap,Manufacturing & Services,Diversified,353.1,36.27,609.36,0.0,24.11,268.99,14.79,25.0,0.5,4.1
1916,H T Media,HTMEDIA,Micro Cap,Manufacturing & Services,Diversified,26.12,5.0,608.0,0.0,43.51,437.3,7.42,26.0,0.5,4.1
1917,Innovision,INNOVISION,Micro Cap,Manufacturing & Services,Diversified,254.9,35.21,607.0,0.0,-7.35,263.82,20.28,27.0,0.5,4.1
1918,Univastu India,UNIVASTU,Micro Cap,Manufacturing & Services,Diversified,168.34,19.96,605.8,0.0,10.06,103.72,29.96,28.0,0.5,4.1
1919,Z F Steering,ZFSTEERING,Micro Cap,Manufacturing & Services,Diversified,667.5,30.02,605.42,0.0,11.42,143.06,6.48,29.0,0.5,4.1
1920,Pasupati Acrylon,PASUPTAC,Micro Cap,Manufacturing & Services,Diversified,67.64,6.28,602.88,0.0,27.39,238.26,21.15,30.0,0.5,4.1
1921,Magna Electrocas,517449,Micro Cap,Manufacturing & Services,Diversified,1423.5,38.74,602.44,0.35,3.73,50.81,17.4,31.0,0.5,4.1
1922,Mold-Tek Technol,MOLDTECH,Micro Cap,IT & Software Services,IT & Software,208.96,32.69,601.91,1.91,9.0,59.54,10.61,47.0,1.0,8.4
1923,Om Power Transmission,OMPOWER,Micro Cap,Power Utilities & Cleantech,Renewable Energy & Power,175.68,14.26,601.62,0.0,10.52,121.63,42.7,18.0,2.0,13.2
1924,Nahar Poly,NAHARPOLY,Micro Cap,Manufacturing & Services,Diversified,244.54,8.32,601.27,0.61,11.68,159.92,10.56,34.0,0.5,4.1
1925,Ugar Sugar Works,UGARSUGAR,Micro Cap,Manufacturing & Services,Diversified,53.35,20.81,600.19,0.19,1.49,477.88,9.0,10.0,0.5,4.1
1926,Axentra Corp,511634,Micro Cap,Manufacturing & Services,Diversified,304.6,612.31,600.06,0.0,0.22,9.99,0.0,11.0,0.5,4.1
1927,L. T. Elevator,544518,Micro Cap,Manufacturing & Services,Diversified,313.0,35.24,599.8,0.0,10.57,64.45,30.38,12.0,0.5,4.1
1928,DCM Shriram Intl,DCMSIL,Micro Cap,Banking & Financial Services,BFSI,68.76,246.16,598.16,0.58,0.03,108.59,3.57,13.0,0.5,4.1
1929,Veefin Solutions,543931,Micro Cap,Manufacturing & Services,Diversified,234.0,26.23,597.62,0.0,9.5,113.97,9.85,14.0,0.5,4.1
1930,Merritronix,544773,Micro Cap,Manufacturing & Services,Diversified,340.45,36.97,595.27,0.0,3.81,55.95,41.14,15.0,0.5,4.1
1931,Nahar Indl. Ent.,NAHARINDUS,Micro Cap,Manufacturing & Services,Diversified,137.63,8.13,594.64,0.0,24.98,316.53,6.63,16.0,0.5,4.1
1932,BIGBLOC Const.,BIGBLOC,Micro Cap,Manufacturing & Services,Diversified,41.92,353.27,593.49,0.0,-0.72,79.15,1.87,17.0,0.5,4.1
1933,Captain Techno.,540652,Micro Cap,IT & Software Services,IT & Software,255.0,50.96,592.11,0.0,5.73,67.39,29.73,58.0,1.0,8.4
1934,Allied Digital,ADSL,Micro Cap,Manufacturing & Services,Diversified,104.13,15.16,589.9,1.44,12.39,260.49,7.39,19.0,0.5,4.1
1935,Sh. Rama Multi.,SHREERAMA,Micro Cap,Manufacturing & Services,Diversified,44.12,23.11,588.86,0.0,8.06,80.52,18.16,20.0,0.5,4.1
1936,Subam Papers,544267,Micro Cap,Manufacturing & Services,Diversified,213.9,179.2,587.78,0.0,-0.52,171.41,5.02,21.0,0.5,4.1
1937,Softtech Enginee,SOFTTECH,Micro Cap,IT & Software Services,IT & Software,423.15,116.22,585.73,0.0,1.16,33.28,6.21,62.0,1.0,8.4
1938,NBI Indl. Fin.,NBIFIN,Micro Cap,Manufacturing & Services,Diversified,1981.9,42.16,585.62,0.04,1.11,2.17,0.56,23.0,0.5,4.1
1939,Prabhatam Infra Venture Venture,531647,Micro Cap,Manufacturing & Services,Diversified,26.39,0.0,584.64,0.0,-0.27,0.13,-97.14,24.0,0.5,4.1
1940,TIPCO Engineering,544740,Micro Cap,Manufacturing & Services,Diversified,281.3,23.08,584.19,0.0,16.73,94.97,36.23,25.0,0.5,4.1
1941,Hind.Composites,HINDCOMPOS,Micro Cap,Manufacturing & Services,Diversified,394.85,33.36,583.15,0.51,8.68,20.05,0.48,26.0,0.5,4.1
1942,Triton Valves,TRITONV,Micro Cap,Manufacturing & Services,Diversified,1136.1,29.86,581.92,0.22,9.79,186.6,11.41,27.0,0.5,4.1
1943,Credent Connect N Care,CREDENT,Micro Cap,Manufacturing & Services,Diversified,317.7,31.38,578.94,0.0,7.61,90.03,0.0,28.0,0.5,4.1
1944,Hitech Corp.,HITECHCORP,Micro Cap,IT & Software Services,IT & Software,337.0,30.46,578.82,0.3,7.11,225.67,9.66,69.0,1.0,8.4
1945,Panchmahal Steel,PANCHMAHQ,Micro Cap,Metals & Mining,Metals & Mining,303.0,144.53,578.12,0.99,4.34,93.97,3.11,40.0,2.0,13.2
1946,Goel Construct.,544504,Micro Cap,Manufacturing & Services,Diversified,400.0,12.75,577.98,0.0,29.49,411.92,33.92,31.0,0.5,4.1
1947,Black Rose Indus,BLACKROSE,Micro Cap,Manufacturing & Services,Diversified,113.02,20.1,576.4,1.77,10.39,89.08,18.69,32.0,0.5,4.1
1948,KSE,KSE,Micro Cap,Manufacturing & Services,Diversified,180.12,12.51,576.38,6.94,0.94,453.67,33.55,33.0,0.5,4.1
1949,Valiant Laborato,VALIANTLAB,Micro Cap,Pharmaceuticals & Healthcare,Pharma & Healthcare,105.97,35.97,575.55,0.0,21.1,115.29,0.75,34.0,0.5,4.1
1950,DC Infotech,DCI,Micro Cap,IT & Software Services,IT & Software,350.55,26.14,574.9,0.03,4.71,167.2,22.97,75.0,1.0,8.4
1951,Glottis,GLOTTIS,Micro Cap,Manufacturing & Services,Diversified,62.1,15.74,573.82,0.0,10.69,234.51,23.53,11.0,0.5,4.1
1952,CSL Finance,CSLFINANCE,Micro Cap,Banking & Financial Services,BFSI,251.77,6.59,573.6,1.19,22.15,69.97,14.47,12.0,0.5,4.1
1953,Stellant Secu.,526071,Micro Cap,Manufacturing & Services,Diversified,1035.85,15.63,573.45,0.02,17.07,11.79,71.73,13.0,0.5,4.1
1954,PNGS Gargi FJ,543709,Micro Cap,Manufacturing & Services,Diversified,547.0,18.37,572.73,0.0,5.05,30.22,33.76,14.0,0.5,4.1
1955,Foce India,FOCE,Micro Cap,Manufacturing & Services,Diversified,487.0,38.2,571.89,0.0,9.16,86.7,16.06,15.0,0.5,4.1
1956,Systematic Inds.,544541,Micro Cap,Manufacturing & Services,Diversified,255.75,26.58,571.12,0.0,11.73,298.83,17.45,16.0,0.5,4.1
1957,Arvaya Healthcare,524723,Micro Cap,Manufacturing & Services,Diversified,118.75,428.77,570.26,0.0,0.53,29.91,0.0,17.0,0.5,4.1
1958,Aqylon Nexus,AQYLON,Micro Cap,Manufacturing & Services,Diversified,22.46,802.65,569.88,0.0,4.26,8.47,131.18,18.0,0.5,4.1
1959,Mawana Sugars,MAWANASUG,Micro Cap,Manufacturing & Services,Diversified,145.43,16.78,568.92,2.75,-23.09,415.66,8.35,19.0,0.5,4.1
1960,DIC India,DICIND,Micro Cap,Manufacturing & Services,Diversified,618.6,18.51,567.81,0.48,14.27,283.95,6.42,20.0,0.5,4.1
1961,Chandrima Mercan,540829,Micro Cap,Manufacturing & Services,Diversified,17.01,227.6,566.72,0.0,0.05,0.71,4.73,21.0,0.5,4.1
1962,Satani Bearings,505703,Micro Cap,Manufacturing & Services,Diversified,283.05,5146.36,566.1,0.0,-0.21,5.61,1.0,22.0,0.5,4.1
1963,Pyramid Technopl,PYRAMID,Micro Cap,IT & Software Services,IT & Software,153.83,18.04,565.86,0.33,10.45,222.49,12.28,48.0,1.0,8.4
1964,Linc,LINC,Micro Cap,Manufacturing & Services,Diversified,95.07,16.45,565.56,1.58,5.1,135.65,19.12,24.0,0.5,4.1
1965,Integra Engg.,505358,Micro Cap,Manufacturing & Services,Diversified,164.15,38.05,565.09,0.0,4.51,44.3,18.52,25.0,0.5,4.1
1966,SK Minerals & Additives,544584,Micro Cap,Manufacturing & Services,Diversified,461.5,28.01,564.88,0.0,3.7,64.45,26.15,26.0,0.5,4.1
1967,VTM,VTMLTD,Micro Cap,Manufacturing & Services,Diversified,56.12,51.17,564.39,1.51,1.93,98.4,5.09,27.0,0.5,4.1
1968,FratelliVineyard,541741,Micro Cap,Manufacturing & Services,Diversified,129.0,0.0,560.79,0.0,-3.67,44.72,-4.87,28.0,0.5,4.1
1969,Kiran Vyapar,KIRANVYPAR,Micro Cap,Manufacturing & Services,Diversified,205.41,81.11,560.44,0.49,19.45,33.06,1.59,29.0,0.5,4.1
1970,Saakshi Medtech,SAAKSHI,Micro Cap,IT & Software Services,IT & Software,317.3,45.58,560.22,0.0,5.66,57.19,14.32,55.0,1.0,8.4
1971,TPL Plastech,TPLPLASTEH,Micro Cap,IT & Software Services,IT & Software,71.74,18.57,559.59,1.81,6.54,124.38,22.28,56.0,1.0,8.4
1972,Sayaji Hotels,SAYAJIHOTL,Micro Cap,Manufacturing & Services,Diversified,319.35,0.0,559.44,0.0,0.3,20.0,-0.49,32.0,0.5,4.1
1973,VISA Chrome,VISACHROME,Micro Cap,Manufacturing & Services,Diversified,38.34,0.0,558.96,0.0,-9.56,120.44,-5.58,33.0,0.5,4.1
1974,Iware Supplych.,IWARE,Micro Cap,Manufacturing & Services,Diversified,485.35,38.84,558.48,0.21,8.63,164.23,27.97,34.0,0.5,4.1
1975,Supreme Power,SUPREMEPWR,Micro Cap,Power Utilities & Cleantech,Renewable Energy & Power,222.6,26.63,556.3,0.0,4.9,51.06,21.51,40.0,2.0,13.2
1976,Ganesh Green,GGBL,Micro Cap,Power Utilities & Cleantech,Renewable Energy & Power,222.9,7.36,552.81,0.22,42.34,724.85,36.81,41.0,2.0,13.2
1977,Aptus Pharma,544529,Micro Cap,Pharmaceuticals & Healthcare,Pharma & Healthcare,320.45,118.95,549.57,0.0,2.87,32.2,29.96,12.0,0.5,4.1
1978,Peninsula Land,PENINLAND,Micro Cap,Manufacturing & Services,Diversified,16.55,0.0,549.01,0.0,-7.72,23.4,4.91,13.0,0.5,4.1
1979,CLN Energy,544347,Micro Cap,Power Utilities & Cleantech,Renewable Energy & Power,520.0,26.7,548.77,0.0,11.99,193.96,22.38,44.0,2.0,13.2
1980,Sh. Jagdamba Pol,SHRJAGP,Micro Cap,Manufacturing & Services,Diversified,625.65,11.56,547.94,0.16,18.95,180.92,15.34,15.0,0.5,4.1
1981,IRIS Regtech Solutions,IRIS,Micro Cap,IT & Software Services,IT & Software,265.92,42.66,546.95,0.0,-0.97,32.75,10.61,66.0,1.0,8.4
1982,Riddhi Siddhi Gl,524480,Micro Cap,Manufacturing & Services,Diversified,766.0,38.58,546.14,0.39,3.01,89.87,2.74,17.0,0.5,4.1
1983,Dhabriya Poly.,DHABRIYA,Micro Cap,Manufacturing & Services,Diversified,503.45,16.79,544.95,0.14,8.86,68.31,25.64,18.0,0.5,4.1
1984,GP Eco Solutions,GPECO,Micro Cap,Manufacturing & Services,Diversified,441.55,13.57,544.42,0.0,32.94,292.91,38.27,19.0,0.5,4.1
1985,Shish Industries,540693,Micro Cap,Manufacturing & Services,Diversified,12.9,159.16,544.32,0.0,-2.15,35.49,6.74,20.0,0.5,4.1
1986,Concord Enviro,CEWATER,Micro Cap,Manufacturing & Services,Diversified,262.55,0.0,543.38,0.0,-17.57,85.35,6.76,21.0,0.5,4.1
1987,Hemant Surgical,543916,Micro Cap,Manufacturing & Services,Diversified,372.35,29.69,541.31,0.0,12.83,166.73,19.64,22.0,0.5,4.1
1988,Mazda,MAZDA,Micro Cap,Manufacturing & Services,Diversified,270.0,18.07,540.68,1.48,7.33,80.34,15.61,23.0,0.5,4.1
1989,High Energy Bat.,504176,Micro Cap,Power Utilities & Cleantech,Renewable Energy & Power,602.75,39.44,540.3,0.5,-1.82,7.89,20.37,24.0,2.0,13.2
1990,Mindteck (India),MINDTECK,Micro Cap,Manufacturing & Services,Diversified,168.81,16.33,539.42,0.59,8.36,104.08,15.08,25.0,0.5,4.1
1991,Zee Media,ZEEMEDIA,Micro Cap,Manufacturing & Services,Diversified,8.22,159.87,538.76,0.0,-12.12,190.85,5.27,26.0,0.5,4.1
1992,Universus Photo,UNIVPHOTO,Micro Cap,Manufacturing & Services,Diversified,490.4,0.0,536.82,0.0,45.33,5.48,-9.34,27.0,0.5,4.1
1993,Fabtech Cleanrooms,544332,Micro Cap,IT & Software Services,IT & Software,435.3,33.9,536.26,0.46,13.29,143.14,19.7,78.0,1.0,8.4
1994,Blue Water,BLUEWATER,Micro Cap,Manufacturing & Services,Diversified,486.75,15.02,535.43,0.0,13.97,211.22,31.41,29.0,0.5,4.1
1995,Khaitan Chemical,KHAICHEM,Micro Cap,Chemicals & Petrochemicals,Chemicals,54.86,9.13,532.08,0.09,10.91,220.94,18.5,30.0,0.5,4.1
1996,Lakshmi Mills,LAKSHMIMIL,Micro Cap,Textiles & Apparel,Textiles,7621.0,54.29,530.42,0.13,3.11,59.72,1.96,71.0,1.0,7.3
1997,Orient Ceratech,ORIENTCER,Micro Cap,IT & Software Services,IT & Software,43.91,15.59,525.34,0.8,8.57,100.65,11.45,82.0,1.0,8.4
1998,Modern Malleable,517336,Micro Cap,Manufacturing & Services,Diversified,44.99,21.5,524.25,0.0,7.5,55.23,14.99,33.0,0.5,4.1
1999,Kaya Ltd,KAYA,Micro Cap,Manufacturing & Services,Diversified,345.1,0.0,524.12,0.0,-27.77,55.8,-45.56,34.0,0.5,4.1
2000,Pajson Agro,544657,Micro Cap,Manufacturing & Services,Diversified,220.0,21.11,523.81,0.0,10.57,137.35,31.38,10.0,0.5,4.1
2001,Oswal Green Tech,OSWALGREEN,Micro Cap,Power Utilities & Cleantech,Renewable Energy & Power,20.39,13.5,523.63,0.0,8.42,4.71,1.75,36.0,2.0,13.2
2002,Sugs Lloyd,544501,Micro Cap,Manufacturing & Services,Diversified,225.55,17.22,523.59,0.0,7.5,78.4,29.04,12.0,0.5,4.1
2003,Pansari Develop.,PANSARI,Micro Cap,Manufacturing & Services,Diversified,300.05,26.53,523.49,0.0,3.98,14.65,12.48,13.0,0.5,4.1
2004,Intl. Conveyors,INTLCONV,Micro Cap,Manufacturing & Services,Diversified,81.18,3.8,517.77,0.62,119.82,35.32,20.6,14.0,0.5,4.1
2005,Haz.Multi Proj.,HAZOOR,Micro Cap,Manufacturing & Services,Diversified,19.13,17.72,517.71,2.09,0.3,119.66,12.02,15.0,0.5,4.1
2006,Chemfab Alka.,CHEMFAB,Micro Cap,Chemicals & Petrochemicals,Chemicals,360.1,0.0,517.6,0.35,5.73,73.16,1.03,16.0,0.5,4.1
2007,Chandan Healthca,CHANDAN,Micro Cap,Manufacturing & Services,Diversified,211.5,19.69,517.16,0.0,7.92,80.85,23.07,17.0,0.5,4.1
2008,Aptech,APTECHT,Micro Cap,IT & Software Services,IT & Software,89.13,19.91,516.98,5.05,7.65,133.75,15.41,53.0,1.0,8.4
2009,Megamont,523888,Micro Cap,Manufacturing & Services,Diversified,179.0,58.61,516.98,0.0,2.22,219.21,23.01,19.0,0.5,4.1
2010,Munjal Showa,MUNJALSHOW,Micro Cap,Manufacturing & Services,Diversified,129.21,19.55,516.78,3.48,11.23,347.5,4.53,20.0,0.5,4.1
2011,Blue Pearl Agri,514440,Micro Cap,Manufacturing & Services,Diversified,8.57,491.8,516.39,0.0,0.28,10.66,2.23,21.0,0.5,4.1
2012,OnMobile Global,ONMOBILE,Micro Cap,Manufacturing & Services,Diversified,48.49,0.0,515.71,0.0,-28.92,122.76,-0.12,22.0,0.5,4.1
2013,Shivalik Rasayan,SHIVALIK,Micro Cap,Manufacturing & Services,Diversified,327.4,37.7,515.67,0.15,4.5,96.34,4.63,23.0,0.5,4.1
2014,Primo Chemicals,PRIMO,Micro Cap,Chemicals & Petrochemicals,Chemicals,21.27,33.02,515.46,0.0,4.68,140.28,6.48,24.0,0.5,4.1
2015,Aryaman Capital,538716,Micro Cap,Manufacturing & Services,Diversified,429.0,20.89,513.82,0.0,7.83,9.28,31.88,25.0,0.5,4.1
2016,Vipul Organics,530627,Micro Cap,Manufacturing & Services,Diversified,269.2,62.78,512.95,0.3,2.53,51.78,8.43,26.0,0.5,4.1
2017,PTL Enterprises,PTL,Micro Cap,Manufacturing & Services,Diversified,38.74,11.22,512.83,6.45,8.75,16.08,7.72,27.0,0.5,4.1
2018,KD Green Industries,KDGREEN,Micro Cap,Power Utilities & Cleantech,Renewable Energy & Power,50.44,120.48,512.02,0.0,3.67,34.18,0.0,23.0,2.0,13.2
2019,Msafe Equipments,544695,Micro Cap,Manufacturing & Services,Diversified,250.8,19.18,511.63,0.0,7.27,31.79,37.21,29.0,0.5,4.1
2020,Cryogenic OGS,544440,Micro Cap,Manufacturing & Services,Diversified,357.7,59.26,510.8,0.0,4.47,19.76,29.56,30.0,0.5,4.1
2021,SIL Investments,SILINV,Micro Cap,Manufacturing & Services,Diversified,478.8,10.13,507.53,0.52,20.54,23.55,1.75,31.0,0.5,4.1
2022,Anlon Tech,ANLON,Micro Cap,IT & Software Services,IT & Software,670.0,36.25,503.16,0.0,8.45,64.54,27.08,67.0,1.0,8.4
2023,Qualitek Labs,544091,Micro Cap,Pharmaceuticals & Healthcare,Pharma & Healthcare,430.0,34.2,501.04,0.0,9.83,70.27,11.94,33.0,0.5,4.1
2024,Rays of Belief,id,Micro Cap,Manufacturing & Services,Diversified,0.0,100.72,499.55,0.0,0.0,0.0,0.0,34.0,0.5,4.1
2025,S J Logistics (I,SJLOGISTIC,Micro Cap,Manufacturing & Services,Diversified,315.7,6.59,499.54,0.0,43.43,370.89,32.38,10.0,0.5,4.1
2026,KN Agri Resource,KNAGRI,Micro Cap,Manufacturing & Services,Diversified,199.4,13.98,498.48,0.0,13.46,509.08,13.33,11.0,0.5,4.1
2027,The Invest.Trust,THEINVEST,Micro Cap,Manufacturing & Services,Diversified,95.0,15.23,496.3,0.0,12.38,59.36,8.54,12.0,0.5,4.1
2028,Australian Prem,APS,Micro Cap,Manufacturing & Services,Diversified,244.75,8.73,493.42,0.04,28.39,388.18,55.94,13.0,0.5,4.1
2029,Sukhjit Starch,SUKHJITS,Micro Cap,Manufacturing & Services,Diversified,157.86,14.43,493.22,0.63,12.15,395.65,5.88,14.0,0.5,4.1
2030,Oswal Agro Mills,OSWALAGRO,Micro Cap,Textiles & Apparel,Textiles,36.66,0.0,492.09,0.0,5.13,0.0,2.03,55.0,1.0,7.3
2031,Credo Brands,MUFTI,Micro Cap,Manufacturing & Services,Diversified,75.23,11.08,491.96,2.66,2.29,125.27,14.38,16.0,0.5,4.1
2032,Digilogic Systems,544684,Micro Cap,Manufacturing & Services,Diversified,169.8,49.76,491.59,0.0,8.53,59.25,18.56,17.0,0.5,4.1
2033,Delton Cables,504240,Micro Cap,Manufacturing & Services,Diversified,568.6,25.64,491.27,0.35,7.59,286.36,14.81,18.0,0.5,4.1
2034,Albert David,ALBERTDAVD,Micro Cap,Manufacturing & Services,Diversified,860.25,21.76,491.2,0.58,32.0,101.34,0.82,19.0,0.5,4.1
2035,PropshareTitania,544462,Micro Cap,Manufacturing & Services,Diversified,1100000.0,846.24,490.82,6.49,5.98,11.8,5.09,20.0,0.5,4.1
2036,HRS Aluglaze,544656,Micro Cap,Manufacturing & Services,Diversified,253.95,47.91,489.67,0.0,5.68,41.2,18.87,21.0,0.5,4.1
2037,Ent.Network,ENIL,Micro Cap,Manufacturing & Services,Diversified,102.65,366.22,489.34,1.95,-6.01,113.69,-0.75,22.0,0.5,4.1
2038,Nurture Well Industries,531889,Micro Cap,Manufacturing & Services,Diversified,20.99,8.41,488.73,0.0,13.47,152.81,22.92,23.0,0.5,4.1
2039,Plastiblends (I),PLASTIBLEN,Micro Cap,Manufacturing & Services,Diversified,187.91,11.43,488.36,1.6,14.95,221.61,10.68,24.0,0.5,4.1
2040,Azad India,AZADIND,Micro Cap,Manufacturing & Services,Diversified,89.59,158.36,487.76,0.0,0.78,16.45,3.2,25.0,0.5,4.1
2041,Uday Jewellery,UDAYJEW,Micro Cap,Manufacturing & Services,Diversified,143.0,14.6,486.96,0.35,10.67,143.27,22.39,26.0,0.5,4.1
2042,CSM Technologies,CSM,Micro Cap,IT & Software Services,IT & Software,94.36,19.62,486.93,0.0,-8.28,42.7,29.19,47.0,1.0,8.4
2043,JD Cables,544524,Micro Cap,Manufacturing & Services,Diversified,215.6,15.33,486.2,0.0,19.8,243.34,33.63,28.0,0.5,4.1
2044,Filtron Engineer,531191,Micro Cap,Manufacturing & Services,Diversified,76.5,84.36,485.9,0.0,1.53,22.26,11.31,29.0,0.5,4.1
2045,Lancer Containe.,LANCER,Micro Cap,Manufacturing & Services,Diversified,13.03,31.29,484.43,0.0,5.24,131.88,1.95,30.0,0.5,4.1
2046,Mcleod Russel,MCLEODRUSS,Micro Cap,Manufacturing & Services,Diversified,46.3,9.07,483.63,0.0,-13.38,261.11,-4.68,31.0,0.5,4.1
2047,Urja Global,URJA,Micro Cap,Manufacturing & Services,Diversified,9.18,339.7,482.37,0.0,0.43,13.96,1.3,32.0,0.5,4.1
2048,Mangal Credit,MANCREDIT,Micro Cap,Manufacturing & Services,Diversified,228.33,26.81,482.1,0.33,5.69,22.16,12.48,33.0,0.5,4.1
2049,IL&FS Engg.,IL&FSENGG,Micro Cap,Manufacturing & Services,Diversified,36.75,36.37,481.87,0.0,0.01,37.6,0.0,34.0,0.5,4.1
2050,Nila Spaces,NILASPACES,Micro Cap,Manufacturing & Services,Diversified,12.23,15.45,481.73,0.0,8.6,46.67,31.32,10.0,0.5,4.1
2051,Goodricke Group,500166,Micro Cap,Manufacturing & Services,Diversified,222.85,9.94,481.36,0.9,40.87,211.3,5.11,11.0,0.5,4.1
2052,S Chand & Compan,SCHAND,Micro Cap,Manufacturing & Services,Diversified,136.41,6.5,481.15,2.93,-18.73,114.55,10.2,12.0,0.5,4.1
2053,BMW Ventures,BMWVENTLTD,Micro Cap,Manufacturing & Services,Diversified,55.36,11.99,480.05,2.71,10.58,608.9,11.95,13.0,0.5,4.1
2054,Donear Inds.,DONEAR,Micro Cap,Manufacturing & Services,Diversified,92.25,10.44,479.7,0.22,11.29,212.11,13.52,14.0,0.5,4.1
2055,Sigma Solve,SIGMA,Micro Cap,Manufacturing & Services,Diversified,46.66,15.33,479.55,1.07,12.58,23.03,48.33,15.0,0.5,4.1
2056,Bizotic Commer.,543926,Micro Cap,Manufacturing & Services,Diversified,82.81,26.69,479.07,0.0,9.71,177.0,26.79,16.0,0.5,4.1
2057,Singer India,SINGERIND,Micro Cap,Manufacturing & Services,Diversified,76.98,25.67,478.96,0.52,3.0,144.55,10.93,17.0,0.5,4.1
2058,Shardul Sec.,SHARDUL,Micro Cap,Manufacturing & Services,Diversified,54.49,20.58,476.74,0.0,142.67,189.26,-5.88,18.0,0.5,4.1
2059,Basilic Fly Stud,BASILIC,Micro Cap,Banking & Financial Services,BFSI,188.65,9.9,476.62,0.0,6.7,103.5,22.32,19.0,0.5,4.1
2060,R K Swamy,RKSWAMY,Micro Cap,Manufacturing & Services,Diversified,94.25,19.46,475.88,2.12,3.47,83.62,12.26,20.0,0.5,4.1
2061,Brahmaputra Inf.,BRAHMINFRA,Micro Cap,Manufacturing & Services,Diversified,163.82,7.79,475.38,0.0,16.48,110.8,18.22,21.0,0.5,4.1
2062,Indo Thai Sec.,INDOTHAI,Micro Cap,Manufacturing & Services,Diversified,35.75,6.92,474.9,0.56,11.03,20.62,34.58,22.0,0.5,4.1
2063,Elin Electronics,ELIN,Micro Cap,Manufacturing & Services,Diversified,95.4,27.67,474.23,0.0,-21.41,362.8,6.85,23.0,0.5,4.1
2064,Paradeep Pari.,544383,Micro Cap,Manufacturing & Services,Diversified,297.4,15.38,473.4,0.0,14.38,208.0,22.19,24.0,0.5,4.1
2065,Dish TV India,DISHTV,Micro Cap,Manufacturing & Services,Diversified,2.57,0.0,473.21,0.0,-286.3,265.83,0.0,25.0,0.5,4.1
2066,B&B Triplewall,BBTCL,Micro Cap,Manufacturing & Services,Diversified,230.22,13.29,472.21,0.43,15.11,177.71,14.48,26.0,0.5,4.1
2067,Shiva Cement,SHIVACEM,Micro Cap,Cement & Building Materials,Cement & Materials,15.97,0.0,471.12,0.0,-21.35,151.49,-1.43,42.0,2.0,13.2
2068,Rushil Decor,RUSHIL,Micro Cap,Manufacturing & Services,Diversified,16.01,19.66,469.76,0.31,2.03,228.87,4.68,28.0,0.5,4.1
2069,Mangalam Global,MGEL,Micro Cap,Manufacturing & Services,Diversified,14.24,12.68,469.29,0.07,8.43,952.07,16.96,29.0,0.5,4.1
2070,Bemco Hydraulics,522650,Micro Cap,Banking & Financial Services,BFSI,107.25,29.04,469.05,0.09,2.72,15.58,23.3,30.0,0.5,4.1
2071,Shree Rama News.,RAMANEWS,Micro Cap,Manufacturing & Services,Diversified,31.75,0.0,468.38,0.0,-10.5,9.72,0.93,31.0,0.5,4.1
2072,Connplex Cinemas,CONNPLEX,Micro Cap,Manufacturing & Services,Diversified,244.45,18.03,466.9,0.0,13.03,83.46,43.55,32.0,0.5,4.1
2073,Arham Tech,ARHAM,Micro Cap,IT & Software Services,IT & Software,213.95,38.25,466.67,0.0,6.31,72.94,19.8,78.0,1.0,8.4
2074,Pune e-Stock Broking,544141,Micro Cap,Manufacturing & Services,Diversified,265.65,23.84,466.24,0.38,9.51,27.48,15.06,34.0,0.5,4.1
2075,Aarti Surfactant,AARTISURF,Micro Cap,Chemicals & Petrochemicals,Chemicals,548.5,25.24,464.63,0.18,9.0,272.87,8.53,10.0,0.5,4.1
2076,Vashu Bhagnani,532011,Micro Cap,Manufacturing & Services,Diversified,72.57,180.59,464.11,0.0,0.36,2.52,2.72,11.0,0.5,4.1
2077,3i Infotech,3IINFOLTD,Micro Cap,IT & Software Services,IT & Software,22.37,12.3,463.96,0.0,6.52,177.94,12.99,82.0,1.0,8.4
2078,Birla Cotsyn,533006,Micro Cap,Manufacturing & Services,Diversified,17.52,0.0,463.12,0.0,-1.9,15.41,-24.77,13.0,0.5,4.1
2079,Shriram AMC,531359,Micro Cap,Banking & Financial Services,BFSI,270.15,0.0,462.97,0.0,-6.89,4.04,-18.75,14.0,0.5,4.1
2080,Vishal Fabrics,VISHAL,Micro Cap,Capital Goods & Engineering,Capital Goods,18.67,14.84,462.29,0.0,7.05,379.09,10.11,15.0,0.5,4.1
2081,Guj Apollo Inds,GUJAPOLLO,Micro Cap,Manufacturing & Services,Diversified,355.95,82.29,461.67,0.56,0.81,9.98,1.82,16.0,0.5,4.1
2082,Indogulf Cropsci,IGCL,Micro Cap,Manufacturing & Services,Diversified,72.89,11.96,460.84,0.0,2.41,168.55,12.23,17.0,0.5,4.1
2083,B.R.Goyal Infra.,544335,Micro Cap,Manufacturing & Services,Diversified,193.0,10.26,459.82,0.13,28.59,482.99,22.76,18.0,0.5,4.1
2084,Jenburkt Pharma,JENBURPH,Micro Cap,Pharmaceuticals & Healthcare,Pharma & Healthcare,1038.8,12.83,458.45,1.99,5.89,35.51,26.95,19.0,0.5,4.1
2085,Prevest Denpro,543363,Micro Cap,Manufacturing & Services,Diversified,381.85,20.32,458.33,0.26,5.78,19.44,24.9,20.0,0.5,4.1
2086,Repro India,REPRO,Micro Cap,Manufacturing & Services,Diversified,319.45,0.0,458.26,0.0,128.56,139.91,1.21,21.0,0.5,4.1
2087,W S Inds.,WSI,Micro Cap,Manufacturing & Services,Diversified,60.37,154.79,458.18,0.0,1.79,0.43,3.06,22.0,0.5,4.1
2088,Meenakshi (I),544831,Micro Cap,Manufacturing & Services,Diversified,406.95,30.75,457.82,0.0,7.13,32.25,12.51,23.0,0.5,4.1
2089,United Drilling,UNIDT,Micro Cap,Manufacturing & Services,Diversified,225.46,22.9,457.75,0.8,4.15,34.1,10.45,24.0,0.5,4.1
2090,Sancode Tech.,543897,Micro Cap,IT & Software Services,IT & Software,613.7,973.51,457.55,0.0,0.59,8.3,6.56,55.0,1.0,8.4
2091,AB Cotspin,ABCOTS,Micro Cap,Manufacturing & Services,Diversified,208.15,32.31,457.17,0.0,5.1,100.97,9.96,26.0,0.5,4.1
2092,Advani Hotels.,ADVANIHOTR,Micro Cap,Manufacturing & Services,Diversified,49.45,19.37,457.11,3.64,1.39,21.02,10.84,27.0,0.5,4.1
2093,Unifinz Capital,541358,Micro Cap,Manufacturing & Services,Diversified,103.0,5.2,455.96,0.49,17.35,180.21,55.21,28.0,0.5,4.1
2094,Balgopal Commer.,539834,Micro Cap,Manufacturing & Services,Diversified,196.0,0.0,455.66,0.0,5.32,0.0,-16.95,29.0,0.5,4.1
2095,Kalind,526935,Micro Cap,Manufacturing & Services,Diversified,4.98,12.28,455.26,2.68,15.02,34.91,31.75,30.0,0.5,4.1
2096,Modi Naturals,MODINATUR,Micro Cap,Manufacturing & Services,Diversified,340.95,9.33,453.68,0.0,12.5,155.61,22.18,31.0,0.5,4.1
2097,Vishnu Prakash R,VPRPL,Micro Cap,Manufacturing & Services,Diversified,36.28,0.0,452.21,0.0,-39.32,137.88,-6.76,32.0,0.5,4.1
2098,Sotefin Bharat,544832,Micro Cap,Manufacturing & Services,Diversified,248.9,26.07,452.01,0.0,4.94,31.47,31.2,33.0,0.5,4.1
2099,Bhatia Communic.,540956,Micro Cap,Manufacturing & Services,Diversified,32.02,22.51,450.37,0.12,6.82,190.0,21.28,34.0,0.5,4.1
2100,Sar Televenture,SARTELE,Micro Cap,Manufacturing & Services,Diversified,89.4,6.24,448.32,0.0,36.23,280.35,8.84,10.0,0.5,4.1
2101,Akiko,AKIKO,Micro Cap,Manufacturing & Services,Diversified,416.15,23.17,448.18,0.0,7.01,68.12,37.12,11.0,0.5,4.1
2102,Annu Projects,ANNU,Micro Cap,Manufacturing & Services,Diversified,68.23,13.55,446.86,0.0,0.0,0.0,28.63,12.0,0.5,4.1
2103,Shreeji Global,SHETHJI,Micro Cap,Manufacturing & Services,Diversified,195.95,22.39,445.98,0.0,8.81,472.92,25.62,13.0,0.5,4.1
2104,Radiant Cash,RADIANTCMS,Micro Cap,Manufacturing & Services,Diversified,41.78,14.05,445.83,5.98,5.22,105.75,13.06,14.0,0.5,4.1
2105,Shera Energy,SHERA,Micro Cap,Power Utilities & Cleantech,Renewable Energy & Power,182.3,13.02,445.53,0.0,12.64,487.67,19.54,20.0,2.0,13.2
2106,Parmeshwar Metal,544330,Micro Cap,Metals & Mining,Metals & Mining,291.0,13.78,445.4,0.43,23.46,1127.7,43.41,21.0,2.0,13.2
2107,Workmates Core2,544610,Micro Cap,Manufacturing & Services,Diversified,344.0,27.13,444.41,0.58,7.05,69.0,37.23,17.0,0.5,4.1
2108,B C C Fuba India,517246,Micro Cap,Manufacturing & Services,Diversified,224.95,52.68,444.1,0.0,3.86,25.2,19.19,18.0,0.5,4.1
2109,NILE,NILE,Micro Cap,Manufacturing & Services,Diversified,1465.8,8.28,439.74,0.34,9.8,280.02,26.82,19.0,0.5,4.1
2110,Rajasthan Securities,526873,Micro Cap,Manufacturing & Services,Diversified,57.2,6.61,439.72,0.0,-4.87,5.02,137.57,20.0,0.5,4.1
2111,Transchem,500422,Micro Cap,Chemicals & Petrochemicals,Chemicals,359.0,65.39,439.42,0.0,3.42,0.0,6.9,21.0,0.5,4.1
2112,Artemis Electri.,AEPL,Micro Cap,Manufacturing & Services,Diversified,17.5,49.86,439.31,0.03,1.31,16.27,12.97,22.0,0.5,4.1
2113,POCL Enterprises,POEL,Micro Cap,Manufacturing & Services,Diversified,142.78,12.97,439.28,0.84,5.71,466.04,26.5,23.0,0.5,4.1
2114,Asahi Songwon,ASAHISONG,Micro Cap,Manufacturing & Services,Diversified,372.65,12.61,439.25,0.4,19.02,188.91,8.49,24.0,0.5,4.1
2115,Taurian MPS,TAURIAN,Micro Cap,Manufacturing & Services,Diversified,494.0,27.07,438.83,0.0,12.54,67.06,29.74,25.0,0.5,4.1
2116,Haleos Labs Limited,HALEOSLABS,Micro Cap,Pharmaceuticals & Healthcare,Pharma & Healthcare,1451.3,27.75,438.77,0.1,1.84,72.94,9.91,26.0,0.5,4.1
2117,Hoac Foods,HOACFOODS,Micro Cap,Manufacturing & Services,Diversified,1009.95,77.18,438.36,0.0,1.91,18.48,32.12,27.0,0.5,4.1
2118,Nahar Capital,NAHARCAP,Micro Cap,Manufacturing & Services,Diversified,261.75,3.68,438.33,0.57,67.44,9.39,5.03,28.0,0.5,4.1
2119,ANB Metal,AMCL,Micro Cap,Metals & Mining,Metals & Mining,370.0,20.4,437.89,0.0,12.97,137.39,29.63,34.0,2.0,13.2
2120,Rama Phosphates,RAMAPHO,Micro Cap,Manufacturing & Services,Diversified,123.48,8.13,436.95,0.61,17.06,224.8,15.39,30.0,0.5,4.1
2121,Emerald Leisures,507265,Micro Cap,Manufacturing & Services,Diversified,290.3,0.0,435.99,0.0,-2.58,3.46,9.3,31.0,0.5,4.1
2122,Priority Jewels,PRIORITY,Micro Cap,Manufacturing & Services,Diversified,241.5,24.12,434.7,0.0,0.0,0.0,13.2,32.0,0.5,4.1
2123,Ebix,EBIX,Micro Cap,Manufacturing & Services,Diversified,20.28,0.0,434.59,0.0,82.0,573.24,5.95,33.0,0.5,4.1
2124,Veritas (India),512229,Micro Cap,Manufacturing & Services,Diversified,161.7,0.0,433.52,0.03,3.66,897.52,1.52,34.0,0.5,4.1
2125,Kriti Nutrients,KRITINUT,Micro Cap,Manufacturing & Services,Diversified,86.45,12.86,433.14,0.35,9.06,247.08,19.97,10.0,0.5,4.1
2126,Monarch Surve.,544453,Micro Cap,Manufacturing & Services,Diversified,305.25,11.61,432.11,0.52,24.25,99.79,28.51,11.0,0.5,4.1
2127,DE Nora India,DENORA,Micro Cap,Manufacturing & Services,Diversified,812.3,35.38,431.33,0.49,6.39,35.27,5.83,12.0,0.5,4.1
2128,Megatherm Indu.,MEGATHERM,Micro Cap,Manufacturing & Services,Diversified,228.75,17.77,430.98,0.0,11.64,187.18,18.1,13.0,0.5,4.1
2129,Sahyadri Industr,SAHYADRI,Micro Cap,Manufacturing & Services,Diversified,392.15,9.51,429.26,0.64,26.52,258.58,9.72,14.0,0.5,4.1
2130,Devson Catalyst,544823,Micro Cap,Manufacturing & Services,Diversified,315.75,35.02,429.04,0.0,0.0,0.0,57.05,15.0,0.5,4.1
2131,Batliboi,BATLIBOI,Micro Cap,Manufacturing & Services,Diversified,90.81,28.88,428.87,0.66,0.49,125.29,1.79,16.0,0.5,4.1
2132,Divine Hira Jew.,DIVINEHIRA,Micro Cap,Manufacturing & Services,Diversified,109.45,81.44,428.4,0.0,0.94,195.4,16.12,17.0,0.5,4.1
2133,Sinclairs Hotels,SINCLAIR,Micro Cap,Manufacturing & Services,Diversified,83.5,39.71,428.02,0.96,7.91,20.15,8.73,18.0,0.5,4.1
2134,Mirza Internatio,MIRZAINT,Micro Cap,Manufacturing & Services,Diversified,30.96,0.0,427.87,0.0,-4.51,123.57,-1.87,19.0,0.5,4.1
2135,Focus Lighting,FOCUS,Micro Cap,Manufacturing & Services,Diversified,63.37,69.72,427.4,0.0,2.82,46.05,6.55,20.0,0.5,4.1
2136,HLV,HLVLTD,Micro Cap,Manufacturing & Services,Diversified,6.48,54.77,427.2,0.0,-0.78,46.68,1.6,21.0,0.5,4.1
2137,Vinyl Chemicals,VINYLINDIA,Micro Cap,Chemicals & Petrochemicals,Chemicals,232.38,22.82,426.12,3.01,6.62,99.64,14.86,22.0,0.5,4.1
2138,Gokul Refoils,GOKUL,Micro Cap,Manufacturing & Services,Diversified,42.96,20.54,425.28,0.0,6.08,1016.75,8.42,23.0,0.5,4.1
2139,XT Global Infot.,XTGLOBAL,Micro Cap,Manufacturing & Services,Diversified,31.69,36.24,425.04,0.16,3.89,93.3,8.48,24.0,0.5,4.1
2140,Manomay Tex Indi,MANOMAY,Micro Cap,Manufacturing & Services,Diversified,234.97,21.05,424.09,0.0,4.95,197.51,11.41,25.0,0.5,4.1
2141,Ganesh Infra.,GANESHIN,Micro Cap,Manufacturing & Services,Diversified,99.0,4.63,422.94,0.1,29.71,378.77,18.87,26.0,0.5,4.1
2142,Atvo Enterprises,532090,Micro Cap,Manufacturing & Services,Diversified,39.51,2113.5,422.7,0.0,0.05,0.87,2.48,27.0,0.5,4.1
2143,Foods & Inns,FOODSIN,Micro Cap,Manufacturing & Services,Diversified,57.37,17.27,421.85,0.52,3.83,157.49,8.85,28.0,0.5,4.1
2144,Simplex Castings,513472,Micro Cap,Manufacturing & Services,Diversified,102.55,17.5,420.42,0.0,6.86,60.95,24.28,29.0,0.5,4.1
2145,Purple Finance,544191,Micro Cap,Banking & Financial Services,BFSI,71.31,0.0,420.29,0.0,0.38,16.12,1.46,30.0,0.5,4.1
2146,Lords Chloro,LORDSCHLO,Micro Cap,Manufacturing & Services,Diversified,146.6,12.73,420.07,0.0,14.95,106.35,13.08,31.0,0.5,4.1
2147,NDL Ventures,NDLVENTURE,Micro Cap,Manufacturing & Services,Diversified,124.72,559.93,419.95,0.4,0.09,0.0,2.04,32.0,0.5,4.1
2148,Mardia Samyoung,513544,Micro Cap,Manufacturing & Services,Diversified,52.79,119.51,419.48,0.0,1.05,24.84,7.02,33.0,0.5,4.1
2149,Mangalam Organic,MANORG,Micro Cap,Manufacturing & Services,Diversified,489.5,17.85,419.23,0.0,7.27,179.09,10.46,34.0,0.5,4.1
2150,Mahamaya Lifesc.,544611,Micro Cap,Manufacturing & Services,Diversified,178.35,25.27,417.43,0.0,8.15,165.9,20.0,10.0,0.5,4.1
2151,Forcas Studio,FORCAS,Micro Cap,Manufacturing & Services,Diversified,237.05,30.55,416.73,0.0,7.92,113.97,20.22,11.0,0.5,4.1
2152,Suratwwala Busi.,SBGLP,Micro Cap,Manufacturing & Services,Diversified,23.96,9.91,415.51,0.5,9.34,42.12,30.85,12.0,0.5,4.1
2153,Pelatro,PELATRO,Micro Cap,Manufacturing & Services,Diversified,391.75,19.45,415.15,0.26,5.43,40.22,19.07,13.0,0.5,4.1
2154,Regency Fincorp,540175,Micro Cap,Manufacturing & Services,Diversified,46.69,24.01,414.82,0.0,7.03,16.14,10.51,14.0,0.5,4.1
2155,Sarveshwar Foods,SARVESHWAR,Micro Cap,Manufacturing & Services,Diversified,3.36,12.55,414.18,0.0,8.22,358.03,10.41,15.0,0.5,4.1
2156,Manaksia,MANAKSIA,Micro Cap,Manufacturing & Services,Diversified,63.05,6.58,413.19,0.0,26.68,222.76,9.83,16.0,0.5,4.1
2157,Infinium Pharma,INFINIUM,Micro Cap,Pharmaceuticals & Healthcare,Pharma & Healthcare,264.0,33.86,411.39,0.0,7.68,105.58,13.1,17.0,0.5,4.1
2158,Teamtech Formwork,TEAMTECH,Micro Cap,IT & Software Services,IT & Software,137.0,35.43,410.67,0.0,7.33,31.74,41.17,83.0,1.0,8.4
2159,Moneyboxx Fin.,MONEYBOXX,Micro Cap,Manufacturing & Services,Diversified,58.8,313.34,410.48,0.0,0.21,52.02,9.05,19.0,0.5,4.1
2160,Sealmatic India,543782,Micro Cap,Manufacturing & Services,Diversified,377.5,39.69,409.96,0.29,3.82,49.43,13.03,20.0,0.5,4.1
2161,Cords Cable,CORDSCABLE,Micro Cap,Manufacturing & Services,Diversified,317.0,16.67,409.81,0.38,7.8,247.2,17.73,21.0,0.5,4.1
2162,Vishnusurya Pro.,VISHNUINFR,Micro Cap,Manufacturing & Services,Diversified,158.0,9.7,409.62,0.63,5.92,61.87,19.92,22.0,0.5,4.1
2163,Nandan Denim,NDL,Micro Cap,Manufacturing & Services,Diversified,2.83,11.11,407.94,0.0,14.8,622.39,7.32,23.0,0.5,4.1
2164,Optivalue Tek,OPTIVALUE,Micro Cap,Manufacturing & Services,Diversified,174.05,29.61,407.48,0.0,6.54,60.25,27.18,24.0,0.5,4.1
2165,Chavda Infra Ltd,CHAVDA,Micro Cap,Manufacturing & Services,Diversified,124.5,21.33,406.57,0.0,3.88,84.03,13.47,25.0,0.5,4.1
2166,Akme Fintrade,AFIL,Micro Cap,Manufacturing & Services,Diversified,9.22,9.16,405.45,0.0,11.57,41.77,13.87,26.0,0.5,4.1
2167,Cybertech Sys.,CYBERTECH,Micro Cap,IT & Software Services,IT & Software,133.36,12.76,405.16,3.0,9.48,68.45,17.29,52.0,1.0,8.4
2168,Tierra Agrotech,543531,Micro Cap,IT & Software Services,IT & Software,61.74,0.0,404.98,0.0,3.4,65.9,-6.53,53.0,1.0,8.4
2169,Kavveri Defence,KAVDEFENCE,Micro Cap,Manufacturing & Services,Diversified,67.14,0.0,403.67,0.0,-1.21,1.44,1.14,29.0,0.5,4.1
2170,Emrock Corporation,531676,Micro Cap,Manufacturing & Services,Diversified,255.0,327.98,403.41,0.0,0.19,0.45,8.48,30.0,0.5,4.1
2171,Committed Cargo,COMMITTED,Micro Cap,Manufacturing & Services,Diversified,345.0,34.41,402.6,0.14,5.03,129.57,16.48,31.0,0.5,4.1
2172,Kothari Products,KOTHARIPRO,Micro Cap,Manufacturing & Services,Diversified,67.39,40.96,402.24,0.0,7.5,269.89,2.63,32.0,0.5,4.1
2173,Vraj Iron,VRAJ,Micro Cap,Metals & Mining,Metals & Mining,121.71,11.17,401.43,0.0,11.51,193.83,10.49,28.0,2.0,13.2
2174,Trishakti Indus,531279,Micro Cap,Manufacturing & Services,Diversified,237.45,36.3,401.16,0.08,4.3,14.38,14.17,34.0,0.5,4.1
2175,Frog Innovations,FROG,Micro Cap,Manufacturing & Services,Diversified,257.65,0.0,400.76,0.0,-0.55,51.14,-1.91,10.0,0.5,4.1
2176,Banswara Syntex,BANSWRAS,Micro Cap,Manufacturing & Services,Diversified,117.05,9.54,400.69,0.85,4.61,315.83,8.98,11.0,0.5,4.1
2177,Purple United,PURPLEUTED,Micro Cap,Manufacturing & Services,Diversified,416.2,26.33,399.96,0.0,10.14,109.9,22.02,12.0,0.5,4.1
2178,S & S Power Swit,S&SPOWER,Micro Cap,Power Utilities & Cleantech,Renewable Energy & Power,323.95,49.48,399.8,0.0,-0.26,71.21,9.29,33.0,2.0,13.2
2179,Andhra Cements,ACL,Micro Cap,Cement & Building Materials,Cement & Materials,43.36,0.0,399.66,0.0,-35.93,142.17,-6.01,34.0,2.0,13.2
2180,TechD Cybersec.,TECHD,Micro Cap,IT & Software Services,IT & Software,533.55,28.42,399.08,0.0,7.67,33.63,40.88,65.0,1.0,8.4
2181,Naperol Invest.,500298,Micro Cap,Manufacturing & Services,Diversified,694.3,36.98,399.01,2.81,0.18,9.45,1.07,16.0,0.5,4.1
2182,Sheetal Univer.,SHEETAL,Micro Cap,Manufacturing & Services,Diversified,348.1,34.65,398.78,0.14,9.98,127.69,22.49,17.0,0.5,4.1
2183,DigiSpice Tech.,DIGISPICE,Micro Cap,IT & Software Services,IT & Software,16.98,16.22,398.47,0.0,6.59,107.75,12.08,68.0,1.0,8.4
2184,Purple Wave Info,544627,Micro Cap,Manufacturing & Services,Diversified,430.35,29.63,397.9,0.0,6.6,68.43,36.4,19.0,0.5,4.1
2185,Muthoot Cap.Serv,MUTHOOTCAP,Micro Cap,Manufacturing & Services,Diversified,241.72,15.81,397.57,0.0,8.12,155.53,10.26,20.0,0.5,4.1
2186,Liberty Shoes,LIBERTSHOE,Micro Cap,Manufacturing & Services,Diversified,233.27,46.65,397.49,0.0,0.68,169.86,7.91,21.0,0.5,4.1
2187,Neptune Pet.,NEPTUNE,Micro Cap,Manufacturing & Services,Diversified,175.0,13.07,396.44,0.0,15.79,645.47,31.57,22.0,0.5,4.1
2188,Birla Precision,BIRLAPREC,Micro Cap,Manufacturing & Services,Diversified,57.92,26.96,396.1,0.09,5.77,58.9,9.41,23.0,0.5,4.1
2189,Menon Pistons,MENNPIS,Micro Cap,Manufacturing & Services,Diversified,77.64,15.07,395.96,1.29,8.23,83.26,21.51,24.0,0.5,4.1
2190,MKVentures Cap.,514238,Micro Cap,Manufacturing & Services,Diversified,1027.4,54.84,394.88,0.02,0.89,6.21,13.23,25.0,0.5,4.1
2191,Kalyani Forge,KALYANIFRG,Micro Cap,Automotive & 2W/3W,Auto Ancillary & Components,1081.05,31.76,393.5,0.37,4.48,66.8,12.16,66.0,1.0,7.3
2192,HP Telecom,HPTL,Micro Cap,Telecom & Data Centers,Telecom Infrastructure,329.75,15.41,392.89,0.0,17.65,1412.6,19.89,77.0,1.0,8.4
2193,Autoline Industr,AUTOIND,Micro Cap,Automotive & 2W/3W,Auto Ancillary & Components,86.45,16.1,392.27,0.0,1.88,265.47,13.06,68.0,1.0,7.3
2194,Omax Autos,OMAXAUTO,Micro Cap,Automotive & 2W/3W,Auto Ancillary & Components,183.07,9.67,391.59,2.73,10.6,121.99,15.41,69.0,1.0,7.3
2195,Hercules Investments,505720,Micro Cap,Manufacturing & Services,Diversified,122.25,49.83,391.2,2.04,0.12,0.42,1.05,30.0,0.5,4.1
2196,DCM Shriram Inds,DCMSRIND,Micro Cap,Banking & Financial Services,BFSI,44.91,12.03,390.68,0.89,1.55,293.63,11.03,31.0,0.5,4.1
2197,Alufluoride,ALUFLUOR,Micro Cap,Manufacturing & Services,Diversified,499.05,15.82,390.28,0.8,2.88,26.57,24.17,32.0,0.5,4.1
2198,Thomas Scott,THOMASCOTT,Micro Cap,Manufacturing & Services,Diversified,262.75,17.6,390.28,0.0,5.44,65.82,20.54,33.0,0.5,4.1
2199,Asarfi Hospital,543943,Micro Cap,Manufacturing & Services,Diversified,196.7,21.34,387.05,0.0,4.27,47.34,18.77,34.0,0.5,4.1
2200,Jinkushal Indus.,JKIPL,Micro Cap,Capital Goods & Engineering,Capital Goods,100.56,45.2,386.01,0.0,2.2,56.57,9.75,10.0,0.5,4.1
2201,SRG Housing,SRGHFL,Micro Cap,Manufacturing & Services,Diversified,245.45,11.28,385.54,0.0,8.47,53.95,11.77,11.0,0.5,4.1
2202,Super Sales Ind.,512527,Micro Cap,Manufacturing & Services,Diversified,1255.0,34.77,385.29,0.2,9.0,112.3,2.73,12.0,0.5,4.1
2203,Tara Chand Infra,TARACHAND,Micro Cap,Manufacturing & Services,Diversified,48.78,16.59,384.51,0.41,1.68,67.63,18.25,13.0,0.5,4.1
2204,Genus Prime,532425,Micro Cap,Manufacturing & Services,Diversified,49.23,63.35,383.88,0.0,1.45,1.26,3.81,14.0,0.5,4.1
2205,Rubfila Intl.,RUBFILA,Micro Cap,Manufacturing & Services,Diversified,70.69,14.56,383.62,2.83,6.0,110.17,12.59,15.0,0.5,4.1
2206,Viji Finance,VIJIFIN,Micro Cap,Banking & Financial Services,BFSI,16.58,92.74,383.0,0.0,1.14,0.89,10.16,16.0,0.5,4.1
2207,Kotyark Indust.,KOTYARK,Micro Cap,Manufacturing & Services,Diversified,33.76,20.37,381.73,1.35,9.38,63.66,15.3,17.0,0.5,4.1
2208,Markolines Pavem,MARKOLINES,Micro Cap,Manufacturing & Services,Diversified,171.89,14.18,381.66,0.87,4.36,61.6,15.7,18.0,0.5,4.1
2209,Sayaji (Indore),544080,Micro Cap,Manufacturing & Services,Diversified,1250.9,42.97,381.1,0.06,1.58,26.52,11.6,19.0,0.5,4.1
2210,Madhusudan Masa,MADHUSUDAN,Micro Cap,Manufacturing & Services,Diversified,236.0,20.85,380.79,0.0,5.81,89.54,16.25,20.0,0.5,4.1
2211,Nisus Finance,544296,Micro Cap,Banking & Financial Services,BFSI,159.2,5.59,380.14,0.0,12.36,184.99,32.0,21.0,0.5,4.1
2212,ABM Knowledge,ABMKNO,Micro Cap,Manufacturing & Services,Diversified,189.9,44.95,379.84,0.66,4.56,26.17,6.54,22.0,0.5,4.1
2213,Andhra Petrochem,500012,Micro Cap,Chemicals & Petrochemicals,Chemicals,44.52,0.0,378.29,0.0,-3.25,14.09,-1.69,23.0,0.5,4.1
2214,Lehar Footwears,532829,Micro Cap,Manufacturing & Services,Diversified,213.95,22.83,378.24,0.23,3.01,74.95,18.07,24.0,0.5,4.1
2215,Tejassvi Aaharam,531628,Micro Cap,Manufacturing & Services,Diversified,65.0,0.0,378.05,0.0,-0.27,0.0,-78.79,25.0,0.5,4.1
2216,C2C Advanced,C2C,Micro Cap,Manufacturing & Services,Diversified,221.8,20.53,376.36,0.0,-5.33,79.55,13.49,26.0,0.5,4.1
2217,Starlineps Enter,540492,Micro Cap,Manufacturing & Services,Diversified,8.72,63.59,375.8,0.0,0.39,20.17,7.05,27.0,0.5,4.1
2218,Cospower Engine.,543172,Micro Cap,Power Utilities & Cleantech,Renewable Energy & Power,2045.0,28.84,375.56,0.0,10.76,74.62,38.25,43.0,2.0,13.2
2219,Transworld Shipp,TRANSWORLD,Micro Cap,Manufacturing & Services,Diversified,171.0,0.0,375.52,0.88,29.51,102.45,-4.53,29.0,0.5,4.1
2220,Nikhil Adhesives,526159,Micro Cap,Manufacturing & Services,Diversified,81.72,17.56,375.45,0.27,7.32,188.59,15.06,30.0,0.5,4.1
2221,U. Y. Fincorp,UYFINCORP,Micro Cap,Manufacturing & Services,Diversified,19.73,6.06,375.34,0.0,19.62,72.51,18.49,31.0,0.5,4.1
2222,MBL Infrast,MBLINFRA,Micro Cap,Manufacturing & Services,Diversified,24.3,0.0,375.26,0.0,-5.19,37.55,7.74,32.0,0.5,4.1
2223,Captain Polyplas,CPL,Micro Cap,Manufacturing & Services,Diversified,62.11,13.28,373.77,0.0,4.66,81.16,18.61,33.0,0.5,4.1
2224,True Colors,544531,Micro Cap,Manufacturing & Services,Diversified,151.55,11.99,373.64,0.0,16.44,150.43,25.22,34.0,0.5,4.1
2225,Nicco Parks,NICCOPAR,Micro Cap,Manufacturing & Services,Diversified,79.55,62.99,372.29,1.57,5.47,19.05,13.52,10.0,0.5,4.1
2226,Vegorama Punjabi,544765,Micro Cap,Manufacturing & Services,Diversified,223.1,30.65,370.59,0.0,5.65,72.58,65.66,11.0,0.5,4.1
2227,Suraj,SURAJLTD,Micro Cap,Manufacturing & Services,Diversified,201.79,41.4,370.57,0.74,3.24,39.03,7.1,12.0,0.5,4.1
2228,PropsharePlatina,544295,Micro Cap,Manufacturing & Services,Diversified,1102000.0,15.59,370.38,10.41,4.4,7.71,0.0,13.0,0.5,4.1
2229,Ecoline Exim,ECOLINE,Micro Cap,Manufacturing & Services,Diversified,180.35,19.75,369.99,0.0,7.28,139.18,16.43,14.0,0.5,4.1
2230,Euro Panel,EUROBOND,Micro Cap,Manufacturing & Services,Diversified,151.0,13.99,369.95,0.0,4.96,119.62,16.95,15.0,0.5,4.1
2231,iStreet Network,524622,Micro Cap,Manufacturing & Services,Diversified,51.65,91.11,369.9,0.19,1.57,43.33,23.57,16.0,0.5,4.1
2232,PPAP Automotive,PPAP,Micro Cap,Automotive & 2W/3W,Auto Ancillary & Components,260.9,90.72,369.25,0.96,0.87,156.38,3.64,57.0,1.0,7.3
2233,Majestic Auto,MAJESAUT,Micro Cap,Automotive & 2W/3W,Auto Ancillary & Components,354.95,12.68,369.15,7.04,18.12,0.0,5.24,58.0,1.0,7.3
2234,Capital Trade Lk,538476,Micro Cap,Manufacturing & Services,Diversified,28.61,194.91,368.38,0.0,2.81,6.77,6.96,19.0,0.5,4.1
2235,Swiss Military,SWISSMLTRY,Micro Cap,Manufacturing & Services,Diversified,15.59,50.09,368.14,0.64,1.37,52.07,8.18,20.0,0.5,4.1
2236,Sera Investments,512399,Micro Cap,Manufacturing & Services,Diversified,56.19,3.59,368.01,0.0,49.61,58.96,21.12,21.0,0.5,4.1
2237,Fluidomat,522017,Micro Cap,Manufacturing & Services,Diversified,745.6,18.73,367.58,1.01,2.23,11.85,30.39,22.0,0.5,4.1
2238,Gretex Industrie,GRETEX,Micro Cap,Manufacturing & Services,Diversified,237.0,262.49,367.49,0.0,0.1,27.6,3.01,23.0,0.5,4.1
2239,Avonmore Capital,AVONMORE,Micro Cap,Manufacturing & Services,Diversified,13.02,23.81,367.4,0.0,17.17,49.52,5.87,24.0,0.5,4.1
2240,Emmforce Auto.,544166,Micro Cap,Automotive & 2W/3W,Auto Ancillary & Components,179.05,44.49,367.05,0.0,4.19,59.07,11.96,65.0,1.0,7.3
2241,Apex Ecotech,APEXECO,Micro Cap,IT & Software Services,IT & Software,278.2,21.55,366.81,0.0,14.45,116.08,41.17,46.0,1.0,8.4
2242,National Perox.,544205,Micro Cap,Manufacturing & Services,Diversified,638.0,19.69,366.66,1.1,6.61,96.07,2.55,27.0,0.5,4.1
2243,Trejhara Solutio,TREJHARA,Micro Cap,Manufacturing & Services,Diversified,152.01,28.22,366.6,0.0,4.79,67.64,4.28,28.0,0.5,4.1
2244,Medicamen Biotec,MEDICAMEQ,Micro Cap,Manufacturing & Services,Diversified,270.25,33.81,366.54,0.37,1.85,47.9,5.43,29.0,0.5,4.1
2245,Rotographics (I),539922,Micro Cap,Manufacturing & Services,Diversified,55.64,326.67,365.87,0.0,0.45,14.36,12.35,30.0,0.5,4.1
2246,Ludlow Jute,526179,Micro Cap,Manufacturing & Services,Diversified,339.5,20.2,365.64,0.0,6.43,189.47,10.3,31.0,0.5,4.1
2247,Innomet Advanced,INNOMET,Micro Cap,Manufacturing & Services,Diversified,282.45,232.8,365.49,0.0,-0.44,30.33,5.68,32.0,0.5,4.1
2248,Halder Venture,HALDER,Micro Cap,Capital Goods & Engineering,Capital Goods,293.5,11.44,365.06,0.34,3.46,187.07,13.73,33.0,0.5,4.1
2249,Sattrix Infor.,544189,Micro Cap,Manufacturing & Services,Diversified,321.6,44.29,364.96,0.0,6.07,32.77,9.6,34.0,0.5,4.1
2250,Atmastco Ltd,ATMASTCO,Micro Cap,Manufacturing & Services,Diversified,139.5,14.32,364.91,0.0,1.42,42.73,20.41,10.0,0.5,4.1
2251,Ginni Filaments,GINNIFILA,Micro Cap,Manufacturing & Services,Diversified,42.57,10.34,364.61,0.0,9.05,102.89,21.55,11.0,0.5,4.1
2252,Encompass Design,ENCOMPAS,Micro Cap,Manufacturing & Services,Diversified,256.8,27.97,364.23,0.0,7.97,39.96,25.62,12.0,0.5,4.1
2253,Grover Jewells,GJL,Micro Cap,Manufacturing & Services,Diversified,251.0,17.2,364.13,0.0,17.04,535.65,45.97,13.0,0.5,4.1
2254,Zodiac Energy,ZODIAC,Micro Cap,Power Utilities & Cleantech,Renewable Energy & Power,240.17,14.32,363.92,0.31,7.02,141.81,15.86,19.0,2.0,13.2
2255,Shemaroo Entert.,SHEMAROO,Micro Cap,Manufacturing & Services,Diversified,126.61,0.0,363.75,0.0,-8.07,131.68,-39.34,15.0,0.5,4.1
2256,KCP Sugar &Inds.,KCPSUGIND,Micro Cap,Manufacturing & Services,Diversified,32.07,9.51,363.63,0.31,46.25,78.03,4.13,16.0,0.5,4.1
2257,Tolins Tyres,TOLINS,Micro Cap,Automotive & 2W/3W,Auto Ancillary & Components,91.98,11.16,363.4,0.0,6.19,79.27,13.01,32.0,1.0,7.3
2258,Cineline India,CINELINE,Micro Cap,Manufacturing & Services,Diversified,95.23,26.97,362.95,1.31,-1.21,59.27,10.86,18.0,0.5,4.1
2259,Bedmutha Indus.,BEDMUTHA,Micro Cap,Manufacturing & Services,Diversified,112.37,21.68,362.55,0.0,6.92,541.43,13.99,19.0,0.5,4.1
2260,Orient Paper,ORIENTPPR,Micro Cap,Manufacturing & Services,Diversified,17.08,0.0,362.41,0.0,-8.25,227.61,-4.24,20.0,0.5,4.1
2261,Prime Cable Ind.,PRIMECAB,Micro Cap,Manufacturing & Services,Diversified,197.5,26.38,361.9,0.0,6.76,144.17,27.78,21.0,0.5,4.1
2262,Felix Industries,FELIX,Micro Cap,Manufacturing & Services,Diversified,210.2,17.98,361.68,0.0,5.51,28.22,19.28,22.0,0.5,4.1
2263,RDB Real Estate,RRECL,Micro Cap,Manufacturing & Services,Diversified,136.83,0.0,359.98,0.0,-13.47,39.48,2.95,23.0,0.5,4.1
2264,Mishtann Foods,539594,Micro Cap,Manufacturing & Services,Diversified,3.34,2.03,359.92,0.0,0.49,18.29,22.5,24.0,0.5,4.1
2265,ACS Tech,ACSTECH,Micro Cap,IT & Software Services,IT & Software,51.83,32.36,359.89,0.0,3.92,95.12,10.28,70.0,1.0,8.4
2266,Scan Steels,SCANSTL,Micro Cap,Metals & Mining,Metals & Mining,59.22,15.83,359.74,0.0,12.96,257.79,7.05,31.0,2.0,13.2
2267,Agribio Spirits,539546,Micro Cap,Manufacturing & Services,Diversified,330.4,83.83,359.62,0.09,1.21,0.63,5.52,27.0,0.5,4.1
2268,Shankara Building,SHANKARA,Micro Cap,Manufacturing & Services,Diversified,148.18,69.1,359.33,2.02,1.54,350.35,2.92,28.0,0.5,4.1
2269,Sanginita Chemi.,SANGINITA,Micro Cap,Chemicals & Petrochemicals,Chemicals,59.5,0.0,359.06,0.0,-11.42,25.31,-11.04,29.0,0.5,4.1
2270,Creative Graphic,CGRAPHICS,Micro Cap,Manufacturing & Services,Diversified,147.6,19.11,358.46,0.0,6.57,170.09,15.75,30.0,0.5,4.1
2271,Recode Studios,544755,Micro Cap,Manufacturing & Services,Diversified,336.05,31.88,357.7,0.0,7.34,43.01,73.89,31.0,0.5,4.1
2272,AksharChem (I),AKSHARCHEM,Micro Cap,Chemicals & Petrochemicals,Chemicals,444.85,28.91,357.35,0.11,15.21,140.87,0.19,32.0,0.5,4.1
2273,Dreamfolks Servi,DREAMFOLKS,Micro Cap,Manufacturing & Services,Diversified,66.93,0.0,356.54,0.0,-13.84,39.01,5.71,33.0,0.5,4.1
2274,Raghuvir Synth,514316,Micro Cap,Manufacturing & Services,Diversified,91.9,0.0,356.11,0.0,-3.58,24.18,1.4,34.0,0.5,4.1
2275,Harri. Malayalam,HARRMALAYA,Micro Cap,Manufacturing & Services,Diversified,192.72,13.13,355.76,0.0,3.93,124.92,15.28,10.0,0.5,4.1
2276,Inspirisys Sol.,INSPIRISYS,Micro Cap,Manufacturing & Services,Diversified,89.53,8.73,354.69,0.0,4.07,106.97,27.42,11.0,0.5,4.1
2277,Tera Software,TERASOFT,Micro Cap,IT & Software Services,IT & Software,283.4,14.3,354.59,0.35,4.65,49.87,24.37,82.0,1.0,8.4
2278,Kwick Forensic,544895,Micro Cap,Manufacturing & Services,Diversified,165.32,26.17,354.39,0.0,0.0,0.0,51.41,13.0,0.5,4.1
2279,Maxvolt Energy,MAXVOLT,Micro Cap,Power Utilities & Cleantech,Renewable Energy & Power,324.8,14.53,354.16,0.0,11.46,166.72,27.12,44.0,2.0,13.2
2280,Essar Shipping,ESSARSHPNG,Micro Cap,Manufacturing & Services,Diversified,17.09,0.0,353.72,0.0,230.41,0.04,0.0,15.0,0.5,4.1
2281,Forbes & Co,502865,Micro Cap,Manufacturing & Services,Diversified,272.85,28.97,351.98,0.0,3.6,13.26,5.11,16.0,0.5,4.1
2282,Suditi Industrie,521113,Micro Cap,Manufacturing & Services,Diversified,64.66,35.04,351.8,0.0,1.6,17.38,19.98,17.0,0.5,4.1
2283,Pakka,PAKKA,Micro Cap,Manufacturing & Services,Diversified,73.71,25.22,351.36,0.0,5.89,117.19,3.85,18.0,0.5,4.1
2284,Trident Lifeline,543616,Micro Cap,Textiles & Apparel,Textiles,293.3,16.69,350.7,0.0,5.07,33.72,20.56,59.0,1.0,7.3
2285,Avana Electrosystems,AVANA,Micro Cap,Manufacturing & Services,Diversified,154.75,29.9,350.44,0.0,6.12,48.11,38.13,20.0,0.5,4.1
2286,Vardhman Acrylic,VARDHACRLC,Micro Cap,Textiles & Apparel,Textiles,43.59,8.4,350.31,3.44,16.22,78.25,11.77,61.0,1.0,7.3
2287,Indag Rubber,509162,Micro Cap,Manufacturing & Services,Diversified,133.25,25.48,349.78,1.8,5.04,70.09,5.07,22.0,0.5,4.1
2288,Career Point Edu,CPEDU,Micro Cap,Manufacturing & Services,Diversified,191.97,14.98,349.25,1.3,7.95,14.31,46.71,23.0,0.5,4.1
2289,Shah Metacorp,SHAH,Micro Cap,Manufacturing & Services,Diversified,3.51,26.45,348.32,0.0,3.52,57.2,4.82,24.0,0.5,4.1
2290,Megastar Foods,MEGASTAR,Micro Cap,Manufacturing & Services,Diversified,307.6,35.41,347.39,0.0,2.23,132.57,11.65,25.0,0.5,4.1
2291,Emami Realty Ltd,EMAMIREAL,Micro Cap,Manufacturing & Services,Diversified,66.74,0.0,347.27,0.0,-16.82,5.67,-6.9,26.0,0.5,4.1
2292,Mach Travel Solutions,544248,Micro Cap,Manufacturing & Services,Diversified,164.95,17.15,347.01,0.3,6.09,143.3,17.67,27.0,0.5,4.1
2293,Ushanti Colour,UCL,Micro Cap,Manufacturing & Services,Diversified,249.75,0.0,346.82,0.0,-0.9,83.82,-1.15,28.0,0.5,4.1
2294,Virtual Galaxy,VGINFOTECH,Micro Cap,IT & Software Services,IT & Software,139.4,7.52,346.67,0.72,9.2,40.38,33.74,59.0,1.0,8.4
2295,Remsons Ind,REMSONSIND,Micro Cap,Manufacturing & Services,Diversified,99.35,19.45,346.52,0.2,3.23,119.72,15.47,30.0,0.5,4.1
2296,Goa Carbon,GOACARBON,Micro Cap,Manufacturing & Services,Diversified,378.45,0.0,346.28,0.0,-6.58,65.7,-4.91,31.0,0.5,4.1
2297,Stovec Inds.,504959,Micro Cap,Manufacturing & Services,Diversified,1655.0,63.24,345.9,0.73,2.45,52.77,7.52,32.0,0.5,4.1
2298,Supershakti Met.,541701,Micro Cap,Manufacturing & Services,Diversified,299.9,12.14,345.64,0.17,17.07,376.32,11.34,33.0,0.5,4.1
2299,DCM Nouvelle,DCMNVL,Micro Cap,Manufacturing & Services,Diversified,184.96,11.56,345.46,0.0,27.53,287.43,4.27,34.0,0.5,4.1
2300,Aastha Spintex,AASTHA,Micro Cap,Manufacturing & Services,Diversified,78.12,14.05,344.84,0.13,3.09,77.47,18.98,10.0,0.5,4.1
2301,Monika Alcobev,544451,Micro Cap,Manufacturing & Services,Diversified,160.7,10.72,344.7,0.62,22.17,184.28,14.67,11.0,0.5,4.1
2302,VVIP Infratech,544219,Micro Cap,IT & Software Services,IT & Software,138.0,11.46,344.58,0.0,17.3,153.25,18.88,67.0,1.0,8.4
2303,Covance Softsol,544361,Micro Cap,Manufacturing & Services,Diversified,155.6,8.78,344.58,0.0,12.65,29.27,31.41,13.0,0.5,4.1
2304,Nilachal Carbo,544510,Micro Cap,Capital Goods & Engineering,Capital Goods,138.2,32.68,344.49,0.0,2.87,95.62,14.54,14.0,0.5,4.1
2305,Ashima,ASHIMASYN,Micro Cap,Manufacturing & Services,Diversified,17.89,0.0,342.88,0.0,1.93,8.33,0.43,15.0,0.5,4.1
2306,HCP Plastene,526717,Micro Cap,Manufacturing & Services,Diversified,320.45,10.34,342.61,0.31,18.35,174.19,19.42,16.0,0.5,4.1
2307,Swastika Investm,530585,Micro Cap,Manufacturing & Services,Diversified,169.6,25.05,340.87,0.35,3.76,28.97,20.39,17.0,0.5,4.1
2308,GTV Engineering,539479,Micro Cap,Manufacturing & Services,Diversified,66.77,21.04,339.19,0.2,3.99,29.64,30.36,18.0,0.5,4.1
2309,Kesoram Inds.,KESORAMIND,Micro Cap,Manufacturing & Services,Diversified,10.9,0.0,338.67,0.0,-20.19,77.66,-8.48,19.0,0.5,4.1
2310,Oil Country,OILCOUNTUB,Micro Cap,Manufacturing & Services,Diversified,65.0,0.0,337.93,0.0,-15.11,17.44,-25.38,20.0,0.5,4.1
2311,Astal Lab,512600,Micro Cap,Pharmaceuticals & Healthcare,Pharma & Healthcare,76.9,22.9,336.81,0.0,9.42,100.94,9.13,21.0,0.5,4.1
2312,Adisoft Technol.,ADISOFT,Micro Cap,IT & Software Services,IT & Software,206.25,14.68,336.56,0.0,17.59,117.46,38.0,77.0,1.0,8.4
2313,GP Petroleums,GULFPETRO,Micro Cap,Manufacturing & Services,Diversified,65.91,7.72,336.04,0.76,21.19,230.33,10.84,23.0,0.5,4.1
2314,Ambalal Sarabhai,AMBALALSA,Micro Cap,Manufacturing & Services,Diversified,43.73,23.53,335.12,0.0,3.98,43.56,11.69,24.0,0.5,4.1
2315,Silkflex Polymer,SILKFLEX,Micro Cap,Manufacturing & Services,Diversified,288.3,27.61,334.63,0.0,4.66,39.07,22.74,25.0,0.5,4.1
2316,P. H. Capital,500143,Micro Cap,Manufacturing & Services,Diversified,1113.25,0.0,333.99,0.02,-0.29,0.98,8.19,26.0,0.5,4.1
2317,HCL Infosystems,HCL-INSYS,Micro Cap,IT & Software Services,IT & Software,10.1,0.0,332.5,0.0,-16.68,4.18,-51.63,82.0,1.0,8.4
2318,Davangere Sugar,DAVANGERE,Micro Cap,Manufacturing & Services,Diversified,1.96,40.84,332.4,0.0,0.94,34.72,5.52,28.0,0.5,4.1
2319,Medico Remedies,MEDICO,Micro Cap,Manufacturing & Services,Diversified,39.87,23.94,330.86,0.0,2.52,69.4,23.12,29.0,0.5,4.1
2320,Systango Tech,SYSTANGO,Micro Cap,IT & Software Services,IT & Software,225.25,10.36,330.41,3.11,13.57,44.89,32.99,45.0,1.0,8.4
2321,Indl. Inv. Trust,IITL,Micro Cap,Manufacturing & Services,Diversified,146.4,0.0,330.1,0.0,14.24,26.85,-3.5,31.0,0.5,4.1
2322,Optimystix Entertainment,OPTIMYSTIX,Micro Cap,Manufacturing & Services,Diversified,141.85,13.78,330.07,0.0,0.0,0.0,27.26,32.0,0.5,4.1
2323,Gayatri Rubbers,GRCL,Micro Cap,Manufacturing & Services,Diversified,575.0,59.02,329.94,0.0,2.95,24.48,39.54,33.0,0.5,4.1
2324,Ponni Sug.Erode,PONNIERODE,Micro Cap,Manufacturing & Services,Diversified,382.45,10.98,328.85,1.31,-1.23,91.87,7.27,34.0,0.5,4.1
2325,Modi Rubber,MODIRUBBER,Micro Cap,Manufacturing & Services,Diversified,131.3,32878.0,328.78,0.0,4.25,7.81,0.63,10.0,0.5,4.1
2326,GVK Power Infra.,GVKPIL,Micro Cap,Power Utilities & Cleantech,Renewable Energy & Power,2.08,0.0,328.48,0.0,-0.55,0.0,-12.29,31.0,2.0,13.2
2327,Genus Paper & Bo,GENUSPAPER,Micro Cap,Manufacturing & Services,Diversified,12.76,23.54,328.09,0.0,3.52,218.72,6.17,12.0,0.5,4.1
2328,Clay Craft India,CLAYCRAFT,Micro Cap,Manufacturing & Services,Diversified,159.4,12.19,327.89,0.0,0.0,0.0,19.96,13.0,0.5,4.1
2329,HP Adhesives,HPAL,Micro Cap,Manufacturing & Services,Diversified,35.58,139.7,326.89,1.12,-0.84,63.34,5.61,14.0,0.5,4.1
2330,Aelea Commoditi.,544213,Micro Cap,Manufacturing & Services,Diversified,160.05,15.3,326.0,0.0,12.61,207.81,18.84,15.0,0.5,4.1
2331,UVS Hospitality,531652,Micro Cap,Manufacturing & Services,Diversified,79.85,14.24,325.31,0.0,7.91,45.04,9.49,16.0,0.5,4.1
2332,Bella Casa Fashi,BELLACASA,Micro Cap,Manufacturing & Services,Diversified,242.85,18.09,325.12,0.82,2.54,119.94,15.22,17.0,0.5,4.1
2333,Kriti Industries,KRITI,Micro Cap,Manufacturing & Services,Diversified,61.6,0.0,324.61,0.0,-2.21,173.11,6.97,18.0,0.5,4.1
2334,Jay Ushin,513252,Micro Cap,Manufacturing & Services,Diversified,838.2,17.92,323.55,0.48,4.87,276.81,11.95,19.0,0.5,4.1
2335,RDB Infrastruc.,533285,Micro Cap,Manufacturing & Services,Diversified,14.45,22.68,323.19,0.0,4.44,28.41,7.27,20.0,0.5,4.1
2336,Metalic Technoforge,METALIC,Micro Cap,Automotive & 2W/3W,Auto Ancillary & Components,134.65,26.21,322.95,0.0,0.0,0.0,36.06,61.0,1.0,7.3
2337,Ucal,UCAL,Micro Cap,Manufacturing & Services,Diversified,146.02,0.0,322.85,0.0,5.84,203.15,3.32,22.0,0.5,4.1
2338,Atal Realtech,ATALREAL,Micro Cap,IT & Software Services,IT & Software,26.22,47.22,322.5,0.0,1.0,10.97,10.66,63.0,1.0,8.4
2339,Sharp India,523449,Micro Cap,Manufacturing & Services,Diversified,124.05,0.0,321.79,0.0,-5.76,0.0,-6733.33,24.0,0.5,4.1
2340,IL&FS Inv.Manag.,IVC,Micro Cap,Manufacturing & Services,Diversified,10.24,79.01,321.57,11.72,1.21,8.17,4.11,25.0,0.5,4.1
2341,Pipan Oils,538537,Micro Cap,Manufacturing & Services,Diversified,183.35,0.0,321.38,0.0,-0.67,0.0,-38.74,26.0,0.5,4.1
2342,Talbros Engg.,538987,Micro Cap,Manufacturing & Services,Diversified,632.55,10.75,321.11,0.47,6.29,130.37,16.79,27.0,0.5,4.1
2343,Vertoz,VERTOZ,Micro Cap,Manufacturing & Services,Diversified,37.66,12.16,320.98,0.27,7.36,81.64,14.16,28.0,0.5,4.1
2344,Ruchira Papers,RUCHIRA,Micro Cap,Manufacturing & Services,Diversified,107.5,9.63,320.83,2.33,6.14,174.92,11.06,29.0,0.5,4.1
2345,Tracxn Technolo.,TRACXN,Micro Cap,IT & Software Services,IT & Software,29.96,0.0,320.35,0.0,-3.01,21.08,-6.81,70.0,1.0,8.4
2346,Novus Loyalty,544735,Micro Cap,Manufacturing & Services,Diversified,205.95,34.51,320.26,0.0,3.9,56.01,33.39,31.0,0.5,4.1
2347,Atlantaa,ATLANTAA,Micro Cap,Manufacturing & Services,Diversified,39.15,0.0,319.07,0.0,-5.06,18.36,1.95,32.0,0.5,4.1
2348,Leapfrog Engg.,544797,Micro Cap,Manufacturing & Services,Diversified,22.5,16.29,319.03,0.0,13.49,113.97,37.85,33.0,0.5,4.1
2349,Highway Infra,HILINFRA,Micro Cap,Manufacturing & Services,Diversified,44.45,12.31,318.8,0.0,1.06,303.28,18.83,34.0,0.5,4.1
2350,Fundviser Capit.,530197,Micro Cap,Manufacturing & Services,Diversified,402.9,74.54,318.29,0.0,3.05,36.82,6.19,10.0,0.5,4.1
2351,Apollo Sindoori,APOLSINHOT,Micro Cap,Manufacturing & Services,Diversified,1218.1,32.72,316.75,0.21,1.76,178.26,10.93,11.0,0.5,4.1
2352,P S Raj Steels,PSRAJ,Micro Cap,Metals & Mining,Metals & Mining,83.95,36.88,316.42,0.0,4.62,135.78,16.13,27.0,2.0,13.2
2353,Ekansh Concept,531364,Micro Cap,Manufacturing & Services,Diversified,209.0,0.0,316.17,0.0,0.3,5.02,1.48,13.0,0.5,4.1
2354,Brandman Retail,BRANDMAN,Micro Cap,Manufacturing & Services,Diversified,171.3,10.65,316.17,0.0,4.76,45.19,36.81,14.0,0.5,4.1
2355,CL Educate,CLEDUCATE,Micro Cap,Manufacturing & Services,Diversified,58.08,0.0,315.33,0.0,-1.66,127.51,5.3,15.0,0.5,4.1
2356,Vega Jewellers,512026,Micro Cap,Manufacturing & Services,Diversified,61.95,5.75,315.21,0.0,21.98,271.51,0.0,16.0,0.5,4.1
2357,Dev Accele.,DEVX,Micro Cap,Cement & Building Materials,Cement & Materials,33.29,27.32,315.03,0.0,1.5,53.77,12.04,32.0,2.0,13.2
2358,Esconet,ESCONET,Micro Cap,Manufacturing & Services,Diversified,238.6,51.11,314.86,0.0,6.5,116.33,11.95,18.0,0.5,4.1
2359,Remi Edelstahl,513043,Micro Cap,Manufacturing & Services,Diversified,249.35,105.55,314.54,0.0,0.45,35.19,6.24,19.0,0.5,4.1
2360,Solarium Green,544354,Micro Cap,Power Utilities & Cleantech,Renewable Energy & Power,150.5,17.17,314.09,0.0,11.25,251.22,12.93,35.0,2.0,13.2
2361,Almondz Global,ALMONDZ,Micro Cap,Manufacturing & Services,Diversified,17.89,9.17,312.9,0.0,12.53,44.5,11.74,21.0,0.5,4.1
2362,Sizemasters Tech,513496,Micro Cap,IT & Software Services,IT & Software,312.6,86.83,312.6,0.0,0.76,8.79,24.25,47.0,1.0,8.4
2363,Shree Tirupati,TIRUPATI,Micro Cap,Manufacturing & Services,Diversified,308.0,106.49,312.01,0.0,1.06,107.04,6.89,23.0,0.5,4.1
2364,Simca Advertis.,SIMCA,Micro Cap,Manufacturing & Services,Diversified,260.0,18.72,311.26,0.0,9.04,78.51,97.5,24.0,0.5,4.1
2365,Omnitex Industri,514324,Micro Cap,Manufacturing & Services,Diversified,740.0,0.0,310.8,1.08,-0.15,0.0,1.06,25.0,0.5,4.1
2366,AVG Logistics,AVG,Micro Cap,Manufacturing & Services,Diversified,166.04,26.35,310.63,0.72,6.01,130.78,9.2,26.0,0.5,4.1
2367,Hi-Green Carbon,HIGREEN,Micro Cap,Power Utilities & Cleantech,Renewable Energy & Power,124.0,58.69,309.88,0.0,-1.3,69.67,10.41,42.0,2.0,13.2
2368,Geekay Wires,GEEKAYWIRE,Micro Cap,Manufacturing & Services,Diversified,29.61,10.79,309.48,1.18,5.77,94.94,16.78,28.0,0.5,4.1
2369,Nureca,NURECA,Micro Cap,Manufacturing & Services,Diversified,322.7,70.95,307.92,0.0,3.07,40.34,3.3,29.0,0.5,4.1
2370,QMS Medical,QMSMEDI,Micro Cap,Manufacturing & Services,Diversified,158.97,28.6,307.41,0.31,3.96,56.87,13.23,30.0,0.5,4.1
2371,Axita Cotton,AXITA,Micro Cap,Manufacturing & Services,Diversified,8.01,78.8,306.52,0.0,3.59,58.28,6.32,31.0,0.5,4.1
2372,Yash Optics,YASHOPTICS,Micro Cap,Manufacturing & Services,Diversified,123.75,33.86,306.47,0.0,5.93,30.61,12.84,32.0,0.5,4.1
2373,Annapurna Swadi.,ANNAPURNA,Micro Cap,Manufacturing & Services,Diversified,140.2,9.06,305.92,0.0,9.81,126.76,12.63,33.0,0.5,4.1
2374,Kaka Industries,543939,Micro Cap,Manufacturing & Services,Diversified,223.7,16.28,305.57,0.0,9.92,138.34,19.36,34.0,0.5,4.1
2375,Suraj Products,518075,Micro Cap,Manufacturing & Services,Diversified,266.0,14.45,303.24,0.85,6.73,87.7,14.73,10.0,0.5,4.1
2376,Om Freight Forwa,OMFREIGHT,Micro Cap,Manufacturing & Services,Diversified,89.84,15.53,302.54,0.0,7.07,193.35,10.05,11.0,0.5,4.1
2377,Tiger Logistics,TIGERLOGS,Micro Cap,Manufacturing & Services,Diversified,28.61,15.96,302.48,0.0,2.17,152.53,17.62,12.0,0.5,4.1
2378,Arihant Academy,ARIHANTACA,Micro Cap,Manufacturing & Services,Diversified,498.25,32.83,301.7,0.2,2.05,19.83,42.73,13.0,0.5,4.1
2379,Spice IslandsInd,526827,Micro Cap,Manufacturing & Services,Diversified,96.6,44.74,301.07,0.33,1.4,17.83,62.36,14.0,0.5,4.1
2380,United Heat,UHTL,Micro Cap,Manufacturing & Services,Diversified,158.4,60.08,301.02,0.0,4.17,51.44,11.84,15.0,0.5,4.1
2381,GLEN Industries,544444,Micro Cap,Manufacturing & Services,Diversified,124.85,18.24,300.41,0.0,8.2,107.57,13.75,16.0,0.5,4.1
2382,Jainik Power,JAINIK,Micro Cap,Power Utilities & Cleantech,Renewable Energy & Power,209.2,21.41,300.15,0.0,7.85,208.91,29.88,27.0,2.0,13.2
2383,Complete Sports and Management,544900,Micro Cap,Manufacturing & Services,Diversified,145.95,16.72,300.07,0.0,0.0,0.0,65.05,18.0,0.5,4.1
2384,Essen Speciality,ESFL,Micro Cap,Manufacturing & Services,Diversified,120.75,0.0,299.93,0.83,0.36,31.65,-1.25,19.0,0.5,4.1
2385,Nutricircle,530219,Micro Cap,Manufacturing & Services,Diversified,270.0,999.0,299.7,0.0,0.04,5.5,4.23,20.0,0.5,4.1
2386,Deepak Builders,DBEIL,Micro Cap,Chemicals & Petrochemicals,Chemicals,6.43,10.88,299.51,1.56,2.88,89.86,13.55,21.0,0.5,4.1
2387,Integ. Proteins,519606,Micro Cap,Manufacturing & Services,Diversified,16.0,516.24,299.42,0.0,0.36,10.55,1.26,22.0,0.5,4.1
2388,Thaai,TCL,Micro Cap,Manufacturing & Services,Diversified,123.0,23.48,299.4,0.0,6.7,83.33,13.08,23.0,0.5,4.1
2389,Soma Textiles,SOMATEX,Micro Cap,Textiles & Apparel,Textiles,90.22,72.51,298.02,0.55,2.76,28.39,-0.66,64.0,1.0,7.3
2390,Anjani Portland,APCL,Micro Cap,Manufacturing & Services,Diversified,101.42,0.0,297.92,0.0,-9.8,89.76,0.04,25.0,0.5,4.1
2391,BDH Industries,524828,Micro Cap,Manufacturing & Services,Diversified,517.1,25.44,297.85,0.97,2.72,22.38,20.5,26.0,0.5,4.1
2392,Likhami Consult.,539927,Micro Cap,Manufacturing & Services,Diversified,298.9,929.41,297.41,0.0,0.01,0.16,0.89,27.0,0.5,4.1
2393,Lancor Holdings,LANCORHOL,Micro Cap,Manufacturing & Services,Diversified,40.35,5.15,296.78,0.5,17.25,44.67,20.52,28.0,0.5,4.1
2394,S V Global Mill,SVGLOBAL,Micro Cap,Textiles & Apparel,Textiles,163.62,0.0,295.87,0.0,4.83,0.72,-34.11,69.0,1.0,7.3
2395,Aarey Drugs,AAREYDRUGS,Micro Cap,Manufacturing & Services,Diversified,95.79,70.92,295.74,0.0,1.02,44.63,5.58,30.0,0.5,4.1
2396,Hindustan Motors,500500,Micro Cap,Automotive & 2W/3W,Auto Ancillary & Components,14.17,67.35,295.67,0.0,0.22,0.0,16.68,71.0,1.0,7.3
2397,SBEC Sugar,532102,Micro Cap,Manufacturing & Services,Diversified,61.99,5.48,295.41,0.0,9.15,99.0,21.87,32.0,0.5,4.1
2398,Citizen Solar,538786,Micro Cap,Power Utilities & Cleantech,Renewable Energy & Power,210.0,14.84,294.91,0.0,5.77,76.77,34.79,43.0,2.0,13.2
2399,Exxaro Tiles,EXXARO,Micro Cap,Manufacturing & Services,Diversified,6.59,71.91,294.84,0.0,2.07,85.22,4.31,34.0,0.5,4.1
2400,Corporate Merch,540199,Micro Cap,Manufacturing & Services,Diversified,46.49,219.98,294.77,0.0,-0.52,0.0,2.68,10.0,0.5,4.1
2401,Gennex Lab.,531739,Micro Cap,Pharmaceuticals & Healthcare,Pharma & Healthcare,12.12,15.65,294.45,0.0,4.67,39.84,10.85,11.0,0.5,4.1
2402,Elgi Rubber Co,ELGIRUBCO,Micro Cap,Manufacturing & Services,Diversified,58.69,0.0,294.04,0.0,40.85,70.09,-12.92,12.0,0.5,4.1
2403,Sayaji Industr,SAYAJIIND,Micro Cap,Manufacturing & Services,Diversified,116.11,23.6,293.53,0.0,7.33,288.08,8.2,13.0,0.5,4.1
2404,Dynemic Products,DYNPRO,Micro Cap,Manufacturing & Services,Diversified,236.06,14.44,293.38,0.64,5.19,86.43,11.33,14.0,0.5,4.1
2405,Bhavik Enterpris,544551,Micro Cap,Manufacturing & Services,Diversified,144.0,21.62,293.16,0.0,9.3,334.16,14.29,15.0,0.5,4.1
2406,Kisan Mouldings,530145,Micro Cap,Manufacturing & Services,Diversified,24.5,0.0,292.68,0.0,-6.69,65.24,-3.14,16.0,0.5,4.1
2407,C K K Retail,CKKRETAIL,Micro Cap,Manufacturing & Services,Diversified,151.0,27.08,292.46,0.0,0.86,110.76,17.11,17.0,0.5,4.1
2408,OneClick Logisti,OLIL,Micro Cap,Banking & Financial Services,BFSI,427.05,102.93,292.31,0.0,1.91,92.43,8.61,18.0,0.5,4.1
2409,Simm. Marshall,507998,Micro Cap,Capital Goods & Engineering,Capital Goods,260.0,17.76,291.2,0.31,3.84,64.65,19.66,19.0,0.5,4.1
2410,Sundaram Brake,SUNDRMBRAK,Micro Cap,Manufacturing & Services,Diversified,740.0,81.1,291.16,0.09,0.48,90.98,4.85,20.0,0.5,4.1
2411,Nath Bio-Genes,NATHBIOGEN,Micro Cap,Manufacturing & Services,Diversified,153.12,8.59,290.99,1.31,32.26,328.4,7.1,21.0,0.5,4.1
2412,RDB Rasayans,533608,Micro Cap,Manufacturing & Services,Diversified,164.15,7.86,290.79,0.0,11.6,31.93,19.6,22.0,0.5,4.1
2413,Polo Queen Ind.,540717,Micro Cap,Manufacturing & Services,Diversified,8.66,127.53,290.76,0.0,0.43,11.78,2.48,23.0,0.5,4.1
2414,Robust Hotels,RHL,Micro Cap,Manufacturing & Services,Diversified,167.89,10.84,290.31,0.0,6.12,33.85,5.71,24.0,0.5,4.1
2415,Mahindra EPC,MAHEPC,Micro Cap,Manufacturing & Services,Diversified,103.62,26.19,289.63,0.0,-2.14,54.16,10.33,25.0,0.5,4.1
2416,Infinity Infoway,544567,Micro Cap,Manufacturing & Services,Diversified,530.0,37.05,289.01,0.0,2.02,6.9,35.12,26.0,0.5,4.1
2417,Yaap Digital,YAAP,Micro Cap,Manufacturing & Services,Diversified,137.8,15.63,288.46,0.0,19.0,135.66,30.86,27.0,0.5,4.1
2418,Cool Caps,COOLCAPS,Micro Cap,Manufacturing & Services,Diversified,24.5,34.43,288.18,0.0,3.2,263.62,11.26,28.0,0.5,4.1
2419,Globe Civil,GLOBECIVIL,Micro Cap,Manufacturing & Services,Diversified,48.15,11.32,287.55,0.0,7.16,91.84,16.09,29.0,0.5,4.1
2420,Admach Systems,544669,Micro Cap,Manufacturing & Services,Diversified,422.05,28.56,285.85,0.0,5.54,40.46,25.03,30.0,0.5,4.1
2421,Jay Shree Tea,JAYSREETEA,Micro Cap,Manufacturing & Services,Diversified,98.95,0.0,285.77,0.51,-5.94,206.17,0.51,31.0,0.5,4.1
2422,Nimbus Projects,NIMBSPROJ,Micro Cap,Manufacturing & Services,Diversified,147.84,0.0,285.61,0.0,3.26,3.1,-13.46,32.0,0.5,4.1
2423,Rudra Ecovation,514010,Micro Cap,Manufacturing & Services,Diversified,23.93,0.0,285.55,0.0,-0.97,5.0,-2.65,33.0,0.5,4.1
2424,Mercantile Vent.,MERCANTILE,Micro Cap,Manufacturing & Services,Diversified,25.45,42.32,285.22,0.0,1.21,23.03,0.82,34.0,0.5,4.1
2425,Vardhman Polytex,VARDMNPOLY,Micro Cap,Textiles & Apparel,Textiles,5.87,31.09,283.53,0.0,311.19,60.75,0.0,50.0,1.0,7.3
2426,Mahickra Chem.,MAHICKRA,Micro Cap,Chemicals & Petrochemicals,Chemicals,290.0,54.94,283.5,0.05,4.25,57.28,12.71,11.0,0.5,4.1
2427,Savy Infra,SAVY,Micro Cap,Manufacturing & Services,Diversified,136.15,6.74,283.31,0.0,23.75,422.57,42.76,12.0,0.5,4.1
2428,Lyka Labs,LYKALABS,Micro Cap,Pharmaceuticals & Healthcare,Pharma & Healthcare,78.36,0.0,283.29,0.0,2.05,42.31,-5.98,13.0,0.5,4.1
2429,Him Teknoforg.,505712,Micro Cap,Automotive & 2W/3W,Auto Ancillary & Components,274.2,20.39,283.28,0.18,4.15,118.28,9.08,54.0,1.0,7.3
2430,KM Sugar Mills,KMSUGAR,Micro Cap,Textiles & Apparel,Textiles,30.68,5.87,282.26,0.0,7.83,189.93,12.95,55.0,1.0,7.3
2431,Josts Engg. Co.,505750,Micro Cap,Manufacturing & Services,Diversified,238.65,71.45,282.24,0.52,2.52,48.94,6.51,16.0,0.5,4.1
2432,Bombay Oxygen,509470,Micro Cap,Manufacturing & Services,Diversified,18800.0,268.57,282.0,0.13,28.52,33.65,-0.81,17.0,0.5,4.1
2433,Astonea Labs,544409,Micro Cap,Pharmaceuticals & Healthcare,Pharma & Healthcare,268.0,62.32,281.69,0.0,3.1,81.29,10.51,18.0,0.5,4.1
2434,Logica Infoway,543746,Micro Cap,Manufacturing & Services,Diversified,158.0,19.83,281.2,0.0,7.76,729.02,13.56,19.0,0.5,4.1
2435,Coastal Corporat,COASTCORP,Micro Cap,Manufacturing & Services,Diversified,41.88,8.7,280.5,0.67,11.57,253.88,9.64,20.0,0.5,4.1
2436,EPW India,EPWINDIA,Micro Cap,Power Utilities & Cleantech,Renewable Energy & Power,244.1,27.18,280.22,0.0,6.21,63.43,45.9,21.0,2.0,13.2
2437,Baroda Rayon,500270,Micro Cap,Manufacturing & Services,Diversified,122.3,14.25,280.21,0.0,18.47,17.98,3.69,22.0,0.5,4.1
2438,Narmada Gelatine,526739,Micro Cap,Manufacturing & Services,Diversified,462.4,8.84,279.73,2.38,8.19,56.37,27.87,23.0,0.5,4.1
2439,Chaman Metallics,CMNL,Micro Cap,Metals & Mining,Metals & Mining,115.75,0.0,279.36,0.0,-1.62,344.75,5.37,24.0,2.0,13.2
2440,SAB Industries,SAB,Micro Cap,Manufacturing & Services,Diversified,183.5,0.0,279.1,0.0,28.71,6.41,0.84,25.0,0.5,4.1
2441,Naga Dhunseri,NDGL,Micro Cap,Manufacturing & Services,Diversified,2787.7,0.0,278.77,0.09,38.41,94.48,0.14,26.0,0.5,4.1
2442,Jaysynth Orgo,524592,Micro Cap,Manufacturing & Services,Diversified,20.65,15.27,278.58,0.24,5.35,58.79,13.45,27.0,0.5,4.1
2443,Zenotech Lab.,532039,Micro Cap,IT & Software Services,IT & Software,45.6,0.0,278.3,0.0,-0.46,10.62,4.59,48.0,1.0,8.4
2444,R&B Denims,RNBDENIMS,Micro Cap,Manufacturing & Services,Diversified,10.27,13.25,277.21,0.0,4.38,119.33,11.38,29.0,0.5,4.1
2445,All E Tech,ALLETEC,Micro Cap,IT & Software Services,IT & Software,137.25,10.9,277.17,1.09,5.06,37.18,22.22,50.0,1.0,8.4
2446,A2Z Infra Engg.,A2ZINFRA,Micro Cap,Manufacturing & Services,Diversified,15.61,65.53,277.11,0.0,-0.02,68.45,16.34,31.0,0.5,4.1
2447,Shalibhadra Fin.,SAHLIBHFI,Micro Cap,Capital Goods & Engineering,Capital Goods,89.52,13.95,276.51,0.56,4.91,10.96,14.65,32.0,0.5,4.1
2448,Globe Intl. Car.,GICL,Micro Cap,Manufacturing & Services,Diversified,24.6,27.65,275.41,0.0,1.62,37.18,15.88,33.0,0.5,4.1
2449,Hi-Klass Trading,542332,Micro Cap,Manufacturing & Services,Diversified,91.1,37.92,275.28,0.0,8.48,10.4,-1.46,34.0,0.5,4.1
2450,Voler Car,VOLERCAR,Micro Cap,Manufacturing & Services,Diversified,246.95,83.39,275.19,0.0,1.1,14.21,12.05,10.0,0.5,4.1
2451,Shree Karni,SHREEKARNI,Micro Cap,Manufacturing & Services,Diversified,380.2,18.03,274.84,0.0,9.18,96.24,12.81,11.0,0.5,4.1
2452,Varvee Global,VGL,Micro Cap,Manufacturing & Services,Diversified,53.31,0.0,274.7,0.0,-6.56,8.26,18.9,12.0,0.5,4.1
2453,Poddar Pigments,PODDARMENT,Micro Cap,Manufacturing & Services,Diversified,257.1,17.9,272.78,1.56,4.65,90.13,7.25,13.0,0.5,4.1
2454,Mason Infratech,MASON,Micro Cap,IT & Software Services,IT & Software,113.9,12.47,272.68,0.0,14.07,79.4,17.27,59.0,1.0,8.4
2455,Everest Organics,524790,Micro Cap,Manufacturing & Services,Diversified,272.55,51.68,271.83,0.0,1.11,48.43,11.99,15.0,0.5,4.1
2456,Dai-ichi Karkari,DAICHI,Micro Cap,Manufacturing & Services,Diversified,364.8,114.68,271.78,0.41,2.93,57.84,-1.06,16.0,0.5,4.1
2457,DJ Mediaprint,DJML,Micro Cap,Manufacturing & Services,Diversified,75.64,25.4,271.77,0.2,1.87,30.15,16.16,17.0,0.5,4.1
2458,Shree Salasar,503635,Micro Cap,Manufacturing & Services,Diversified,389.5,12.66,271.56,0.0,5.68,27.74,20.28,18.0,0.5,4.1
2459,Galaxy Bearings,526073,Micro Cap,Manufacturing & Services,Diversified,853.45,73.15,271.4,0.0,2.99,15.95,5.24,19.0,0.5,4.1
2460,Balaji Phos.,BALAJIPHOS,Micro Cap,Manufacturing & Services,Diversified,114.0,26.52,271.06,0.0,2.18,85.77,15.19,20.0,0.5,4.1
2461,Pritika Auto,PRITIKAUTO,Micro Cap,Automotive & 2W/3W,Auto Ancillary & Components,16.27,12.43,270.92,0.0,7.11,144.97,11.87,36.0,1.0,7.3
2462,Ashwini Contain.,ASHWINI,Micro Cap,Manufacturing & Services,Diversified,180.0,17.6,270.0,0.0,9.91,54.91,24.08,22.0,0.5,4.1
2463,Aaron Industries,AARON,Micro Cap,Manufacturing & Services,Diversified,128.45,32.46,269.06,0.39,2.56,24.44,18.66,23.0,0.5,4.1
2464,Chatha Foods,544151,Micro Cap,Manufacturing & Services,Diversified,111.0,40.09,268.63,0.0,3.5,81.71,9.5,24.0,0.5,4.1
2465,RPP Infra Proj.,RPPINFRA,Micro Cap,Manufacturing & Services,Diversified,54.14,129.69,268.46,0.92,2.77,347.09,4.94,25.0,0.5,4.1
2466,Plaza Wires,PLAZACABLE,Micro Cap,Manufacturing & Services,Diversified,61.32,25.0,268.29,0.0,4.5,90.24,8.44,26.0,0.5,4.1
2467,Akanksha Power,AKANKSHA,Micro Cap,Power Utilities & Cleantech,Renewable Energy & Power,136.7,46.15,267.67,0.0,2.41,43.8,11.0,22.0,2.0,13.2
2468,Silverstorm Parks,544840,Micro Cap,Manufacturing & Services,Diversified,118.0,14.05,267.59,0.0,4.15,13.12,16.23,28.0,0.5,4.1
2469,Patel Chem,544460,Micro Cap,Chemicals & Petrochemicals,Chemicals,107.55,21.31,267.48,0.0,6.42,76.11,21.77,29.0,0.5,4.1
2470,BharatRohan Air.,544535,Micro Cap,Manufacturing & Services,Diversified,134.0,25.19,266.97,0.0,5.96,52.49,21.28,30.0,0.5,4.1
2471,Marble City,531281,Micro Cap,Manufacturing & Services,Diversified,102.5,37.21,266.81,0.0,2.58,24.61,13.77,31.0,0.5,4.1
2472,Nagpur Power,532362,Micro Cap,Power Utilities & Cleantech,Renewable Energy & Power,203.0,0.0,265.93,0.0,-0.16,17.14,0.91,27.0,2.0,13.2
2473,Techera Enginee.,TECHERA,Micro Cap,IT & Software Services,IT & Software,160.9,118.14,265.82,0.0,1.69,24.2,7.59,78.0,1.0,8.4
2474,ITCONS E-Soluti.,543806,Micro Cap,FMCG & Consumer Goods,FMCG,293.45,50.26,264.35,0.05,2.47,47.55,13.09,34.0,0.5,4.1
2475,Pushpa Jewellers,PUSHPA,Micro Cap,Manufacturing & Services,Diversified,108.95,9.84,263.91,0.0,14.86,247.41,30.37,10.0,0.5,4.1
2476,Sonam,SONAMLTD,Micro Cap,Automotive & 2W/3W,Auto Ancillary & Components,65.84,29.29,263.57,0.46,3.0,66.57,14.14,51.0,1.0,7.3
2477,Nila Infrastruct,NILAINFRA,Micro Cap,Manufacturing & Services,Diversified,6.67,10.5,262.72,0.0,8.44,74.2,22.32,12.0,0.5,4.1
2478,Le Merite Export,LEMERITE,Micro Cap,Manufacturing & Services,Diversified,20.93,93.9,261.98,0.0,-4.57,89.75,9.95,13.0,0.5,4.1
2479,PG Foils,526747,Micro Cap,Manufacturing & Services,Diversified,222.1,0.0,261.97,0.0,14.34,125.58,0.87,14.0,0.5,4.1
2480,Madala Holdings,532344,Micro Cap,Manufacturing & Services,Diversified,177.25,153.94,261.69,0.0,3.43,3.86,4.37,15.0,0.5,4.1
2481,Khemani Distrib.,539788,Micro Cap,Manufacturing & Services,Diversified,113.65,0.0,261.1,0.0,-22.41,18.14,-26.14,16.0,0.5,4.1
2482,C P S Shapers,CPS,Micro Cap,Manufacturing & Services,Diversified,1130.0,3261.88,260.95,0.0,2.16,19.52,4.25,17.0,0.5,4.1
2483,Gamco Ltd,540097,Micro Cap,Manufacturing & Services,Diversified,48.25,0.0,260.7,0.21,32.7,110.79,-9.04,18.0,0.5,4.1
2484,India Gelatine,531253,Micro Cap,Manufacturing & Services,Diversified,367.0,9.97,260.29,1.63,8.08,45.68,15.86,19.0,0.5,4.1
2485,Hannah Joseph,544687,Micro Cap,Manufacturing & Services,Diversified,114.6,23.29,260.12,1.75,6.06,49.51,17.77,20.0,0.5,4.1
2486,Kaycee Inds.,504084,Micro Cap,Manufacturing & Services,Diversified,819.1,54.72,259.94,0.24,1.16,14.99,22.62,21.0,0.5,4.1
2487,Active Infra.,ACTIVEINFR,Micro Cap,Manufacturing & Services,Diversified,172.5,25.39,259.01,0.29,4.39,57.54,9.57,22.0,0.5,4.1
2488,Ace Soft. Exp.,531525,Micro Cap,Manufacturing & Services,Diversified,202.65,60.59,258.7,0.0,1.19,14.29,5.83,23.0,0.5,4.1
2489,Krishca Strapp.,KRISHCA,Micro Cap,Manufacturing & Services,Diversified,161.85,22.2,257.79,0.0,5.43,141.1,12.88,24.0,0.5,4.1
2490,Tamboli Industri,TAMBOLIIN,Micro Cap,Manufacturing & Services,Diversified,259.7,23.31,257.62,0.46,2.09,18.43,11.98,25.0,0.5,4.1
2491,Marc Technocrats,MARC,Micro Cap,IT & Software Services,IT & Software,148.6,24.41,257.28,0.0,4.81,37.53,29.22,56.0,1.0,8.4
2492,Spencer's Retail,SPENCERS,Micro Cap,Manufacturing & Services,Diversified,28.5,0.0,256.88,0.0,-60.45,469.47,-9.34,27.0,0.5,4.1
2493,Maral Overseas,MARALOVER,Micro Cap,Manufacturing & Services,Diversified,61.83,11.47,256.66,0.0,5.98,263.21,7.57,28.0,0.5,4.1
2494,Dynamic Services,DYNAMIC,Micro Cap,Manufacturing & Services,Diversified,146.3,5.94,256.54,0.0,32.91,345.09,16.73,29.0,0.5,4.1
2495,Riddhi Steel,540082,Micro Cap,Metals & Mining,Metals & Mining,206.2,22.39,256.42,0.0,5.37,211.08,14.74,20.0,2.0,13.2
2496,Ovobel Foods,530741,Micro Cap,Manufacturing & Services,Diversified,269.3,6.6,255.86,0.0,15.4,79.97,28.21,31.0,0.5,4.1
2497,Laxmipati Engg,537669,Micro Cap,Manufacturing & Services,Diversified,444.4,0.0,255.53,0.0,24.16,43.55,21.84,32.0,0.5,4.1
2498,Sayaji Hot. Pune,544090,Micro Cap,Manufacturing & Services,Diversified,838.6,12.31,255.49,0.0,5.94,20.1,28.53,33.0,0.5,4.1
2499,Shradha Realty,SHRADHA,Micro Cap,Manufacturing & Services,Diversified,31.48,9.58,254.98,1.91,4.19,23.69,10.71,34.0,0.5,4.1
2500,TRF,TRF,Micro Cap,Manufacturing & Services,Diversified,231.59,48.62,254.75,0.0,1.88,26.03,9.42,10.0,0.5,4.1
2501,Generic Engineer,GENCON,Micro Cap,Manufacturing & Services,Diversified,44.63,29.89,254.33,0.0,1.89,111.22,7.1,11.0,0.5,4.1
2502,Sakuma Exports,SAKUMA,Micro Cap,Manufacturing & Services,Diversified,1.62,23.78,253.97,0.0,2.82,333.32,1.74,12.0,0.5,4.1
2503,Magson Retail,MAGSON,Micro Cap,Manufacturing & Services,Diversified,184.0,298.67,253.87,0.0,0.64,70.62,3.31,13.0,0.5,4.1
2504,Quest Capital,500069,Micro Cap,Manufacturing & Services,Diversified,253.5,11.16,253.5,0.99,0.73,1.15,2.58,14.0,0.5,4.1
2505,Finbud Financial,FINBUD,Micro Cap,Manufacturing & Services,Diversified,133.0,21.75,253.36,0.0,6.35,177.12,17.82,15.0,0.5,4.1
2506,Shiv Texchem,544272,Micro Cap,Chemicals & Petrochemicals,Chemicals,109.3,3.25,253.27,0.0,34.87,1273.08,15.3,16.0,0.5,4.1
2507,Pramodini Medicare,PRAMODINI,Micro Cap,Manufacturing & Services,Diversified,114.8,14.56,253.08,0.0,0.0,0.0,41.84,17.0,0.5,4.1
2508,UFO Moviez,UFO,Micro Cap,Manufacturing & Services,Diversified,65.09,10.52,252.71,0.0,5.64,110.69,11.19,18.0,0.5,4.1
2509,AVATAR Industries,AVATAR,Micro Cap,Manufacturing & Services,Diversified,242.4,682.46,252.51,0.0,0.12,102.87,1.36,19.0,0.5,4.1
2510,RBM Infracon,RBMINFRA,Micro Cap,Manufacturing & Services,Diversified,236.9,5.56,251.9,0.0,18.36,208.22,28.2,20.0,0.5,4.1
2511,Shankar Lal Ram.,SRD,Micro Cap,Manufacturing & Services,Diversified,39.33,13.64,251.58,0.13,9.19,135.55,14.01,21.0,0.5,4.1
2512,SKP Bearing,SKP,Micro Cap,Manufacturing & Services,Diversified,151.5,426.25,251.49,0.73,0.04,22.11,11.38,22.0,0.5,4.1
2513,M K Exim India,MKEXIM,Micro Cap,Manufacturing & Services,Diversified,62.18,13.35,251.0,0.96,2.32,19.63,24.52,23.0,0.5,4.1
2514,Organic Recyclin,543997,Micro Cap,Manufacturing & Services,Diversified,160.9,10.01,250.99,0.0,12.98,74.5,15.86,24.0,0.5,4.1
2515,Sh. Ajit Pulp,SAPPL,Micro Cap,Manufacturing & Services,Diversified,281.85,6.04,250.71,0.0,18.54,201.17,14.31,25.0,0.5,4.1
2516,Alphalogic Tech.,542770,Micro Cap,IT & Software Services,IT & Software,39.98,48.99,250.32,0.0,1.7,10.12,12.54,81.0,1.0,8.4
2517,Manaksia Alumi.,MANAKALUCO,Micro Cap,Manufacturing & Services,Diversified,38.1,28.21,249.68,0.13,2.85,139.59,10.15,27.0,0.5,4.1
2518,Grand Continent,GCHOTELS,Micro Cap,Manufacturing & Services,Diversified,99.85,20.05,248.82,0.0,10.09,84.83,12.02,28.0,0.5,4.1
2519,Indo National,NIPPOBATRY,Micro Cap,Manufacturing & Services,Diversified,331.75,0.0,248.81,1.13,2.01,116.14,-5.47,29.0,0.5,4.1
2520,Agarwal Toughene,AGARWALTUF,Micro Cap,Manufacturing & Services,Diversified,140.6,11.5,248.5,0.0,9.34,49.04,22.97,30.0,0.5,4.1
2521,The Peria Karamalai Tea,PKTEA,Micro Cap,Manufacturing & Services,Diversified,802.65,0.0,248.49,0.12,9.9,20.56,0.27,31.0,0.5,4.1
2522,Cochin Minerals,513353,Micro Cap,Manufacturing & Services,Diversified,316.9,10.11,248.13,2.52,12.38,131.26,13.63,32.0,0.5,4.1
2523,Ahm. Steelcraft,522273,Micro Cap,Metals & Mining,Metals & Mining,164.4,14.79,248.11,0.0,1.5,38.72,22.23,18.0,2.0,13.2
2524,Spunweb Nonwoven,SPUNWEB,Micro Cap,Manufacturing & Services,Diversified,102.9,10.75,248.02,0.0,12.33,188.08,26.87,34.0,0.5,4.1
2525,Kothari Sugars,KOTARISUG,Micro Cap,Manufacturing & Services,Diversified,29.92,0.0,248.01,0.0,0.08,83.42,-5.52,10.0,0.5,4.1
2526,Wise Travel,WTICAB,Micro Cap,Manufacturing & Services,Diversified,104.15,8.42,248.0,0.0,17.17,446.96,16.31,11.0,0.5,4.1
2527,FCS Software,FCSSOFT,Micro Cap,IT & Software Services,IT & Software,1.45,63.24,247.89,0.0,0.63,16.12,2.4,52.0,1.0,8.4
2528,Evexia Lifecare,524444,Micro Cap,Manufacturing & Services,Diversified,1.32,133.23,247.81,0.0,0.42,30.89,0.0,13.0,0.5,4.1
2529,Sumit Woods,SUMIT,Micro Cap,Manufacturing & Services,Diversified,51.71,37.1,247.48,0.39,4.04,45.18,6.55,14.0,0.5,4.1
2530,RMC Switchgears,RMC,Micro Cap,FMCG & Consumer Goods,FMCG,233.54,12.17,247.13,0.0,2.08,37.24,21.98,15.0,0.5,4.1
2531,Ascom Leasing &,ASCOM,Micro Cap,Manufacturing & Services,Diversified,210.9,46.97,247.05,0.0,2.58,6.61,13.21,16.0,0.5,4.1
2532,Starteck Fin.,STARTECK,Micro Cap,Manufacturing & Services,Diversified,249.25,10.13,247.01,0.1,4.32,10.91,9.11,17.0,0.5,4.1
2533,Hind.Organ.Chem.,500449,Micro Cap,Chemicals & Petrochemicals,Chemicals,36.69,0.0,246.45,0.0,3.84,96.0,-0.02,18.0,0.5,4.1
2534,Aveer Foods,543737,Micro Cap,Manufacturing & Services,Diversified,549.95,62.22,246.4,0.05,0.59,34.45,15.14,19.0,0.5,4.1
2535,Aion-Tech Soluti,GOLDTECH,Micro Cap,IT & Software Services,IT & Software,47.04,0.0,245.84,0.0,-2.6,27.02,-1.71,60.0,1.0,8.4
2536,Wardwizard Foods,539132,Micro Cap,Automotive & 2W/3W,2W & 3W OEM,9.54,56.78,245.31,0.0,1.31,17.03,4.33,61.0,1.0,7.3
2537,Shreedhar Spinners,SHREEDHAR,Micro Cap,Manufacturing & Services,Diversified,114.3,39.71,245.04,0.0,3.04,70.01,12.07,22.0,0.5,4.1
2538,P.E. Analytics,PROPEQUITY,Micro Cap,Manufacturing & Services,Diversified,225.0,15.6,244.8,0.0,8.43,25.15,21.29,23.0,0.5,4.1
2539,United Van Der,522091,Micro Cap,Manufacturing & Services,Diversified,35.48,56.89,244.63,1.13,1.12,9.15,12.83,24.0,0.5,4.1
2540,Cropster Agro,523105,Micro Cap,Manufacturing & Services,Diversified,2.91,16.15,244.44,0.0,5.34,54.59,12.45,25.0,0.5,4.1
2541,Ravinder Heights,RVHL,Micro Cap,Manufacturing & Services,Diversified,39.84,5.12,244.32,0.0,-1.69,0.01,21.99,26.0,0.5,4.1
2542,Worth Peripheral,WORTHPERI,Micro Cap,Manufacturing & Services,Diversified,154.99,15.79,244.12,0.65,5.25,82.0,12.9,27.0,0.5,4.1
2543,Bimetal Bearings,BIMETAL,Micro Cap,Metals & Mining,Metals & Mining,635.0,21.28,243.21,2.13,3.94,79.53,6.85,38.0,2.0,13.2
2544,GRE Renew,544682,Micro Cap,Power Utilities & Cleantech,Renewable Energy & Power,170.1,20.12,243.04,0.0,8.14,74.38,34.81,39.0,2.0,13.2
2545,Jattashankar Ind,514318,Micro Cap,Manufacturing & Services,Diversified,553.0,132.66,242.77,0.0,0.92,35.78,6.54,30.0,0.5,4.1
2546,Bhilwara Tech,BTTL,Micro Cap,IT & Software Services,IT & Software,41.53,0.0,242.42,0.0,3.62,6.09,-6.67,71.0,1.0,8.4
2547,Diamines & Chem.,DIAMINESQ,Micro Cap,Chemicals & Petrochemicals,Chemicals,240.99,0.0,242.33,0.41,-0.1,14.37,-8.26,32.0,0.5,4.1
2548,BPL,BPL,Micro Cap,Manufacturing & Services,Diversified,49.38,0.0,241.84,0.0,-3.54,21.39,-1.78,33.0,0.5,4.1
2549,Prime Fresh,540404,Micro Cap,Manufacturing & Services,Diversified,173.8,16.57,241.42,0.0,4.36,61.71,21.39,34.0,0.5,4.1
2550,Prec. Electronic,517258,Micro Cap,Manufacturing & Services,Diversified,174.05,0.0,241.06,0.0,-2.36,13.28,7.15,10.0,0.5,4.1
2551,Cosmo Ferrites,523100,Micro Cap,Manufacturing & Services,Diversified,200.0,0.0,240.6,0.0,0.99,28.98,4.46,11.0,0.5,4.1
2552,Mitsu Chem Plast,540078,Micro Cap,Chemicals & Petrochemicals,Chemicals,177.0,10.39,240.33,0.11,8.74,95.15,16.29,12.0,0.5,4.1
2553,Pavna Industries,PAVNAIND,Micro Cap,Manufacturing & Services,Diversified,17.22,31.74,240.27,0.0,0.88,91.88,5.49,13.0,0.5,4.1
2554,Jasch Gauging,544112,Micro Cap,Manufacturing & Services,Diversified,530.1,15.87,240.24,1.89,3.69,14.68,21.28,14.0,0.5,4.1
2555,Veto Switchgears,VETO,Micro Cap,FMCG & Consumer Goods,FMCG,125.5,8.77,239.89,0.8,5.85,89.36,11.74,15.0,0.5,4.1
2556,D P Wires,DPWIRES,Micro Cap,Manufacturing & Services,Diversified,154.62,12.8,239.67,0.0,4.74,130.82,9.15,16.0,0.5,4.1
2557,Vikas Lifecare,VIKASLIFE,Micro Cap,Manufacturing & Services,Diversified,1.29,13.02,239.64,0.0,41.59,168.62,2.16,17.0,0.5,4.1
2558,Indus Finance,531841,Micro Cap,Banking & Financial Services,BFSI,258.35,78.95,239.23,0.23,0.75,1.55,14.97,18.0,0.5,4.1
2559,Indian Toners,523586,Micro Cap,Manufacturing & Services,Diversified,45.97,9.27,238.85,2.61,6.1,36.21,16.24,19.0,0.5,4.1
2560,Ratnabhumi Dev.,540796,Micro Cap,Manufacturing & Services,Diversified,174.0,193.8,238.38,0.0,0.07,13.61,11.04,20.0,0.5,4.1
2561,Jainam Ferro,JAINAM,Micro Cap,Manufacturing & Services,Diversified,203.5,35.36,238.32,0.0,1.23,97.4,7.04,21.0,0.5,4.1
2562,Suba Hotels,SUBAHOTELS,Micro Cap,Manufacturing & Services,Diversified,98.3,13.23,238.3,0.0,12.77,70.56,16.9,22.0,0.5,4.1
2563,Veer Global Inf.,543241,Micro Cap,Manufacturing & Services,Diversified,139.7,124.66,238.1,0.0,0.07,2.24,8.66,23.0,0.5,4.1
2564,Cupid Breweries,512361,Micro Cap,Manufacturing & Services,Diversified,26.04,0.0,237.86,0.0,-0.85,0.0,0.0,24.0,0.5,4.1
2565,Usha Financial,USHAFIN,Micro Cap,Manufacturing & Services,Diversified,54.7,9.46,237.81,0.0,8.03,20.26,13.51,25.0,0.5,4.1
2566,Shiva Texyarn,SHIVATEX,Micro Cap,Manufacturing & Services,Diversified,182.86,25.85,237.04,0.33,1.72,73.81,12.69,26.0,0.5,4.1
2567,Shivam Autotech,SHIVAMAUTO,Micro Cap,Automotive & 2W/3W,Auto Ancillary & Components,18.01,0.0,236.82,0.0,-20.99,109.58,-0.47,42.0,1.0,7.3
2568,Nectar Lifesci.,NECLIFE,Micro Cap,Manufacturing & Services,Diversified,12.19,0.0,236.8,0.0,-15.4,0.44,0.05,28.0,0.5,4.1
2569,Espire Hospi,532016,Micro Cap,Manufacturing & Services,Diversified,158.55,25.39,236.6,0.0,2.62,37.36,12.25,29.0,0.5,4.1
2570,Star Paper Mills,STARPAPER,Micro Cap,Textiles & Apparel,Textiles,151.42,7.63,236.37,1.65,11.01,103.46,4.18,45.0,1.0,7.3
2571,Omega Interactiv,511644,Micro Cap,Manufacturing & Services,Diversified,29.9,21.14,236.34,0.0,4.36,77.55,24.64,31.0,0.5,4.1
2572,Sikko Industries,SIKKO,Micro Cap,Manufacturing & Services,Diversified,5.41,39.06,236.31,0.0,3.13,17.69,7.76,32.0,0.5,4.1
2573,Expo Engineering,526614,Micro Cap,Manufacturing & Services,Diversified,91.03,180.27,236.15,0.0,0.61,13.75,9.07,33.0,0.5,4.1
2574,Asian Hotels (E),AHLEAST,Micro Cap,Manufacturing & Services,Diversified,136.51,22.06,236.05,0.73,4.32,26.87,5.6,34.0,0.5,4.1
2575,Kerala Ayurveda,530163,Micro Cap,Manufacturing & Services,Diversified,181.5,0.0,235.86,0.0,-8.08,33.19,-9.77,10.0,0.5,4.1
2576,Vaarad Ventures,532320,Micro Cap,Manufacturing & Services,Diversified,9.42,0.0,235.41,0.0,-1.71,0.52,-0.85,11.0,0.5,4.1
2577,Sakthi Sugars,SAKHTISUG,Micro Cap,Manufacturing & Services,Diversified,19.78,8.58,235.08,0.0,-1.83,376.91,14.08,12.0,0.5,4.1
2578,Ameenji Rubber,544555,Micro Cap,Manufacturing & Services,Diversified,208.0,37.01,234.62,0.0,1.96,80.55,19.61,13.0,0.5,4.1
2579,Equippp Social,EQUIPPP,Micro Cap,Manufacturing & Services,Diversified,22.75,126.78,234.54,0.0,0.3,12.72,10.72,14.0,0.5,4.1
2580,Propshare Celestia,544752,Micro Cap,Manufacturing & Services,Diversified,1005000.0,0.0,234.17,1.64,2.33,3.79,0.0,15.0,0.5,4.1
2581,ACE Alpha Tech,544431,Micro Cap,IT & Software Services,IT & Software,133.2,15.64,233.88,0.0,7.68,15.25,39.57,66.0,1.0,8.4
2582,A-1,542012,Micro Cap,Manufacturing & Services,Diversified,5.08,27.33,233.68,0.98,3.16,175.01,11.66,17.0,0.5,4.1
2583,CP Capital,CPCAP,Micro Cap,Manufacturing & Services,Diversified,128.33,5.18,233.47,2.34,13.31,21.95,9.83,18.0,0.5,4.1
2584,Setco Automotive,SETCO,Micro Cap,Automotive & 2W/3W,Auto Ancillary & Components,17.45,0.0,233.42,74.5,136.42,250.63,20.48,59.0,1.0,7.3
2585,Artificial Elect,526443,Micro Cap,Manufacturing & Services,Diversified,84.26,4.79,233.14,0.0,12.54,50.28,0.0,20.0,0.5,4.1
2586,Sanjiv.Parant.,531569,Micro Cap,Manufacturing & Services,Diversified,189.6,31.05,232.91,0.26,2.3,19.46,19.57,21.0,0.5,4.1
2587,Zee Learn,ZEELEARN,Micro Cap,Manufacturing & Services,Diversified,7.09,8.63,232.36,0.0,8.42,93.32,12.64,22.0,0.5,4.1
2588,Kataria Indust.,KATARIA,Micro Cap,Manufacturing & Services,Diversified,107.45,19.09,231.35,0.0,7.75,160.89,12.92,23.0,0.5,4.1
2589,Sicagen India,SICAGEN,Micro Cap,Manufacturing & Services,Diversified,58.28,11.15,230.61,1.72,6.93,285.96,6.03,24.0,0.5,4.1
2590,Horizon Reclaim,544794,Micro Cap,Manufacturing & Services,Diversified,118.05,21.94,230.38,0.0,0.0,0.0,36.47,25.0,0.5,4.1
2591,Suyog Gurbaxani,543391,Micro Cap,Manufacturing & Services,Diversified,92.5,38.65,229.98,0.54,-0.42,22.6,9.65,26.0,0.5,4.1
2592,Chembond Materi.,CHEMBOND,Micro Cap,Chemicals & Petrochemicals,Chemicals,170.9,15.2,229.83,1.17,5.73,72.42,10.76,27.0,0.5,4.1
2593,Waaree Tech.,539337,Micro Cap,Power Utilities & Cleantech,Renewable Energy & Power,212.4,0.0,228.72,0.0,-2.46,3.03,-32.23,28.0,2.0,13.2
2594,Competent Auto,COMPEAU,Micro Cap,Automotive & 2W/3W,Auto Ancillary & Components,371.8,9.19,228.66,0.27,3.68,576.1,8.7,69.0,1.0,7.3
2595,Radix Industries,531412,Micro Cap,Manufacturing & Services,Diversified,152.3,77.74,228.56,0.33,0.36,3.37,19.59,30.0,0.5,4.1
2596,Nidhi Granites,512103,Micro Cap,Manufacturing & Services,Diversified,284.8,27.32,227.84,0.0,2.9,15.84,51.01,31.0,0.5,4.1
2597,Acetech E-Commerce,ACETEC,Micro Cap,IT & Software Services,IT & Software,139.0,22.15,227.73,0.0,4.52,42.33,33.55,82.0,1.0,8.4
2598,Lotus Eye Hospit,LOTUSEYE,Micro Cap,Manufacturing & Services,Diversified,109.43,1422.31,227.57,0.0,0.61,17.06,1.16,33.0,0.5,4.1
2599,Intl. Travel Hse,500213,Micro Cap,Manufacturing & Services,Diversified,284.65,10.54,227.56,1.93,5.64,55.27,18.17,34.0,0.5,4.1
2600,Rana Sugars,RANASUG,Micro Cap,Manufacturing & Services,Diversified,14.8,0.0,227.28,0.0,-20.65,464.45,3.53,10.0,0.5,4.1
2601,E Factor Experie,EFACTOR,Micro Cap,Manufacturing & Services,Diversified,173.0,11.54,227.17,0.69,14.61,138.84,24.71,11.0,0.5,4.1
2602,Multibase India,526169,Micro Cap,Manufacturing & Services,Diversified,180.0,19.77,227.16,29.44,3.36,20.96,16.66,12.0,0.5,4.1
2603,Destiny Logistic,DESTINY,Micro Cap,Manufacturing & Services,Diversified,100.65,66.38,225.69,0.0,0.46,56.92,8.74,13.0,0.5,4.1
2604,Bilcare,BI,Micro Cap,Manufacturing & Services,Diversified,95.85,11.34,225.68,0.0,14.97,225.86,5.56,14.0,0.5,4.1
2605,Dhariwalcorp,DHARIWAL,Micro Cap,Manufacturing & Services,Diversified,24.0,26.27,225.63,0.0,5.5,117.74,22.12,15.0,0.5,4.1
2606,VMS TMT,VMSTMT,Micro Cap,Manufacturing & Services,Diversified,45.46,13.33,225.62,0.0,4.47,247.76,12.95,16.0,0.5,4.1
2607,Natural Capsules,NATCAPSUQ,Micro Cap,Manufacturing & Services,Diversified,216.42,0.0,225.32,0.0,-5.75,48.71,-4.58,17.0,0.5,4.1
2608,Revathi Equip,RVTH,Micro Cap,Manufacturing & Services,Diversified,734.45,14.52,225.25,0.0,2.04,30.02,14.95,18.0,0.5,4.1
2609,Surana Telecom,SURANAT&P,Micro Cap,Telecom & Data Centers,Telecom Infrastructure,16.57,6.86,224.95,0.0,11.0,3.5,13.35,54.0,1.0,8.4
2610,Nitiraj Engineer,NITIRAJ,Micro Cap,Manufacturing & Services,Diversified,219.19,93.62,224.69,0.68,1.02,18.84,1.79,20.0,0.5,4.1
2611,DCM Shriram Fine Chemicals,DSFCL,Micro Cap,Chemicals & Petrochemicals,Chemicals,25.81,0.0,224.53,1.55,2.59,90.78,0.74,21.0,0.5,4.1
2612,Saraswati Saree,SSDL,Micro Cap,Manufacturing & Services,Diversified,56.69,9.48,224.49,2.67,6.61,147.59,16.24,22.0,0.5,4.1
2613,Chemkart India,544442,Micro Cap,Chemicals & Petrochemicals,Chemicals,185.5,11.42,224.44,0.0,9.51,111.6,27.66,23.0,0.5,4.1
2614,Asi Industries,502015,Micro Cap,Manufacturing & Services,Diversified,24.87,8.93,224.02,1.61,6.45,39.53,8.82,24.0,0.5,4.1
2615,Reliance Communi,RCOM,Micro Cap,Manufacturing & Services,Diversified,0.81,0.0,224.01,0.0,-809.0,74.0,0.0,25.0,0.5,4.1
2616,Silgo Retail,SILGO,Micro Cap,Manufacturing & Services,Diversified,69.97,32.88,223.27,0.0,2.15,12.15,8.17,26.0,0.5,4.1
2617,Alfred Herbert,ALFREDHE,Micro Cap,Manufacturing & Services,Diversified,2898.9,6.07,223.22,0.69,6.24,8.31,11.7,27.0,0.5,4.1
2618,Vibhor Steel,VSTL,Micro Cap,Metals & Mining,Metals & Mining,117.66,26.56,223.11,0.0,1.93,293.69,7.92,23.0,2.0,13.2
2619,S I Paper Mills,516108,Micro Cap,Textiles & Apparel,Textiles,118.85,15.13,222.84,0.0,4.98,117.58,9.07,44.0,1.0,7.3
2620,Srivari Spices &,SSFL,Micro Cap,Manufacturing & Services,Diversified,260.0,13.78,222.83,0.19,9.04,95.65,29.16,30.0,0.5,4.1
2621,B.A.G. Converge.,BAGDIGITAL,Micro Cap,Manufacturing & Services,Diversified,105.0,20.69,222.8,0.0,4.74,21.34,32.96,31.0,0.5,4.1
2622,Bio Medica Lab,BMLL,Micro Cap,Pharmaceuticals & Healthcare,Pharma & Healthcare,177.0,18.56,222.58,0.0,11.88,43.09,0.0,32.0,0.5,4.1
2623,Sintercom India,SINTERCOM,Micro Cap,Manufacturing & Services,Diversified,80.8,133.99,222.42,0.0,0.49,28.17,5.29,33.0,0.5,4.1
2624,Accretion Pha.,ACCPL,Micro Cap,Cement & Building Materials,Cement & Materials,200.0,22.99,222.32,0.0,4.92,45.89,28.89,29.0,2.0,13.2
2625,Aprameya Enginee,APRAMEYA,Micro Cap,Manufacturing & Services,Diversified,116.5,44.01,221.82,0.0,-1.72,12.61,12.64,10.0,0.5,4.1
2626,United Nilgiri,UNITEDTEA,Micro Cap,Manufacturing & Services,Diversified,442.8,10.9,221.25,0.72,6.38,19.83,11.2,11.0,0.5,4.1
2627,Alpine Texworld,ALPINETEX,Micro Cap,Manufacturing & Services,Diversified,57.76,10.29,220.91,0.0,4.37,89.74,17.86,12.0,0.5,4.1
2628,Nova Agritech,NOVAAGRI,Micro Cap,IT & Software Services,IT & Software,23.87,17.2,220.84,0.0,3.25,60.01,8.09,73.0,1.0,8.4
2629,7Seas Enter.,540874,Micro Cap,Manufacturing & Services,Diversified,95.52,92.37,220.77,0.0,0.69,5.76,9.16,14.0,0.5,4.1
2630,Alankit,ALANKIT,Micro Cap,Manufacturing & Services,Diversified,8.14,11.53,220.72,0.0,5.32,77.66,5.72,15.0,0.5,4.1
2631,Clear Secured,CSSL,Micro Cap,Manufacturing & Services,Diversified,91.65,7.3,220.39,0.0,13.32,462.63,19.86,16.0,0.5,4.1
2632,Goldstar Power,GOLDSTAR,Micro Cap,Power Utilities & Cleantech,Renewable Energy & Power,7.7,5.09,220.37,0.0,14.59,508.41,0.0,37.0,2.0,13.2
2633,Ausom Enter.,AUSOMENT,Micro Cap,Manufacturing & Services,Diversified,161.79,8.88,220.36,0.62,20.13,2783.73,16.38,18.0,0.5,4.1
2634,Vijay Solvex,VIJSOLX,Micro Cap,Manufacturing & Services,Diversified,687.7,9.25,220.24,0.0,5.58,622.5,8.58,19.0,0.5,4.1
2635,Gillanders Arbut,GILLANDERS,Micro Cap,Manufacturing & Services,Diversified,103.19,12.64,220.23,0.0,2.52,91.34,5.65,20.0,0.5,4.1
2636,Indian Wood Prod,IWP,Micro Cap,Manufacturing & Services,Diversified,34.38,37.21,219.94,0.58,2.51,65.19,3.0,21.0,0.5,4.1
2637,Sahaj Solar,SAHAJSOLAR,Micro Cap,Power Utilities & Cleantech,Renewable Energy & Power,99.95,7.43,219.61,0.5,25.22,308.07,21.62,42.0,2.0,13.2
2638,Integrated Perso,IPSL,Micro Cap,Manufacturing & Services,Diversified,215.0,20.03,219.58,0.05,6.09,220.37,15.93,23.0,0.5,4.1
2639,Shivashrit Foods,SHIVASHRIT,Micro Cap,Manufacturing & Services,Diversified,120.0,15.6,219.23,0.0,6.54,52.33,19.15,24.0,0.5,4.1
2640,Novelix Pharma.,536565,Micro Cap,Pharmaceuticals & Healthcare,Pharma & Healthcare,76.55,60.2,217.94,0.0,1.18,36.91,9.98,25.0,0.5,4.1
2641,Golkunda Diamond,523676,Micro Cap,Manufacturing & Services,Diversified,313.0,13.88,217.85,0.48,5.14,85.21,20.07,26.0,0.5,4.1
2642,IC Electricals,ICELCO,Micro Cap,Manufacturing & Services,Diversified,119.05,15.55,217.4,0.0,0.0,0.0,21.98,27.0,0.5,4.1
2643,Music Broadcast,RADIOCITY,Micro Cap,Manufacturing & Services,Diversified,6.28,0.0,217.09,0.0,9.22,44.54,-8.28,28.0,0.5,4.1
2644,Pratham EPC,PRATHAM,Micro Cap,Manufacturing & Services,Diversified,119.0,35.18,216.73,0.0,1.02,72.25,10.41,29.0,0.5,4.1
2645,Northern Spirits,542628,Micro Cap,Manufacturing & Services,Diversified,134.9,7.46,216.53,0.26,9.27,598.79,15.71,30.0,0.5,4.1
2646,Innovators,541353,Micro Cap,Manufacturing & Services,Diversified,114.3,15.89,215.66,0.0,8.33,143.91,11.94,31.0,0.5,4.1
2647,Khadim India,KHADIM,Micro Cap,Manufacturing & Services,Diversified,117.3,47.8,215.58,0.0,0.52,77.84,6.87,32.0,0.5,4.1
2648,Hampton Sky,HAMPTON,Micro Cap,Manufacturing & Services,Diversified,7.86,0.0,215.53,0.0,-2.11,-0.66,6.07,33.0,0.5,4.1
2649,National Standar,NATIONSTD,Micro Cap,Manufacturing & Services,Diversified,107.74,19.22,215.48,0.0,2.54,-1.02,4.79,34.0,0.5,4.1
2650,Avio Smart Market,ASMS,Micro Cap,Manufacturing & Services,Diversified,7.07,33.59,215.34,0.0,0.92,11.97,15.5,10.0,0.5,4.1
2651,Madhav Infra,MADHAVIPL,Micro Cap,Manufacturing & Services,Diversified,7.98,8.21,215.13,0.0,6.25,88.37,15.63,11.0,0.5,4.1
2652,Rossell India,ROSSELLIND,Micro Cap,Manufacturing & Services,Diversified,56.96,18.09,214.72,0.7,3.81,36.78,9.37,12.0,0.5,4.1
2653,Shahlon Silk,542862,Micro Cap,Manufacturing & Services,Diversified,24.0,52.15,214.33,0.29,0.5,37.4,9.07,13.0,0.5,4.1
2654,Empower India,EMPOWER,Micro Cap,Power Utilities & Cleantech,Renewable Energy & Power,1.84,11.08,214.14,0.0,1.49,37.38,5.29,29.0,2.0,13.2
2655,Milkfood,MLKFOOD,Micro Cap,Manufacturing & Services,Diversified,83.63,4.72,214.06,0.75,0.22,81.22,22.53,15.0,0.5,4.1
2656,Maheshwari Logi.,MAHESHWARI,Micro Cap,Manufacturing & Services,Diversified,72.21,14.04,213.72,0.0,3.25,234.85,12.04,16.0,0.5,4.1
2657,SPEB Adhesives,SPEB,Micro Cap,Manufacturing & Services,Diversified,95.0,31.06,213.41,0.0,3.21,25.8,22.91,17.0,0.5,4.1
2658,Shree TirupatiBa,BALAJEE,Micro Cap,Manufacturing & Services,Diversified,26.16,23.14,213.39,0.0,3.75,139.56,6.89,18.0,0.5,4.1
2659,Smartlink Hold.,SMARTLINK,Micro Cap,Manufacturing & Services,Diversified,213.81,12.86,213.28,0.94,5.61,65.27,9.01,19.0,0.5,4.1
2660,National Fitting,531289,Micro Cap,Manufacturing & Services,Diversified,234.65,20.44,213.14,0.43,3.94,27.13,15.53,20.0,0.5,4.1
2661,Team India Guar.,TEAMGTY,Micro Cap,Manufacturing & Services,Diversified,235.29,194.06,211.53,0.0,0.94,2.83,2.89,21.0,0.5,4.1
2662,JUJHAR LOGISTICS,534796,Micro Cap,Manufacturing & Services,Diversified,229.0,27.79,211.49,0.0,5.24,45.49,28.84,22.0,0.5,4.1
2663,Ramdevbaba Sol.,RBS,Micro Cap,Manufacturing & Services,Diversified,88.1,18.5,211.43,0.0,5.19,437.66,5.39,23.0,0.5,4.1
2664,Rockingdeals Cir,ROCKINGDCE,Micro Cap,Manufacturing & Services,Diversified,234.25,20.86,211.3,0.0,4.87,64.79,20.44,24.0,0.5,4.1
2665,Aarvi Encon,AARVI,Micro Cap,Manufacturing & Services,Diversified,141.92,10.66,210.67,1.41,5.99,172.68,14.67,25.0,0.5,4.1
2666,IVP,IVP,Micro Cap,Manufacturing & Services,Diversified,203.34,6.6,210.05,0.74,14.02,154.73,14.14,26.0,0.5,4.1
2667,Ecoplast,526703,Micro Cap,Manufacturing & Services,Diversified,441.0,17.34,209.67,0.0,3.33,63.25,14.39,27.0,0.5,4.1
2668,Kings Infra,530215,Micro Cap,Manufacturing & Services,Diversified,85.49,13.99,209.5,0.0,2.26,30.45,19.75,28.0,0.5,4.1
2669,Power & Instrum.,PIGL,Micro Cap,Power Utilities & Cleantech,Renewable Energy & Power,98.78,15.41,209.11,0.2,2.66,40.68,14.21,44.0,2.0,13.2
2670,Brand Concepts,BCONCEPTS,Micro Cap,Manufacturing & Services,Diversified,167.33,116.68,208.86,0.0,-2.83,79.57,7.26,30.0,0.5,4.1
2671,Archidply Inds.,ARCHIDPLY,Micro Cap,Manufacturing & Services,Diversified,104.89,15.1,208.36,0.0,5.62,189.01,10.2,31.0,0.5,4.1
2672,Bhadora Indust.,BHADORA,Micro Cap,Manufacturing & Services,Diversified,111.95,20.95,208.23,0.0,6.38,78.01,23.65,32.0,0.5,4.1
2673,Aeroflex Neu,AERONEU,Micro Cap,Manufacturing & Services,Diversified,80.57,1154.67,207.84,0.0,0.08,28.24,4.76,33.0,0.5,4.1
2674,Gujjubhai Industries,532070,Micro Cap,Manufacturing & Services,Diversified,99.3,36.77,207.74,0.0,2.1,39.69,21.35,34.0,0.5,4.1
2675,Sh. Dinesh Mills,503804,Micro Cap,Textiles & Apparel,Textiles,370.55,15.17,207.53,0.4,7.47,18.13,5.76,50.0,1.0,7.3
2676,Graviss Hospital,GRAVISSHO,Micro Cap,Manufacturing & Services,Diversified,29.4,10366.5,207.33,0.0,-1.52,13.81,1.11,11.0,0.5,4.1
2677,Signet Industrie,SIGIND,Micro Cap,Manufacturing & Services,Diversified,70.37,8.8,207.15,0.71,8.05,306.03,13.7,12.0,0.5,4.1
2678,Interiors & More,INM,Micro Cap,Manufacturing & Services,Diversified,148.0,17.93,207.06,0.34,9.03,58.6,15.97,13.0,0.5,4.1
2679,Bansal Roofing,538546,Micro Cap,Manufacturing & Services,Diversified,157.05,18.52,207.04,1.27,2.66,45.89,34.4,14.0,0.5,4.1
2680,Jullundur Motor,JMA,Micro Cap,Automotive & 2W/3W,Auto Ancillary & Components,90.58,6.46,206.89,2.21,7.96,160.47,15.26,55.0,1.0,7.3
2681,Country Club Hos,CCHHL,Micro Cap,Manufacturing & Services,Diversified,12.61,25.96,206.13,0.0,0.42,15.36,2.51,16.0,0.5,4.1
2682,Alphageo (India),ALPHAGEO,Micro Cap,Manufacturing & Services,Diversified,323.85,0.0,206.12,1.54,14.86,82.13,-7.2,17.0,0.5,4.1
2683,Glittek Granites,513528,Micro Cap,Manufacturing & Services,Diversified,79.39,0.0,206.09,0.0,0.14,0.0,-3.65,18.0,0.5,4.1
2684,Panasonic Carbon,508941,Micro Cap,Manufacturing & Services,Diversified,429.35,10.74,206.09,2.79,4.26,11.1,16.79,19.0,0.5,4.1
2685,Dhara Rail Pro.,DHARARAIL,Micro Cap,Manufacturing & Services,Diversified,136.6,13.35,206.05,0.0,8.38,28.37,35.5,20.0,0.5,4.1
2686,Alpine Housing,526519,Micro Cap,Manufacturing & Services,Diversified,118.9,27.57,205.96,0.0,1.95,16.76,9.18,21.0,0.5,4.1
2687,Neelamalai Agro,NEAGI,Micro Cap,Manufacturing & Services,Diversified,3300.1,5.59,205.29,0.61,15.33,6.41,9.68,22.0,0.5,4.1
2688,EKI Energy,EKI,Micro Cap,Power Utilities & Cleantech,Renewable Energy & Power,74.13,0.0,205.24,2.7,-15.93,10.46,-3.84,33.0,2.0,13.2
2689,Coral Labs.,524506,Micro Cap,Pharmaceuticals & Healthcare,Pharma & Healthcare,574.0,10.8,204.92,0.35,5.39,29.62,10.99,24.0,0.5,4.1
2690,Take,TAKE,Micro Cap,Manufacturing & Services,Diversified,13.82,34.65,204.44,0.0,1.06,30.37,18.51,25.0,0.5,4.1
2691,Rudra Global,RUDRA,Micro Cap,Manufacturing & Services,Diversified,20.33,12.99,204.0,0.0,3.62,159.56,11.89,26.0,0.5,4.1
2692,Samor Reality,543376,Micro Cap,Manufacturing & Services,Diversified,90.1,0.0,203.63,0.0,-0.09,0.0,-2.81,27.0,0.5,4.1
2693,Bannari Amm Spg.,BASML,Micro Cap,Manufacturing & Services,Diversified,25.41,8.5,203.08,0.98,13.69,216.51,6.8,28.0,0.5,4.1
2694,IP Rings,IPRINGLTD,Micro Cap,Manufacturing & Services,Diversified,159.99,42.88,202.8,0.0,1.52,96.03,8.6,29.0,0.5,4.1
2695,On Door Concepts,ONDOOR,Micro Cap,Manufacturing & Services,Diversified,289.6,18.81,202.73,0.0,6.86,184.06,10.1,30.0,0.5,4.1
2696,Aspinwall & Co,ASPINWALL,Micro Cap,Manufacturing & Services,Diversified,259.25,17.06,202.69,2.51,-0.7,113.18,6.5,31.0,0.5,4.1
2697,Sumax Engineering,SUMAX,Micro Cap,Manufacturing & Services,Diversified,106.5,18.19,202.59,0.0,0.0,0.0,25.17,32.0,0.5,4.1
2698,Nitin Castings,508875,Micro Cap,Manufacturing & Services,Diversified,393.9,24.82,202.52,0.76,2.68,27.47,15.52,33.0,0.5,4.1
2699,Amba Auto Sales,AMBAAUTO,Micro Cap,Automotive & 2W/3W,Auto Ancillary & Components,110.5,14.43,202.48,0.0,7.95,127.73,32.46,74.0,1.0,7.3
2700,RRIL,RRIL,Micro Cap,Manufacturing & Services,Diversified,16.66,22.49,201.94,0.0,1.76,29.49,9.79,10.0,0.5,4.1
2701,Savera Industrie,512634,Micro Cap,Manufacturing & Services,Diversified,169.0,18.53,201.62,1.78,3.81,28.79,14.55,11.0,0.5,4.1
2702,Waterbase,WATERBASE,Micro Cap,Manufacturing & Services,Diversified,48.63,0.0,201.46,0.0,1.19,121.49,-7.35,12.0,0.5,4.1
2703,Ashutosh Fibre,ASHUTOSH,Micro Cap,Manufacturing & Services,Diversified,0.0,12.55,201.25,0.0,0.0,0.0,27.19,13.0,0.5,4.1
2704,Shah Alloys,SHAHALLOYS,Micro Cap,Capital Goods & Engineering,Capital Goods,101.5,0.0,200.97,0.0,-8.41,2.25,0.49,14.0,0.5,4.1
2705,Landmarc Leisur.,532275,Micro Cap,Manufacturing & Services,Diversified,2.05,0.0,200.9,0.0,0.05,0.27,-1.55,15.0,0.5,4.1
2706,Exim Routes,EXIMROUTES,Micro Cap,Manufacturing & Services,Diversified,107.1,19.73,200.83,0.0,7.17,114.03,24.96,16.0,0.5,4.1
2707,Mother Nutri,544623,Micro Cap,Manufacturing & Services,Diversified,160.0,17.23,200.56,0.0,6.31,73.03,21.17,17.0,0.5,4.1
2708,Maximus Interna.,540401,Micro Cap,Manufacturing & Services,Diversified,14.74,22.35,200.52,0.0,2.05,59.91,12.61,18.0,0.5,4.1
2709,Adcounty Media.,544435,Micro Cap,Manufacturing & Services,Diversified,89.08,9.7,200.44,0.0,4.71,23.08,37.04,19.0,0.5,4.1
2710,Oxygenta Pharma,524636,Micro Cap,Pharmaceuticals & Healthcare,Pharma & Healthcare,54.18,0.0,200.38,0.0,-2.1,37.0,-33.56,20.0,0.5,4.1
2711,Telge Projects,544544,Micro Cap,Manufacturing & Services,Diversified,204.5,26.24,200.21,0.0,2.99,17.05,23.74,21.0,0.5,4.1
2712,Maruti Interior,543464,Micro Cap,Manufacturing & Services,Diversified,33.14,19.19,200.17,0.0,7.47,20.02,21.17,22.0,0.5,4.1
2713,Tainwala Chem.,TAINWALCHM,Micro Cap,Chemicals & Petrochemicals,Chemicals,213.71,24.85,200.03,1.4,0.03,0.95,7.91,23.0,0.5,4.1
2714,SC Agrotech,526081,Micro Cap,IT & Software Services,IT & Software,26.32,15.53,200.02,0.0,9.56,37.85,7.17,79.0,1.0,8.4
2715,Munish Forge,MUNISH,Micro Cap,Automotive & 2W/3W,Auto Ancillary & Components,83.05,18.98,199.9,0.0,3.41,100.1,11.98,40.0,1.0,7.3
2716,Accretion Nutraveda,544694,Micro Cap,Cement & Building Materials,Cement & Materials,276.0,39.41,199.82,0.0,2.69,19.54,27.73,31.0,2.0,13.2
2717,Lak. Electrical,504258,Micro Cap,Manufacturing & Services,Diversified,810.9,171.97,199.48,0.37,0.52,65.92,0.82,27.0,0.5,4.1
2718,Trident Techlabs,TECHLABS,Micro Cap,IT & Software Services,IT & Software,115.2,32.8,199.08,0.87,-5.31,33.74,16.37,83.0,1.0,8.4
2719,Comfort Intech,COMFINTE,Micro Cap,IT & Software Services,IT & Software,6.21,0.0,198.68,0.81,4.76,31.72,2.68,84.0,1.0,8.4
2720,Aashka Hospitals,543346,Micro Cap,Manufacturing & Services,Diversified,84.85,69.91,198.55,0.0,2.56,12.57,4.05,30.0,0.5,4.1
2721,Caprihans India,509486,Micro Cap,Manufacturing & Services,Diversified,112.65,0.0,198.48,0.0,7.01,220.16,2.16,31.0,0.5,4.1
2722,EMA Partners,EMAPARTNER,Micro Cap,Manufacturing & Services,Diversified,85.35,16.12,198.41,0.0,5.2,46.84,10.35,32.0,0.5,4.1
2723,Zodiac Cloth. Co,ZODIACLOTH,Micro Cap,Manufacturing & Services,Diversified,72.23,0.0,198.33,0.0,-8.93,33.31,-8.03,33.0,0.5,4.1
2724,Aviva Industries,512109,Micro Cap,Manufacturing & Services,Diversified,60.9,76.42,197.92,0.0,0.6,39.77,6.46,34.0,0.5,4.1
2725,Eleganz Interior,ELGNZ,Micro Cap,Manufacturing & Services,Diversified,87.55,8.78,197.86,0.0,20.4,289.22,19.29,10.0,0.5,4.1
2726,Macobs Technolo.,MACOBSTECH,Micro Cap,IT & Software Services,IT & Software,201.9,68.2,197.77,0.0,1.73,22.21,10.98,51.0,1.0,8.4
2727,Global Vectra,GLOBALVECT,Micro Cap,Manufacturing & Services,Diversified,141.16,0.0,197.62,0.0,-11.85,130.71,-2.11,12.0,0.5,4.1
2728,Jasch Industries,500220,Micro Cap,Manufacturing & Services,Diversified,290.5,13.22,197.48,0.0,3.81,75.26,19.22,13.0,0.5,4.1
2729,RFBL Flexi Pack,RFBL,Micro Cap,Manufacturing & Services,Diversified,84.65,23.92,197.36,0.0,6.89,133.82,34.31,14.0,0.5,4.1
2730,Justo Realfin,544542,Micro Cap,Manufacturing & Services,Diversified,104.95,10.19,197.29,0.0,13.6,55.15,26.93,15.0,0.5,4.1
2731,Vipul Ltd,VIPULLTD,Micro Cap,Manufacturing & Services,Diversified,13.98,0.0,197.06,0.0,1.21,9.19,-0.44,16.0,0.5,4.1
2732,Kartik Invest.,501151,Micro Cap,Manufacturing & Services,Diversified,8075.0,38.11,197.03,0.0,0.06,0.0,94.76,17.0,0.5,4.1
2733,Game Changers,544594,Micro Cap,Manufacturing & Services,Diversified,110.1,10.8,197.0,0.0,9.93,81.52,39.76,18.0,0.5,4.1
2734,NHC Foods,517554,Micro Cap,Manufacturing & Services,Diversified,2.58,7.34,196.58,0.0,17.0,369.69,11.52,19.0,0.5,4.1
2735,DRC Systems,DRCSYSTEMS,Micro Cap,Manufacturing & Services,Diversified,13.64,9.23,196.53,0.0,5.56,23.38,25.42,20.0,0.5,4.1
2736,CapitalNumbers,544343,Micro Cap,Manufacturing & Services,Diversified,80.09,7.67,195.64,1.25,10.7,52.38,19.63,21.0,0.5,4.1
2737,Panasonic Energy,504093,Micro Cap,Power Utilities & Cleantech,Renewable Energy & Power,260.75,28.42,195.56,0.75,1.66,63.52,9.48,22.0,2.0,13.2
2738,Fidel Softech,FIDEL,Micro Cap,IT & Software Services,IT & Software,142.0,14.42,195.26,1.58,3.18,37.93,25.91,63.0,1.0,8.4
2739,Elfin Agro India,544724,Micro Cap,Manufacturing & Services,Diversified,100.5,33.83,195.22,0.0,1.79,59.83,24.8,24.0,0.5,4.1
2740,Alacrity Sec.,535916,Micro Cap,Manufacturing & Services,Diversified,41.83,19.98,195.18,0.0,7.39,111.18,9.2,25.0,0.5,4.1
2741,Umiya Buildcon,UMIYA-MRO,Micro Cap,Manufacturing & Services,Diversified,104.42,21.7,195.1,0.0,0.24,16.33,12.83,26.0,0.5,4.1
2742,Ducol Organics,DUCOL,Micro Cap,Manufacturing & Services,Diversified,108.0,26.9,195.03,0.0,4.43,71.55,10.26,27.0,0.5,4.1
2743,Brooks Lab.,BROOKS,Micro Cap,Pharmaceuticals & Healthcare,Pharma & Healthcare,66.07,14.73,194.62,0.0,-1.79,22.96,21.22,28.0,0.5,4.1
2744,Global Pet Indus,GLOBALPET,Micro Cap,Manufacturing & Services,Diversified,165.0,38.9,194.49,0.0,5.35,33.29,13.31,29.0,0.5,4.1
2745,MOS Utility,MOS,Micro Cap,Manufacturing & Services,Diversified,7.55,10.74,194.37,0.0,4.36,151.09,19.5,30.0,0.5,4.1
2746,Intense Tech.,INTENTECH,Micro Cap,IT & Software Services,IT & Software,82.25,12.44,194.33,1.22,0.87,30.12,7.55,71.0,1.0,8.4
2747,ABans Enterprise,ABANSENT,Micro Cap,Manufacturing & Services,Diversified,27.86,6.08,194.32,0.0,32.69,1889.4,4.92,32.0,0.5,4.1
2748,Baroda Extrusion,513502,Micro Cap,Manufacturing & Services,Diversified,9.97,21.32,193.8,0.0,2.64,47.91,55.94,33.0,0.5,4.1
2749,Shivam Chemicals,544165,Micro Cap,Chemicals & Petrochemicals,Chemicals,114.0,31.96,193.65,0.0,4.22,152.56,16.83,34.0,0.5,4.1
2750,Spacenet Enterpr,SPCENET,Micro Cap,Manufacturing & Services,Diversified,3.41,7.73,193.6,0.29,13.76,48.88,9.93,10.0,0.5,4.1
2751,North Eastn.Car.,NECCLTD,Micro Cap,Manufacturing & Services,Diversified,18.51,24.24,193.43,0.0,2.01,75.58,5.49,11.0,0.5,4.1
2752,NTC Industries,NTCIND,Micro Cap,Manufacturing & Services,Diversified,133.16,9.66,193.34,0.0,6.12,25.23,11.14,12.0,0.5,4.1
2753,Airan,AIRAN,Micro Cap,Manufacturing & Services,Diversified,15.44,12.84,193.03,0.0,6.09,23.7,10.61,13.0,0.5,4.1
2754,Par Drugs & Che.,PAR,Micro Cap,Manufacturing & Services,Diversified,156.71,13.31,192.83,0.0,4.71,31.28,16.53,14.0,0.5,4.1
2755,Quint Digital,QUINT,Micro Cap,Manufacturing & Services,Diversified,40.68,0.0,192.04,0.0,-2.97,34.8,-0.91,15.0,0.5,4.1
2756,Gabion Technol.,544675,Micro Cap,IT & Software Services,IT & Software,141.4,23.76,191.96,0.0,5.52,73.29,19.85,81.0,1.0,8.4
2757,Coromandel Engg.,533167,Micro Cap,Manufacturing & Services,Diversified,55.0,157.26,191.86,0.0,0.33,15.36,10.4,17.0,0.5,4.1
2758,Ajanta Soya,519216,Micro Cap,Manufacturing & Services,Diversified,23.83,13.29,191.79,0.0,7.83,330.4,9.57,18.0,0.5,4.1
2759,Rathi Steel,504903,Micro Cap,Metals & Mining,Metals & Mining,22.18,13.24,191.55,0.0,3.48,193.41,10.98,44.0,2.0,13.2
2760,Bhagwati Auto,504646,Micro Cap,Automotive & 2W/3W,Auto Ancillary & Components,664.45,13.21,191.36,0.53,4.22,52.24,31.61,35.0,1.0,7.3
2761,Adon Agro,544809,Micro Cap,Manufacturing & Services,Diversified,83.0,8.25,191.04,0.0,20.39,191.12,83.99,21.0,0.5,4.1
2762,Jay Bee Laminati,JAYBEE,Micro Cap,Manufacturing & Services,Diversified,84.35,10.42,190.36,0.0,14.58,329.24,16.49,22.0,0.5,4.1
2763,Hind.Adhesive,HINDADH,Micro Cap,Manufacturing & Services,Diversified,370.9,6.97,189.9,0.0,12.29,77.21,15.49,23.0,0.5,4.1
2764,Transteel Seatin,TRANSTEEL,Micro Cap,Metals & Mining,Metals & Mining,75.9,8.51,189.74,0.0,12.24,61.32,21.02,19.0,2.0,13.2
2765,Jhaveri Credits,531550,Micro Cap,Manufacturing & Services,Diversified,170.85,0.0,189.68,0.0,-1.48,17.06,2.63,25.0,0.5,4.1
2766,Vikas Ecotech,VIKASECO,Micro Cap,IT & Software Services,IT & Software,1.07,114.7,189.25,0.0,2.0,119.15,2.34,51.0,1.0,8.4
2767,Emergent Indust.,506180,Micro Cap,Manufacturing & Services,Diversified,414.0,124.47,189.2,0.0,0.69,176.06,11.36,27.0,0.5,4.1
2768,Bambino Agro Ind,519295,Micro Cap,Manufacturing & Services,Diversified,236.1,19.28,189.12,0.68,3.39,84.7,12.31,28.0,0.5,4.1
2769,Modern Threads,MODTHREAD,Micro Cap,Manufacturing & Services,Diversified,54.37,10.08,189.07,0.0,5.73,89.43,12.81,29.0,0.5,4.1
2770,Dhanashree Elect,542679,Micro Cap,Manufacturing & Services,Diversified,133.0,54.86,188.73,0.08,0.8,22.68,10.0,30.0,0.5,4.1
2771,Pil Italica Life,PILITA,Micro Cap,Banking & Financial Services,BFSI,8.02,60.02,188.47,0.0,0.19,16.71,7.67,31.0,0.5,4.1
2772,Emerald Finance,538882,Micro Cap,Banking & Financial Services,BFSI,54.49,11.69,188.21,0.18,4.88,9.44,21.2,32.0,0.5,4.1
2773,Goyal Salt,GOYALSALT,Micro Cap,Manufacturing & Services,Diversified,105.0,16.56,187.95,0.0,4.97,111.41,19.64,33.0,0.5,4.1
2774,Indian Phosphate,IPHL,Micro Cap,Manufacturing & Services,Diversified,74.95,8.54,187.3,0.0,13.4,580.25,16.74,34.0,0.5,4.1
2775,Parshva Enterpr.,542694,Micro Cap,Manufacturing & Services,Diversified,183.6,668.14,187.08,0.0,0.08,6.41,3.65,10.0,0.5,4.1
2776,Rama Vision,523289,Micro Cap,Manufacturing & Services,Diversified,179.05,24.86,186.68,0.0,2.09,51.42,19.8,11.0,0.5,4.1
2777,Rapicut Carbides,500360,Micro Cap,Manufacturing & Services,Diversified,347.6,16.04,186.66,0.0,8.17,82.04,11.29,12.0,0.5,4.1
2778,Affordable Robo.,AFFORDABLE,Micro Cap,Manufacturing & Services,Diversified,157.47,32.34,186.62,0.0,-4.8,9.12,8.25,13.0,0.5,4.1
2779,Durlax Top,DURLAX,Micro Cap,Manufacturing & Services,Diversified,64.5,13.03,186.61,0.0,2.75,55.99,17.16,14.0,0.5,4.1
2780,Polysil Irrigati,POLYSIL,Micro Cap,Manufacturing & Services,Diversified,70.4,43.6,186.6,0.0,0.2,5.09,8.63,15.0,0.5,4.1
2781,Superhouse Ltd,SUPERHOUSE,Micro Cap,Manufacturing & Services,Diversified,169.23,23.92,186.58,0.47,3.56,162.88,3.84,16.0,0.5,4.1
2782,Resonance Speci.,524218,Micro Cap,Automotive & 2W/3W,Auto Ancillary & Components,161.4,12.84,186.26,0.62,5.74,32.58,20.0,57.0,1.0,7.3
2783,Phantom Digital,PHANTOMFX,Micro Cap,Manufacturing & Services,Diversified,116.85,5.7,186.06,0.0,20.69,84.98,17.61,18.0,0.5,4.1
2784,Mahalaxmi Rubtec,MHLXMIRU,Micro Cap,Capital Goods & Engineering,Capital Goods,174.89,8.03,185.74,0.0,5.77,31.54,32.4,19.0,0.5,4.1
2785,Cash UR Drive,CUDML,Micro Cap,Manufacturing & Services,Diversified,105.2,6.31,185.63,0.0,18.52,108.79,40.31,20.0,0.5,4.1
2786,HVAX Technolog.,HVAX,Micro Cap,IT & Software Services,IT & Software,667.0,12.95,185.22,0.0,9.38,99.57,19.66,71.0,1.0,8.4
2787,Smruthi Organic,540686,Micro Cap,Manufacturing & Services,Diversified,161.45,23.27,184.8,0.93,2.88,29.3,7.99,22.0,0.5,4.1
2788,Gourmet Gateway,506134,Micro Cap,Manufacturing & Services,Diversified,12.17,256.43,184.63,0.0,1.16,53.49,6.01,23.0,0.5,4.1
2789,Sat Kartar Life,SATKARTAR,Micro Cap,Manufacturing & Services,Diversified,116.7,11.57,184.33,0.6,9.47,105.49,35.76,24.0,0.5,4.1
2790,Integra Essentia,ESSENTIA,Micro Cap,Manufacturing & Services,Diversified,1.05,0.0,184.3,0.0,0.02,111.91,1.87,25.0,0.5,4.1
2791,DU Digital,DUGLOBAL,Micro Cap,Manufacturing & Services,Diversified,25.55,31.91,183.81,0.0,0.04,23.9,8.14,26.0,0.5,4.1
2792,Anya Polytech &,ANYA,Micro Cap,IT & Software Services,IT & Software,15.3,21.86,183.6,0.0,2.37,79.72,10.18,77.0,1.0,8.4
2793,Shubhshree Bio.,SHUBHSHREE,Micro Cap,Manufacturing & Services,Diversified,349.95,17.42,183.44,0.0,6.86,105.78,32.58,28.0,0.5,4.1
2794,Alan Scott Ente.,539115,Micro Cap,Manufacturing & Services,Diversified,274.8,0.0,183.31,0.0,-0.85,9.12,-14.14,29.0,0.5,4.1
2795,ZR2 Bioenergy,506640,Micro Cap,Power Utilities & Cleantech,Renewable Energy & Power,114.55,198.21,182.35,0.09,0.22,0.0,0.7,20.0,2.0,13.2
2796,Arvee Laborat.,ARVEE,Micro Cap,Pharmaceuticals & Healthcare,Pharma & Healthcare,165.1,44.92,181.94,0.0,1.69,17.23,7.92,31.0,0.5,4.1
2797,VIP Clothing,VIPCLOTHNG,Micro Cap,Manufacturing & Services,Diversified,20.15,19.12,181.61,0.0,1.91,64.69,8.02,32.0,0.5,4.1
2798,Trigyn Techno.,TRIGYN,Micro Cap,IT & Software Services,IT & Software,58.97,16.67,181.54,0.0,3.49,252.76,2.29,83.0,1.0,8.4
2799,Kratikal Tech,544811,Micro Cap,IT & Software Services,IT & Software,163.5,30.45,181.49,0.0,0.73,6.48,48.16,84.0,1.0,8.4
2800,Eppeltone Ene.,EEPL,Micro Cap,Manufacturing & Services,Diversified,139.7,14.62,181.04,0.0,6.12,88.47,18.54,10.0,0.5,4.1
2801,ARCL Organics,ARCL,Micro Cap,Manufacturing & Services,Diversified,225.0,18.81,180.0,0.0,9.12,66.95,17.05,11.0,0.5,4.1
2802,City Pulse Multi,542727,Micro Cap,Manufacturing & Services,Diversified,120.25,86.37,179.65,0.0,0.34,1.12,3.24,12.0,0.5,4.1
2803,Murudesh.Ceramic,MURUDCERA,Micro Cap,Cement & Building Materials,Cement & Materials,29.66,17.73,179.58,1.69,0.82,50.09,5.21,28.0,2.0,13.2
2804,AMPL Capital,539598,Micro Cap,Manufacturing & Services,Diversified,29.17,7.61,179.28,0.0,-1.18,4.63,21.64,14.0,0.5,4.1
2805,Nikita Greentech Recycling,NIKITA,Micro Cap,Power Utilities & Cleantech,Renewable Energy & Power,72.5,16.05,178.84,0.0,4.82,171.72,9.29,30.0,2.0,13.2
2806,Giriraj Civil,GIRIRAJ,Micro Cap,Manufacturing & Services,Diversified,74.65,11.83,178.57,0.0,8.48,162.38,15.07,16.0,0.5,4.1
2807,Sadhav Shipping,SADHAV,Micro Cap,Manufacturing & Services,Diversified,110.65,12.13,178.51,0.0,3.4,31.23,8.89,17.0,0.5,4.1
2808,Flywings Simula.,FWSTC,Micro Cap,Manufacturing & Services,Diversified,175.15,15.99,178.25,0.0,7.49,14.33,20.1,18.0,0.5,4.1
2809,Last Mile Enter.,526961,Micro Cap,Manufacturing & Services,Diversified,5.01,20.07,178.24,0.4,1.65,386.59,5.48,19.0,0.5,4.1
2810,Shreyans Inds.,SHREYANIND,Micro Cap,Manufacturing & Services,Diversified,128.93,0.0,178.18,1.16,-3.24,160.13,2.44,20.0,0.5,4.1
2811,Kanchi Karpooram,KANCHI,Micro Cap,Manufacturing & Services,Diversified,409.7,23.54,177.97,0.24,4.59,41.16,3.91,21.0,0.5,4.1
2812,Kreon Finnancial,530139,Micro Cap,Manufacturing & Services,Diversified,87.91,22.53,177.77,0.0,4.41,14.79,18.59,22.0,0.5,4.1
2813,Sangam Finserv,538714,Micro Cap,Manufacturing & Services,Diversified,38.06,23.34,177.41,0.0,9.9,14.94,4.73,23.0,0.5,4.1
2814,Dhoot Indl.Fin,526971,Micro Cap,Manufacturing & Services,Diversified,280.5,3.18,177.22,0.53,51.24,72.25,-0.87,24.0,0.5,4.1
2815,Praruh Tech,544538,Micro Cap,IT & Software Services,IT & Software,127.1,18.82,177.05,0.0,8.42,83.51,31.93,60.0,1.0,8.4
2816,Sakthi Finance,511066,Micro Cap,Banking & Financial Services,BFSI,27.31,10.21,176.71,2.93,4.18,51.0,10.87,26.0,0.5,4.1
2817,Crescentis Capital,511571,Micro Cap,Manufacturing & Services,Diversified,103.75,149.59,176.52,0.0,7.82,10.94,-4.87,27.0,0.5,4.1
2818,Royal Arc Ele.,ROYALARC,Micro Cap,Manufacturing & Services,Diversified,159.0,17.56,176.49,0.63,5.73,63.22,17.99,28.0,0.5,4.1
2819,Wardwizard Inno.,WARDINMOBI,Micro Cap,Automotive & 2W/3W,2W & 3W OEM,5.86,172.82,176.28,1.71,0.19,61.64,7.04,44.0,1.0,7.3
2820,T T,TTL,Micro Cap,Manufacturing & Services,Diversified,6.81,331.91,175.91,0.73,0.66,46.42,5.82,30.0,0.5,4.1
2821,Suryalata Spg.,SURYALA,Micro Cap,Manufacturing & Services,Diversified,411.85,4.95,175.74,0.49,5.9,123.84,14.05,31.0,0.5,4.1
2822,Amrapali Inds.,526241,Micro Cap,Manufacturing & Services,Diversified,34.14,10.89,175.52,0.0,3.71,8384.61,20.56,32.0,0.5,4.1
2823,Mena Mani Inds.,531127,Micro Cap,Manufacturing & Services,Diversified,15.09,157.98,175.36,0.0,1.1,4.46,1.22,33.0,0.5,4.1
2824,Emmbi Industries,EMMBI,Micro Cap,Manufacturing & Services,Diversified,91.0,19.43,175.09,0.33,1.93,114.65,8.75,34.0,0.5,4.1
2825,Swadeshi Inds,506863,Micro Cap,Manufacturing & Services,Diversified,75.31,105.56,174.18,0.0,0.53,17.18,13.93,10.0,0.5,4.1
2826,Tilak Ventures,503663,Micro Cap,Manufacturing & Services,Diversified,1.3,14.82,173.82,0.0,4.32,6.49,7.35,11.0,0.5,4.1
2827,Dolfin Rubbers,542013,Micro Cap,Manufacturing & Services,Diversified,172.75,27.86,173.27,0.0,1.97,52.57,14.04,12.0,0.5,4.1
2828,Rapid Fleet,RAPIDFLEET,Micro Cap,Manufacturing & Services,Diversified,233.0,13.87,173.23,0.0,8.35,129.29,19.22,13.0,0.5,4.1
2829,Rajshree Polypac,RPPL,Micro Cap,Manufacturing & Services,Diversified,23.29,8.46,172.91,0.0,7.26,102.91,11.25,14.0,0.5,4.1
2830,Prajay Engineers,PRAENG,Micro Cap,Manufacturing & Services,Diversified,24.69,0.0,172.68,0.0,-2.57,4.86,-2.62,15.0,0.5,4.1
2831,Rainbow Foundat.,531694,Micro Cap,Manufacturing & Services,Diversified,34.78,17.4,172.57,0.0,3.75,84.96,7.81,16.0,0.5,4.1
2832,SMR Jewels,544774,Micro Cap,Manufacturing & Services,Diversified,92.5,6.97,172.55,0.0,14.07,233.47,71.49,17.0,0.5,4.1
2833,Inflame Applian.,541083,Micro Cap,Manufacturing & Services,Diversified,230.25,29.89,172.48,0.0,2.28,75.66,12.32,18.0,0.5,4.1
2834,HB Estate Devel.,HBESD,Micro Cap,Manufacturing & Services,Diversified,75.1,13.41,172.43,0.0,1.54,27.75,7.54,19.0,0.5,4.1
2835,Rikhav Securitie,544340,Micro Cap,Manufacturing & Services,Diversified,45.0,9.05,172.31,0.0,1.18,1596.05,13.12,20.0,0.5,4.1
2836,Master Component,MASTER,Micro Cap,Manufacturing & Services,Diversified,429.95,23.12,171.98,0.17,4.2,37.61,26.62,21.0,0.5,4.1
2837,Fusion Klassroom Edutech,544856,Micro Cap,IT & Software Services,IT & Software,184.5,22.62,171.9,0.0,0.0,0.0,60.58,82.0,1.0,8.4
2838,Niraj Cement,NIRAJ,Micro Cap,Cement & Building Materials,Cement & Materials,28.72,6.98,171.44,0.0,4.06,104.3,11.05,33.0,2.0,13.2
2839,Race Eco,RACE,Micro Cap,Manufacturing & Services,Diversified,99.3,22.79,171.36,0.0,1.03,191.06,10.99,24.0,0.5,4.1
2840,D & H India,517514,Micro Cap,Manufacturing & Services,Diversified,167.35,18.99,171.28,0.0,1.98,65.96,14.39,25.0,0.5,4.1
2841,K. V. Toys India,544641,Micro Cap,Manufacturing & Services,Diversified,272.7,19.87,171.26,0.0,4.68,93.99,24.88,26.0,0.5,4.1
2842,Syschem (India),531173,Micro Cap,Chemicals & Petrochemicals,Chemicals,31.94,27.89,171.25,0.0,-1.67,109.21,15.93,27.0,0.5,4.1
2843,Goldkart Jewels,GOLDKART,Micro Cap,Manufacturing & Services,Diversified,102.0,48.23,171.21,0.0,0.68,70.86,9.2,28.0,0.5,4.1
2844,Active Clothing,541144,Micro Cap,Manufacturing & Services,Diversified,110.25,16.85,171.02,0.0,2.24,67.55,10.61,29.0,0.5,4.1
2845,Qualiance International,id,Micro Cap,Manufacturing & Services,Diversified,0.0,14.39,170.84,0.0,0.0,0.0,34.08,30.0,0.5,4.1
2846,Golden Crest,540062,Micro Cap,Manufacturing & Services,Diversified,324.8,709.83,170.36,0.0,0.02,0.09,2.2,31.0,0.5,4.1
2847,Shri Keshav,530977,Micro Cap,Manufacturing & Services,Diversified,97.13,0.0,170.1,0.0,-5.17,47.19,6.25,32.0,0.5,4.1
2848,KVS Castings,544554,Micro Cap,Manufacturing & Services,Diversified,90.46,24.06,169.64,0.0,3.36,27.49,15.79,33.0,0.5,4.1
2849,Dhaval Packaging,544854,Micro Cap,Manufacturing & Services,Diversified,123.4,21.08,169.51,0.0,1.78,15.24,27.82,34.0,0.5,4.1
2850,Supra Pacific,540168,Micro Cap,Manufacturing & Services,Diversified,34.38,18.11,168.94,0.58,2.67,24.01,12.09,10.0,0.5,4.1
2851,Vaidya Sane,MADHAVBAUG,Micro Cap,Manufacturing & Services,Diversified,160.5,18.77,168.74,0.0,4.16,56.96,15.14,11.0,0.5,4.1
2852,Achyut Healthcar,543499,Micro Cap,Manufacturing & Services,Diversified,6.98,526.47,168.47,0.0,0.14,3.13,1.23,12.0,0.5,4.1
2853,Vaxfab Enterp.,542803,Micro Cap,Manufacturing & Services,Diversified,65.13,0.0,168.21,0.0,-3.04,0.4,0.0,13.0,0.5,4.1
2854,Fractal Industries,544707,Micro Cap,Manufacturing & Services,Diversified,214.0,12.6,167.97,0.0,6.46,42.39,27.51,14.0,0.5,4.1
2855,Metroglobal,METROGLOBL,Micro Cap,Manufacturing & Services,Diversified,136.14,7.92,167.92,1.84,4.96,81.3,4.6,15.0,0.5,4.1
2856,The Byke Hospi.,BYKE,Micro Cap,Manufacturing & Services,Diversified,32.11,24.65,167.87,0.0,2.25,28.85,5.72,16.0,0.5,4.1
2857,Ecoboard Inds.,523732,Micro Cap,Manufacturing & Services,Diversified,63.32,0.0,167.21,0.0,-3.65,11.2,-44.27,17.0,0.5,4.1
2858,Pritika Engineer,PRITIKA,Micro Cap,Manufacturing & Services,Diversified,63.35,20.22,167.02,0.0,2.98,52.93,11.17,18.0,0.5,4.1
2859,Nanta Tech,544668,Micro Cap,IT & Software Services,IT & Software,324.55,20.38,166.5,0.0,5.98,48.58,32.27,64.0,1.0,8.4
2860,Earkart,544549,Micro Cap,Manufacturing & Services,Diversified,121.0,33.76,166.42,0.0,3.08,31.75,17.48,20.0,0.5,4.1
2861,Virinchi,VIRINCHI,Micro Cap,Manufacturing & Services,Diversified,14.7,0.0,165.68,0.0,-2.1,70.13,1.31,21.0,0.5,4.1
2862,Aplab,517096,Micro Cap,Pharmaceuticals & Healthcare,Pharma & Healthcare,73.28,0.0,165.02,0.0,-2.52,9.61,14.83,22.0,0.5,4.1
2863,Winsome Textile,514470,Micro Cap,Textiles & Apparel,Textiles,83.12,5.79,164.74,0.0,8.63,237.52,14.43,38.0,1.0,7.3
2864,Modulex Const.,504273,Micro Cap,Manufacturing & Services,Diversified,15.64,0.0,164.17,0.0,-4.8,0.0,-3.96,24.0,0.5,4.1
2865,Baid Finserv,BAIDFIN,Micro Cap,Manufacturing & Services,Diversified,10.12,10.72,164.04,0.99,4.34,21.64,10.93,25.0,0.5,4.1
2866,G G Automotive,531399,Micro Cap,Automotive & 2W/3W,Auto Ancillary & Components,163.5,17.05,163.34,0.0,1.06,15.86,20.43,41.0,1.0,7.3
2867,Neochem Bio,NEOCHEM,Micro Cap,Chemicals & Petrochemicals,Chemicals,95.25,13.05,163.08,0.0,6.86,64.87,28.1,27.0,0.5,4.1
2868,Madhur Knit,MADHURKNIT,Micro Cap,Manufacturing & Services,Diversified,85.75,13.24,163.0,0.0,3.02,65.22,24.4,28.0,0.5,4.1
2869,N R Vandana,NRVANDANA,Micro Cap,Manufacturing & Services,Diversified,69.9,15.57,162.83,0.0,4.74,173.57,17.67,29.0,0.5,4.1
2870,Current Infra.,CURRENT,Micro Cap,Manufacturing & Services,Diversified,85.0,11.58,162.76,0.0,10.16,115.9,26.98,30.0,0.5,4.1
2871,Steelco Gujarat,500399,Micro Cap,Metals & Mining,Metals & Mining,258.4,0.0,162.69,0.0,-14.98,52.18,-12.21,36.0,2.0,13.2
2872,Guj. Inject(Ker),524238,Micro Cap,Manufacturing & Services,Diversified,11.1,54.2,162.6,0.0,1.25,12.45,22.89,32.0,0.5,4.1
2873,Avance Tech.,AVANCE,Micro Cap,IT & Software Services,IT & Software,0.82,11.54,162.52,0.0,2.47,60.65,2.68,78.0,1.0,8.4
2874,Atishay,538713,Micro Cap,Manufacturing & Services,Diversified,147.1,28.93,162.27,0.68,0.12,13.52,16.98,34.0,0.5,4.1
2875,AMJ Land Holdin.,AMJLAND,Micro Cap,Manufacturing & Services,Diversified,39.47,11.1,161.83,0.51,3.38,14.3,7.56,10.0,0.5,4.1
2876,Century Extrus.,CENTEXT,Micro Cap,Manufacturing & Services,Diversified,20.19,12.59,161.52,0.0,3.77,138.36,19.29,11.0,0.5,4.1
2877,KPT Industries,505299,Micro Cap,Manufacturing & Services,Diversified,474.45,13.14,161.31,0.63,2.88,39.53,20.66,12.0,0.5,4.1
2878,Gallard Steel,544616,Micro Cap,Metals & Mining,Metals & Mining,169.75,17.72,161.26,0.0,4.81,36.48,23.33,43.0,2.0,13.2
2879,DRS Dilip Road,DRSDILIP,Micro Cap,Manufacturing & Services,Diversified,107.0,26.42,161.17,0.0,1.34,86.56,20.51,14.0,0.5,4.1
2880,Rappid Valves,RAPPID,Micro Cap,Manufacturing & Services,Diversified,309.5,24.8,160.69,0.0,3.1,24.41,16.22,15.0,0.5,4.1
2881,Meta Infotech,544441,Micro Cap,IT & Software Services,IT & Software,85.04,14.76,160.57,0.0,0.44,59.89,23.16,46.0,1.0,8.4
2882,Machino Plastics,523248,Micro Cap,Manufacturing & Services,Diversified,260.95,16022.0,160.22,0.0,0.68,133.33,6.71,17.0,0.5,4.1
2883,Auro Labs.,530233,Micro Cap,Pharmaceuticals & Healthcare,Pharma & Healthcare,256.9,33.43,160.11,0.0,1.05,8.77,9.52,18.0,0.5,4.1
2884,Naapbooks,543351,Micro Cap,Manufacturing & Services,Diversified,135.2,19.29,160.11,0.0,5.01,7.83,27.25,19.0,0.5,4.1
2885,Emerald Tyre,ETML,Micro Cap,Automotive & 2W/3W,Auto Ancillary & Components,81.95,15.45,159.61,1.22,2.77,112.94,12.26,60.0,1.0,7.3
2886,S D Retail,SDREAMS,Micro Cap,Manufacturing & Services,Diversified,85.15,14.93,159.42,0.0,9.65,117.68,12.23,21.0,0.5,4.1
2887,Stratmont Indus.,530495,Micro Cap,Manufacturing & Services,Diversified,55.89,72.73,159.27,0.18,0.25,44.16,11.18,22.0,0.5,4.1
2888,Global Ocean,544665,Micro Cap,Manufacturing & Services,Diversified,110.0,15.51,158.87,0.0,5.7,100.57,38.96,23.0,0.5,4.1
2889,Sawaliya Food,SAWALIYA,Micro Cap,Manufacturing & Services,Diversified,159.95,19.83,158.64,0.0,5.28,21.4,24.98,24.0,0.5,4.1
2890,Raaj Medisafe,524502,Micro Cap,Manufacturing & Services,Diversified,96.43,67.11,158.38,0.0,1.97,29.46,11.89,25.0,0.5,4.1
2891,VIRAT LEASING,539167,Micro Cap,Manufacturing & Services,Diversified,61.0,0.0,158.36,0.0,0.06,0.2,-4.39,26.0,0.5,4.1
2892,Dhunseri Tea,DTIL,Micro Cap,Manufacturing & Services,Diversified,150.64,0.0,158.28,1.33,4.52,85.13,1.8,27.0,0.5,4.1
2893,M Tek Copper,MCL,Micro Cap,Manufacturing & Services,Diversified,58.3,35.01,158.24,0.0,1.05,80.26,12.62,28.0,0.5,4.1
2894,Bharat Gears,BHARATGEAR,Micro Cap,Manufacturing & Services,Diversified,102.93,10.53,158.05,0.97,0.15,215.65,18.1,29.0,0.5,4.1
2895,Quest Flow,543982,Micro Cap,Manufacturing & Services,Diversified,153.95,0.0,157.92,0.0,-5.4,36.14,3.38,30.0,0.5,4.1
2896,Loyal Equipments,539227,Micro Cap,Manufacturing & Services,Diversified,146.1,22.2,157.64,0.68,1.38,18.85,15.62,31.0,0.5,4.1
2897,Candour Techtex,522292,Micro Cap,IT & Software Services,IT & Software,64.41,0.0,157.23,0.0,-0.69,6.08,1.53,62.0,1.0,8.4
2898,Kanoria Energy,539620,Micro Cap,Power Utilities & Cleantech,Renewable Energy & Power,18.37,42.35,156.68,0.27,-4.83,115.91,6.82,33.0,2.0,13.2
2899,Aaradhya Dis.,AARADHYA,Micro Cap,Manufacturing & Services,Diversified,110.8,25.81,156.65,0.0,6.21,60.27,16.9,34.0,0.5,4.1
2900,GSM Foils,GSMFOILS,Micro Cap,Manufacturing & Services,Diversified,111.15,6.63,156.64,0.0,7.62,96.89,35.36,10.0,0.5,4.1
2901,Sh. Hari Chem.,524336,Micro Cap,Chemicals & Petrochemicals,Chemicals,247.65,13.27,156.34,0.0,5.89,54.91,11.37,11.0,0.5,4.1
2902,MANGALAM SEEDS,MSL,Micro Cap,Manufacturing & Services,Diversified,142.22,11.18,156.16,0.0,3.96,61.84,10.02,12.0,0.5,4.1
2903,Indo US Bio-Tech,INDOUS,Micro Cap,IT & Software Services,IT & Software,77.48,13.56,155.36,0.32,3.04,32.99,14.5,68.0,1.0,8.4
2904,Infollion Resea.,INFOLLION,Micro Cap,Manufacturing & Services,Diversified,159.8,12.39,155.11,0.0,5.34,49.23,28.13,14.0,0.5,4.1
2905,Surani Steel Tub,SURANI,Micro Cap,Metals & Mining,Metals & Mining,99.7,0.0,155.01,0.0,-0.07,41.34,0.77,40.0,2.0,13.2
2906,Vaswani Industri,VASWANI,Micro Cap,Manufacturing & Services,Diversified,47.01,0.0,154.88,0.0,1.16,117.79,8.76,16.0,0.5,4.1
2907,Apollo Finvest,512437,Micro Cap,Manufacturing & Services,Diversified,414.85,19.38,154.85,0.0,3.35,8.47,11.57,17.0,0.5,4.1
2908,Parnax Lab,PARNAXLAB,Micro Cap,Pharmaceuticals & Healthcare,Pharma & Healthcare,134.8,15.44,154.83,0.0,0.43,56.8,13.89,18.0,0.5,4.1
2909,Gujarat Intrux,517372,Micro Cap,Manufacturing & Services,Diversified,450.35,14.73,154.71,5.55,2.14,14.07,21.23,19.0,0.5,4.1
2910,Rajputana Bio.,RAJPUTANA,Micro Cap,Manufacturing & Services,Diversified,219.95,17.08,154.7,0.0,4.46,62.67,22.05,20.0,0.5,4.1
2911,Bodhi Tree,BTML,Micro Cap,Manufacturing & Services,Diversified,8.51,23.5,154.62,0.0,0.78,30.1,16.54,21.0,0.5,4.1
2912,HBG Hotels,537839,Micro Cap,Manufacturing & Services,Diversified,75.34,49.87,154.59,0.2,0.26,6.77,0.73,22.0,0.5,4.1
2913,GTT Data,530457,Micro Cap,Manufacturing & Services,Diversified,40.47,0.0,154.57,0.0,-3.05,33.04,-16.87,23.0,0.5,4.1
2914,CHL,532992,Micro Cap,Manufacturing & Services,Diversified,28.19,14.22,154.53,0.0,10.14,34.76,6.45,24.0,0.5,4.1
2915,Aartech Solonics,AARTECH,Micro Cap,IT & Software Services,IT & Software,48.64,28.94,154.53,0.26,1.55,7.29,17.81,80.0,1.0,8.4
2916,GACM Tech,GATECH,Micro Cap,IT & Software Services,IT & Software,0.91,24.48,154.49,0.0,1.51,4.1,10.07,81.0,1.0,8.4
2917,Nephro Care,NEPHROCARE,Micro Cap,Manufacturing & Services,Diversified,93.55,27.39,154.23,0.0,1.61,29.19,8.7,27.0,0.5,4.1
2918,B. D. Industries,544468,Micro Cap,Manufacturing & Services,Diversified,108.5,16.13,154.18,0.0,5.09,52.82,23.14,28.0,0.5,4.1
2919,Galaxy Agrico,531911,Micro Cap,Manufacturing & Services,Diversified,97.0,0.0,154.14,0.0,0.5,3.52,-3.5,29.0,0.5,4.1
2920,Indian Terrain,INDTERRAIN,Micro Cap,Manufacturing & Services,Diversified,30.42,187.96,154.13,0.0,-0.83,81.74,8.8,30.0,0.5,4.1
2921,Greenchef Appli.,GREENCHEF,Micro Cap,Power Utilities & Cleantech,Renewable Energy & Power,66.2,0.0,154.06,0.0,-4.24,207.45,-1.94,26.0,2.0,13.2
2922,Lorenzini Appar.,LAL,Micro Cap,Manufacturing & Services,Diversified,8.91,27.68,153.91,0.0,2.17,16.69,10.69,32.0,0.5,4.1
2923,Trade-Wings,509953,Micro Cap,Manufacturing & Services,Diversified,512.5,113.89,153.75,0.0,-0.88,67.89,49.96,33.0,0.5,4.1
2924,DHP India,531306,Micro Cap,Manufacturing & Services,Diversified,512.05,13.73,153.62,0.78,4.7,22.61,6.02,34.0,0.5,4.1
2925,Tarmat,TARMAT,Micro Cap,Manufacturing & Services,Diversified,61.23,21.68,153.47,0.0,1.53,35.81,3.57,10.0,0.5,4.1
2926,Canarys Automa.,CANARYS,Micro Cap,Automotive & 2W/3W,Auto Ancillary & Components,26.1,11.06,153.32,0.0,5.74,96.94,22.55,51.0,1.0,7.3
2927,Patels Airtemp,517417,Micro Cap,Manufacturing & Services,Diversified,279.75,22.34,153.03,1.07,-0.62,15.52,9.5,12.0,0.5,4.1
2928,Brady & Morris,505690,Micro Cap,Manufacturing & Services,Diversified,677.8,31.71,152.51,0.0,0.77,17.45,14.09,13.0,0.5,4.1
2929,De Neers Tools,DENEERS,Micro Cap,Manufacturing & Services,Diversified,172.3,6.04,152.42,0.0,16.49,105.68,25.76,14.0,0.5,4.1
2930,Incredible Indus,INCREDIBLE,Micro Cap,Manufacturing & Services,Diversified,32.54,12.94,152.17,0.0,3.96,213.03,10.43,15.0,0.5,4.1
2931,Maiden Forgings,543874,Micro Cap,Automotive & 2W/3W,Auto Ancillary & Components,107.0,30.29,152.07,0.0,2.93,122.17,9.26,56.0,1.0,7.3
2932,Jyoti,504076,Micro Cap,Manufacturing & Services,Diversified,65.8,9.08,151.95,0.0,5.23,74.9,12.81,17.0,0.5,4.1
2933,Vinod Texworld,id,Micro Cap,Manufacturing & Services,Diversified,0.0,14.59,151.88,0.0,0.0,0.0,20.3,18.0,0.5,4.1
2934,Rex Pipes&Cables,REXPIPES,Micro Cap,Manufacturing & Services,Diversified,160.65,35.64,151.81,0.0,2.7,59.82,13.28,19.0,0.5,4.1
2935,Oswal Overseas,531065,Micro Cap,Manufacturing & Services,Diversified,117.45,0.0,151.77,0.0,-2.86,2.21,-38.58,20.0,0.5,4.1
2936,Star Imaging,544482,Micro Cap,Manufacturing & Services,Diversified,87.12,7.87,151.76,0.0,9.23,43.34,26.04,21.0,0.5,4.1
2937,Refex Renewables,531260,Micro Cap,Power Utilities & Cleantech,Renewable Energy & Power,337.35,0.0,151.74,0.0,-3.14,22.2,3.27,42.0,2.0,13.2
2938,Prima Plastics,530589,Micro Cap,Manufacturing & Services,Diversified,137.8,7.71,151.59,1.45,3.45,40.11,14.27,23.0,0.5,4.1
2939,Teja Engineering,TEJA,Micro Cap,Manufacturing & Services,Diversified,236.05,24.24,151.48,0.0,3.32,43.98,33.1,24.0,0.5,4.1
2940,Karbonsteel Eng.,544511,Micro Cap,Metals & Mining,Metals & Mining,107.0,14.4,151.32,0.0,3.47,161.17,19.29,15.0,2.0,13.2
2941,Kesar Petroprod.,524174,Micro Cap,Manufacturing & Services,Diversified,13.54,35.25,151.21,0.0,0.51,49.12,7.46,26.0,0.5,4.1
2942,Ace Men,539661,Micro Cap,Manufacturing & Services,Diversified,117.0,944.38,151.1,0.0,0.21,3.99,0.0,27.0,0.5,4.1
2943,Beacon Trust.,BEACON,Micro Cap,Manufacturing & Services,Diversified,83.6,21.64,151.02,0.0,2.42,14.92,19.76,28.0,0.5,4.1
2944,Shivalic Power,SPCL,Micro Cap,Power Utilities & Cleantech,Renewable Energy & Power,62.6,12.83,150.96,0.0,7.96,101.18,12.79,19.0,2.0,13.2
2945,M K Proteins,MKPL,Micro Cap,Manufacturing & Services,Diversified,4.02,32.11,150.9,0.0,1.38,115.16,10.13,30.0,0.5,4.1
2946,Secmark Consult.,SECMARK,Micro Cap,Manufacturing & Services,Diversified,144.4,45.99,150.85,0.0,-0.19,10.35,11.68,31.0,0.5,4.1
2947,Avience Biomedi.,AVIENCE,Micro Cap,Manufacturing & Services,Diversified,275.0,17.24,150.84,0.0,4.22,25.69,26.64,32.0,0.5,4.1
2948,Maha Rashtra Apx,MAHAPEXLTD,Micro Cap,Manufacturing & Services,Diversified,53.51,0.0,150.81,0.0,3.48,0.06,-1.51,33.0,0.5,4.1
2949,Paul Merchants,PML,Micro Cap,Manufacturing & Services,Diversified,488.8,7.34,150.75,0.0,8.91,480.77,-30.85,34.0,0.5,4.1
2950,Shree Ram Twist.,SRTL,Micro Cap,Manufacturing & Services,Diversified,37.71,10.52,150.75,0.0,3.61,92.72,13.94,10.0,0.5,4.1
2951,Barflex Polyfilm,BARFLEX,Micro Cap,Manufacturing & Services,Diversified,60.9,52.88,150.72,0.0,0.84,65.22,5.82,11.0,0.5,4.1
2952,SNL Bearings,505827,Micro Cap,Manufacturing & Services,Diversified,417.1,12.97,150.57,3.6,3.46,15.25,20.09,12.0,0.5,4.1
2953,Pro Fin Capital,511557,Micro Cap,Manufacturing & Services,Diversified,2.54,0.0,150.52,0.0,2.51,36.76,-0.08,13.0,0.5,4.1
2954,Jay Jalaram Tech,KORE,Micro Cap,IT & Software Services,IT & Software,123.8,17.12,150.11,0.0,5.11,494.85,12.08,79.0,1.0,8.4
2955,Filatex Fash.,FILATFASH,Micro Cap,Manufacturing & Services,Diversified,0.18,48.55,150.01,0.0,0.31,20.0,0.17,15.0,0.5,4.1
2956,Oneindig Technologies,544852,Micro Cap,IT & Software Services,IT & Software,137.0,24.57,149.66,0.0,5.27,58.22,26.95,81.0,1.0,8.4
2957,Crop Life Scienc,CLSL,Micro Cap,Manufacturing & Services,Diversified,87.25,21.64,149.55,0.0,3.76,86.9,11.56,17.0,0.5,4.1
2958,Atharva Poly-Plast,544812,Micro Cap,Manufacturing & Services,Diversified,88.75,23.11,149.54,0.0,0.0,0.0,38.24,18.0,0.5,4.1
2959,Swadeshi Polytex,503816,Micro Cap,Manufacturing & Services,Diversified,38.33,34.77,149.49,0.0,0.92,0.0,1.33,19.0,0.5,4.1
2960,Focus Business,543312,Micro Cap,Manufacturing & Services,Diversified,205.0,171.71,149.39,0.05,0.27,11.52,15.01,20.0,0.5,4.1
2961,LGB Forge,533007,Micro Cap,Automotive & 2W/3W,Auto Ancillary & Components,6.27,0.0,149.35,0.0,10.3,28.07,2.12,36.0,1.0,7.3
2962,Jeevan Scienti.,538837,Micro Cap,Manufacturing & Services,Diversified,74.3,42.87,149.2,0.0,0.87,18.28,5.01,22.0,0.5,4.1
2963,Kamdhenu Venture,KAMOPAINTS,Micro Cap,Manufacturing & Services,Diversified,4.53,0.0,149.04,0.0,-4.41,46.29,2.2,23.0,0.5,4.1
2964,Shri Techtex,SHRITECH,Micro Cap,IT & Software Services,IT & Software,59.55,7.77,148.58,0.0,13.25,47.14,22.72,49.0,1.0,8.4
2965,IKOMA Technologies,531997,Micro Cap,IT & Software Services,IT & Software,63.95,0.0,148.37,0.0,0.03,0.14,3.06,50.0,1.0,8.4
2966,Delphi World,DELPHIFX,Micro Cap,Manufacturing & Services,Diversified,6.04,47.79,148.14,0.0,-1.86,68.52,8.95,26.0,0.5,4.1
2967,Lakshmi Engg.,505302,Micro Cap,Manufacturing & Services,Diversified,2213.2,72.91,148.01,0.45,0.6,4.03,11.47,27.0,0.5,4.1
2968,Amba Enterprises,539196,Micro Cap,Manufacturing & Services,Diversified,116.9,16.76,148.0,0.64,2.33,100.68,22.1,28.0,0.5,4.1
2969,LAPL Automotive,544863,Micro Cap,Automotive & 2W/3W,Auto Ancillary & Components,117.9,17.13,147.8,0.0,0.0,0.0,34.17,44.0,1.0,7.3
2970,Lippi Systems,526604,Micro Cap,Manufacturing & Services,Diversified,210.2,36.88,147.14,0.0,0.0,0.0,20.8,30.0,0.5,4.1
2971,Available Fin.,531310,Micro Cap,Pharmaceuticals & Healthcare,Pharma & Healthcare,144.1,1.0,147.04,0.0,77.2,0.15,0.02,31.0,0.5,4.1
2972,GVP Infotech,GVPTECH,Micro Cap,IT & Software Services,IT & Software,8.05,0.0,147.03,1.86,3.67,0.03,-70.43,57.0,1.0,8.4
2973,Dollex Agrotech,DOLLEX,Micro Cap,IT & Software Services,IT & Software,36.8,18.49,147.01,0.0,1.28,39.95,5.52,58.0,1.0,8.4
2974,Sharvaya Metals,544506,Micro Cap,Metals & Mining,Metals & Mining,146.5,12.59,146.94,0.0,2.28,139.86,28.47,19.0,2.0,13.2
2975,Upsurge Invest.,531390,Micro Cap,Manufacturing & Services,Diversified,66.81,12.6,146.46,0.75,16.06,34.4,5.25,10.0,0.5,4.1
2976,Owais Metal,OWAIS,Micro Cap,Metals & Mining,Metals & Mining,80.45,88.65,146.28,0.0,-23.56,0.3,4.3,21.0,2.0,13.2
2977,Osiajee Texfab,540198,Micro Cap,Manufacturing & Services,Diversified,270.5,24.8,146.07,0.0,0.34,0.72,27.49,12.0,0.5,4.1
2978,Krishanveer Forg,513369,Micro Cap,Automotive & 2W/3W,Auto Ancillary & Components,133.0,16.15,145.5,2.26,2.0,22.14,26.6,53.0,1.0,7.3
2979,AVP Infracon,AVPINFRA,Micro Cap,Manufacturing & Services,Diversified,58.25,3.45,145.5,0.0,18.95,227.64,22.91,14.0,0.5,4.1
2980,Reliable Data,RELIABLE,Micro Cap,Manufacturing & Services,Diversified,140.88,15.79,145.39,0.03,2.39,57.57,12.16,15.0,0.5,4.1
2981,G V Electricals,544859,Micro Cap,Manufacturing & Services,Diversified,128.85,13.87,145.33,0.0,0.0,0.0,40.8,16.0,0.5,4.1
2982,Indowind Energy,INDOWIND,Micro Cap,Power Utilities & Cleantech,Renewable Energy & Power,9.02,0.0,145.22,0.0,2.1,8.44,2.22,27.0,2.0,13.2
2983,Tunwal E-Motors,TUNWAL,Micro Cap,Automotive & 2W/3W,Auto Ancillary & Components,25.1,11.38,144.81,0.4,4.23,132.45,13.28,58.0,1.0,7.3
2984,Bright Brothers,BRIGHTBR,Micro Cap,Manufacturing & Services,Diversified,254.8,25.26,144.73,0.98,2.98,123.09,11.74,19.0,0.5,4.1
2985,Fly-Hi Maritime,id,Micro Cap,Manufacturing & Services,Diversified,0.0,17.16,144.64,0.0,1.43,11.57,49.71,20.0,0.5,4.1
2986,Sh. Bajrang All.,SHBAJRG,Micro Cap,Manufacturing & Services,Diversified,160.67,3.22,144.6,0.0,9.65,104.98,1.12,21.0,0.5,4.1
2987,Shigan Quantum,SHIGAN,Micro Cap,Manufacturing & Services,Diversified,71.1,21.07,144.53,0.7,4.28,120.06,11.18,22.0,0.5,4.1
2988,Digicontent,DGCONTENT,Micro Cap,Manufacturing & Services,Diversified,24.83,8.48,144.48,0.0,-1.93,123.3,23.95,23.0,0.5,4.1
2989,Choksi Asia,530427,Micro Cap,Manufacturing & Services,Diversified,252.9,27.78,144.18,0.0,0.96,9.22,18.49,24.0,0.5,4.1
2990,GenXAI Analytics,GENXAI,Micro Cap,Manufacturing & Services,Diversified,80.3,10.58,144.09,0.0,7.95,46.03,59.33,25.0,0.5,4.1
2991,Garware Offshore Services,501848,Micro Cap,Manufacturing & Services,Diversified,46.81,0.0,144.04,0.0,-2.87,11.79,-5.87,26.0,0.5,4.1
2992,Shradha AI Tech,543976,Micro Cap,IT & Software Services,IT & Software,23.6,15.21,143.85,2.54,2.27,3.7,18.4,77.0,1.0,8.4
2993,DCM,DCM,Micro Cap,Manufacturing & Services,Diversified,77.01,117.9,143.84,0.0,1.58,20.21,14.59,28.0,0.5,4.1
2994,Bharat Road,BRNL,Micro Cap,Manufacturing & Services,Diversified,17.12,0.0,143.72,0.0,-87.27,47.39,-6.48,29.0,0.5,4.1
2995,Crazy Snacks,544807,Micro Cap,Manufacturing & Services,Diversified,60.0,22.69,143.63,0.0,1.28,25.99,16.2,30.0,0.5,4.1
2996,California Soft.,CALSOFT,Micro Cap,Manufacturing & Services,Diversified,40.98,9.81,143.57,0.0,4.19,6.63,42.02,31.0,0.5,4.1
2997,IBL Finance,IBLFL,Micro Cap,Banking & Financial Services,BFSI,58.0,58.79,143.44,0.0,1.2,8.99,8.46,32.0,0.5,4.1
2998,Suraj Industries,526211,Micro Cap,Manufacturing & Services,Diversified,61.02,34.81,143.31,0.0,4.27,30.02,1.25,33.0,0.5,4.1
2999,Avi Ansh,AVIANSH,Micro Cap,Manufacturing & Services,Diversified,102.5,112.8,143.26,0.0,0.67,78.22,5.11,34.0,0.5,4.1
3000,Shanti Inorgan.,SHANTIINOR,Micro Cap,Manufacturing & Services,Diversified,0.0,14.06,143.15,0.0,0.0,0.0,23.36,10.0,0.5,4.1
3001,Tips Films,TIPSFILMS,Micro Cap,Manufacturing & Services,Diversified,331.0,0.0,143.09,0.0,-29.41,47.96,-6.69,11.0,0.5,4.1
3002,Super Tannery,SUPTANERY,Micro Cap,Manufacturing & Services,Diversified,13.25,20.5,143.06,0.38,2.4,75.87,8.23,12.0,0.5,4.1
3003,Kritika Wires,KRITIKA,Micro Cap,Manufacturing & Services,Diversified,5.37,18.17,142.99,0.0,1.6,161.86,8.9,13.0,0.5,4.1
3004,Kaira Can,504840,Micro Cap,Manufacturing & Services,Diversified,1547.65,63.15,142.71,0.78,1.5,86.74,3.68,14.0,0.5,4.1
3005,W I Plywoods,WIPL,Micro Cap,Manufacturing & Services,Diversified,167.99,0.0,142.58,0.71,-0.3,26.49,4.04,15.0,0.5,4.1
3006,Pramara Promotio,PRAMARA,Micro Cap,Manufacturing & Services,Diversified,102.25,14.2,142.58,0.0,3.91,59.27,14.95,16.0,0.5,4.1
3007,Salona Cotspin,SALONA,Micro Cap,Manufacturing & Services,Diversified,269.95,62.03,142.06,0.37,2.26,196.6,8.26,17.0,0.5,4.1
3008,Alphalogic Indu,543937,Micro Cap,Capital Goods & Engineering,Capital Goods,139.1,26.29,141.73,0.0,2.81,20.17,28.55,18.0,0.5,4.1
3009,Lexora Global,512345,Micro Cap,Manufacturing & Services,Diversified,141.55,505.54,141.55,0.0,-0.26,8.39,6.21,19.0,0.5,4.1
3010,Hindprakash Indu,HPIL,Micro Cap,Manufacturing & Services,Diversified,123.75,40.39,141.37,0.0,0.86,26.57,8.5,20.0,0.5,4.1
3011,Aeron Composites,AERON,Micro Cap,Manufacturing & Services,Diversified,83.0,15.94,141.27,0.0,1.48,103.01,9.77,21.0,0.5,4.1
3012,ENS Enterprises,544876,Micro Cap,Manufacturing & Services,Diversified,103.9,16.82,141.25,0.0,0.0,0.0,115.04,22.0,0.5,4.1
3013,Abate As Indust,531658,Micro Cap,Manufacturing & Services,Diversified,8.94,11.46,140.9,0.0,2.24,22.82,6.63,23.0,0.5,4.1
3014,H. R. Hygiene,544848,Micro Cap,Manufacturing & Services,Diversified,62.0,12.34,140.81,0.0,0.0,0.0,30.36,24.0,0.5,4.1
3015,Patdiam Jeweller,539401,Micro Cap,Manufacturing & Services,Diversified,325.0,8.71,140.3,0.0,13.41,103.62,23.18,25.0,0.5,4.1
3016,Supreme Holdings,SUPREME,Micro Cap,Manufacturing & Services,Diversified,36.27,194.68,140.17,0.0,0.38,2.22,0.11,26.0,0.5,4.1
3017,Quest Laborato.,QUESTLAB,Micro Cap,Pharmaceuticals & Healthcare,Pharma & Healthcare,85.5,9.33,140.11,0.0,2.87,32.4,18.41,27.0,0.5,4.1
3018,Balaxi Pharma,BALAXI,Micro Cap,Pharmaceuticals & Healthcare,Pharma & Healthcare,25.37,57.64,140.06,0.0,1.3,80.68,3.11,28.0,0.5,4.1
3019,Lloyds Luxuries,LLOYDS,Micro Cap,Manufacturing & Services,Diversified,58.0,0.0,139.98,0.0,0.36,33.22,-4.27,29.0,0.5,4.1
3020,Rajputana Indu.,RAJINDLTD,Micro Cap,Manufacturing & Services,Diversified,63.0,10.65,139.95,0.0,3.69,204.08,19.73,30.0,0.5,4.1
3021,Indian Sucrose,500319,Micro Cap,Manufacturing & Services,Diversified,80.52,3.35,139.92,0.0,0.36,50.96,17.48,31.0,0.5,4.1
3022,Sadbhav Engg.,SADBHAV,Micro Cap,Manufacturing & Services,Diversified,8.15,0.0,139.83,0.0,46.1,204.04,13.44,32.0,0.5,4.1
3023,Lambodhara Text.,LAMBODHARA,Micro Cap,Manufacturing & Services,Diversified,134.67,11.25,139.76,0.37,3.57,53.88,12.31,33.0,0.5,4.1
3024,Bal Pharma,BALPHARMA,Micro Cap,Pharmaceuticals & Healthcare,Pharma & Healthcare,87.73,19.4,139.67,1.37,1.13,88.62,9.69,34.0,0.5,4.1
3025,Panch.Organics,531726,Micro Cap,Manufacturing & Services,Diversified,106.0,13.56,139.62,3.02,2.31,24.67,10.29,10.0,0.5,4.1
3026,East India Drums,523874,Micro Cap,Manufacturing & Services,Diversified,94.38,29.36,139.44,1.59,1.35,63.45,21.16,11.0,0.5,4.1
3027,CCME Global,514336,Micro Cap,Manufacturing & Services,Diversified,30.8,0.0,139.37,0.0,-0.26,0.0,-2.92,12.0,0.5,4.1
3028,ATV Projects,500028,Micro Cap,Manufacturing & Services,Diversified,26.22,19.42,139.27,0.0,2.03,20.62,2.87,13.0,0.5,4.1
3029,Raama Finance,538540,Micro Cap,Banking & Financial Services,BFSI,17.14,18.77,139.11,0.0,4.35,21.31,22.94,14.0,0.5,4.1
3030,Siddhika Coatins,SIDDHIKA,Micro Cap,Manufacturing & Services,Diversified,225.0,14.45,139.03,1.78,5.06,27.65,31.93,15.0,0.5,4.1
3031,Kimia Bioscien.,530313,Micro Cap,Manufacturing & Services,Diversified,29.27,19.26,138.48,0.0,0.36,20.72,25.09,16.0,0.5,4.1
3032,Zeal Aqua,539963,Micro Cap,Manufacturing & Services,Diversified,10.97,9.39,138.29,0.0,2.15,150.92,13.26,17.0,0.5,4.1
3033,Esprit Stones,ESPRIT,Micro Cap,Manufacturing & Services,Diversified,63.0,0.0,138.25,0.0,-1.16,73.34,-0.25,18.0,0.5,4.1
3034,DSM Fresh,544568,Micro Cap,Manufacturing & Services,Diversified,62.0,9.48,138.18,0.0,7.34,124.97,23.27,19.0,0.5,4.1
3035,Kanel Indust.,500236,Micro Cap,Manufacturing & Services,Diversified,87.63,0.0,138.02,0.0,-0.09,0.0,-2.2,20.0,0.5,4.1
3036,Polson,507645,Micro Cap,Manufacturing & Services,Diversified,11500.0,26.95,138.0,0.0,1.61,28.32,6.1,21.0,0.5,4.1
3037,Star Delta Trans,539255,Micro Cap,Manufacturing & Services,Diversified,459.75,11.64,137.93,0.0,1.4,37.49,18.09,22.0,0.5,4.1
3038,Callista Indus.,539335,Micro Cap,Manufacturing & Services,Diversified,144.3,0.0,137.76,0.0,-0.21,0.0,0.0,23.0,0.5,4.1
3039,Binayaka Tex Pr,523054,Micro Cap,Manufacturing & Services,Diversified,1936.0,62.2,137.46,0.0,0.38,53.68,6.24,24.0,0.5,4.1
3040,Ruchi Infrastr.,RUCHINFRA,Micro Cap,Manufacturing & Services,Diversified,5.82,22.82,137.37,0.0,4.59,17.66,2.96,25.0,0.5,4.1
3041,Enfuse Solutions,ENFUSE,Micro Cap,Manufacturing & Services,Diversified,155.0,0.0,137.14,0.0,-6.9,24.53,-22.06,26.0,0.5,4.1
3042,Jocil,JOCIL,Micro Cap,Manufacturing & Services,Diversified,154.3,16.63,137.02,2.27,2.17,253.06,5.62,27.0,0.5,4.1
3043,Positron Energy,POSITRON,Micro Cap,Power Utilities & Cleantech,Renewable Energy & Power,180.0,6.83,136.81,0.0,15.04,285.27,29.76,28.0,2.0,13.2
3044,Accord Transformer,544710,Micro Cap,Cement & Building Materials,Cement & Materials,66.5,30.4,136.81,0.0,3.25,42.35,14.5,29.0,2.0,13.2
3045,Dev Information,DEVIT,Micro Cap,Manufacturing & Services,Diversified,24.21,24.41,136.46,0.41,2.11,44.13,3.46,30.0,0.5,4.1
3046,Keynote Finan.,KEYFINSERV,Micro Cap,Manufacturing & Services,Diversified,245.05,23.4,136.41,0.41,11.58,19.38,6.9,31.0,0.5,4.1
3047,Harshdeep Horti.,544105,Micro Cap,Manufacturing & Services,Diversified,84.57,10.91,136.11,0.3,6.82,36.07,29.38,32.0,0.5,4.1
3048,Energy-Mission,EMMIL,Micro Cap,Power Utilities & Cleantech,Renewable Energy & Power,120.1,11.4,136.03,0.0,5.51,85.0,16.32,33.0,2.0,13.2
3049,Aarnav Fashions,AARNAV,Micro Cap,Manufacturing & Services,Diversified,32.17,14.88,135.88,0.0,1.68,86.53,7.63,34.0,0.5,4.1
3050,Mitcon Consult.,MITCON,Micro Cap,FMCG & Consumer Goods,FMCG,77.8,13.91,135.52,0.0,2.75,67.58,8.83,10.0,0.5,4.1
3051,Worth Investment,538451,Micro Cap,Manufacturing & Services,Diversified,3.65,34.0,135.31,0.0,1.29,6.53,5.21,11.0,0.5,4.1
3052,Texmo Pipes,TEXMOPIPES,Micro Cap,Manufacturing & Services,Diversified,46.23,8.93,134.97,0.0,6.41,117.46,9.2,12.0,0.5,4.1
3053,Coral India Fin.,CORALFINAC,Micro Cap,Manufacturing & Services,Diversified,33.47,9.38,134.89,0.6,4.41,3.72,8.06,13.0,0.5,4.1
3054,Pro FX,PROFX,Micro Cap,Manufacturing & Services,Diversified,77.0,8.77,134.78,0.0,4.08,46.07,31.88,14.0,0.5,4.1
3055,Uravi Defence &,URAVIDEF,Micro Cap,Manufacturing & Services,Diversified,118.2,126.88,134.75,0.0,0.7,10.33,3.69,15.0,0.5,4.1
3056,Ambar Protein,519471,Micro Cap,Manufacturing & Services,Diversified,233.3,13.39,134.15,0.0,3.75,113.45,17.78,16.0,0.5,4.1
3057,Lactose (India),524202,Micro Cap,Manufacturing & Services,Diversified,106.4,19.3,133.95,0.0,2.37,46.97,11.29,17.0,0.5,4.1
3058,Winsol Engineers,WINSOL,Micro Cap,Manufacturing & Services,Diversified,116.0,9.33,133.81,0.0,7.36,70.37,24.61,18.0,0.5,4.1
3059,J A Finance,543860,Micro Cap,Banking & Financial Services,BFSI,125.6,230.6,133.75,0.0,0.23,0.52,7.79,19.0,0.5,4.1
3060,VJTF Eduservices,509026,Micro Cap,Manufacturing & Services,Diversified,75.9,0.0,133.58,0.0,1.9,2.46,-1.07,20.0,0.5,4.1
3061,TBI Corn,TBI,Micro Cap,Manufacturing & Services,Diversified,73.55,7.27,133.56,0.0,8.11,166.64,18.26,21.0,0.5,4.1
3062,JK Agri Genetics,536493,Micro Cap,Manufacturing & Services,Diversified,287.9,0.0,133.5,0.0,-9.09,22.96,5.25,22.0,0.5,4.1
3063,Vital Chemtech,VITAL,Micro Cap,IT & Software Services,IT & Software,55.72,50.55,133.46,0.0,2.59,51.19,3.44,68.0,1.0,8.4
3064,La Tim Metal & I,505693,Micro Cap,Metals & Mining,Metals & Mining,10.2,15.09,133.36,0.0,3.0,135.27,14.73,19.0,2.0,13.2
3065,Enser,ENSER,Micro Cap,Manufacturing & Services,Diversified,15.3,14.98,133.36,0.0,4.8,50.03,24.08,25.0,0.5,4.1
3066,WEP Solutions,532373,Micro Cap,Manufacturing & Services,Diversified,36.06,71.65,133.26,1.39,0.34,16.08,6.68,26.0,0.5,4.1
3067,Aztec Fluids,544177,Micro Cap,Manufacturing & Services,Diversified,97.95,18.17,133.21,0.51,3.18,47.61,17.04,27.0,0.5,4.1
3068,Duncan Engg.,504908,Micro Cap,Manufacturing & Services,Diversified,360.0,29.27,133.2,0.83,0.93,22.16,10.75,28.0,0.5,4.1
3069,Intrasoft Tech.,ISFT,Micro Cap,IT & Software Services,IT & Software,81.61,9.7,133.12,0.0,4.55,139.63,6.29,74.0,1.0,8.4
3070,Mukta Arts,MUKTAARTS,Micro Cap,Manufacturing & Services,Diversified,58.9,0.0,133.03,0.0,-2.15,40.59,11.17,30.0,0.5,4.1
3071,Ashapuri Gold,542579,Micro Cap,Manufacturing & Services,Diversified,3.99,6.46,132.99,0.0,5.21,64.79,15.97,31.0,0.5,4.1
3072,Yaashvi Jewellers,544770,Micro Cap,Manufacturing & Services,Diversified,75.4,7.27,132.87,0.0,3.54,62.65,45.55,32.0,0.5,4.1
3073,Envirotech Sys.,ENVIRO,Micro Cap,IT & Software Services,IT & Software,70.5,10.94,132.47,0.0,6.13,31.54,22.66,78.0,1.0,8.4
3074,Rishi Laser,526861,Micro Cap,Manufacturing & Services,Diversified,132.35,48.26,132.22,0.0,0.5,42.26,9.59,34.0,0.5,4.1
3075,Lagnam Spintex,LAGNAM,Micro Cap,Manufacturing & Services,Diversified,74.8,7.22,132.16,0.0,5.89,165.86,10.07,10.0,0.5,4.1
3076,National Plastic,531287,Micro Cap,Manufacturing & Services,Diversified,217.15,13.62,131.99,0.69,2.56,95.18,16.81,11.0,0.5,4.1
3077,Alpa Laboratorie,ALPA,Micro Cap,Pharmaceuticals & Healthcare,Pharma & Healthcare,62.71,32.5,131.95,0.0,0.98,23.93,9.42,12.0,0.5,4.1
3078,Aayush Wellness,539528,Micro Cap,Manufacturing & Services,Diversified,27.09,31.1,131.85,0.09,1.42,33.11,34.82,13.0,0.5,4.1
3079,Speciality Medi.,544738,Micro Cap,Manufacturing & Services,Diversified,150.0,10.11,131.79,0.0,8.18,44.78,25.31,14.0,0.5,4.1
3080,Sonal Mercantile,SONAL,Micro Cap,Automotive & 2W/3W,Auto Ancillary & Components,88.98,6.6,131.14,0.0,2.64,5.2,6.09,55.0,1.0,7.3
3081,AG Ventures,506579,Micro Cap,Manufacturing & Services,Diversified,131.25,5.79,131.12,0.0,21.21,49.05,2.31,16.0,0.5,4.1
3082,Crown Lifters,CROWN,Micro Cap,Manufacturing & Services,Diversified,112.84,14.48,130.78,0.0,2.94,13.02,13.41,17.0,0.5,4.1
3083,Indian CardCloth,INDIANCARD,Micro Cap,Manufacturing & Services,Diversified,219.97,19.0,130.69,0.0,4.56,9.78,2.01,18.0,0.5,4.1
3084,Captain Pipes,538817,Micro Cap,Manufacturing & Services,Diversified,8.5,20.9,130.6,0.0,0.75,23.68,14.85,19.0,0.5,4.1
3085,Magnum Ventures,MAGNUM,Micro Cap,Manufacturing & Services,Diversified,19.0,0.0,129.98,0.0,-8.28,123.41,2.55,20.0,0.5,4.1
3086,Airo Lam,AIROLAM,Micro Cap,Manufacturing & Services,Diversified,86.46,23.54,129.71,0.0,0.25,57.92,9.75,21.0,0.5,4.1
3087,Thakkers Develp.,THAKDEV,Micro Cap,Manufacturing & Services,Diversified,144.0,9.47,129.6,0.0,10.05,18.38,4.55,22.0,0.5,4.1
3088,Spectrum Talent,SPECTSTM,Micro Cap,Manufacturing & Services,Diversified,56.0,10.55,129.32,0.0,8.48,742.36,7.57,23.0,0.5,4.1
3089,Shri Gang Indus,523309,Micro Cap,Manufacturing & Services,Diversified,60.88,6.56,129.3,0.0,2.06,84.06,30.71,24.0,0.5,4.1
3090,Yashhtej Industries,544708,Micro Cap,Manufacturing & Services,Diversified,56.0,10.32,129.25,0.0,5.28,78.23,15.05,25.0,0.5,4.1
3091,Steel City Sec.,STEELCITY,Micro Cap,Metals & Mining,Metals & Mining,85.55,7.6,129.24,4.68,6.8,19.27,14.46,16.0,2.0,13.2
3092,Premco Global,PREMCO,Micro Cap,Manufacturing & Services,Diversified,390.95,48.03,129.2,2.05,0.02,19.67,4.38,27.0,0.5,4.1
3093,Trustedgecapital,532056,Micro Cap,Manufacturing & Services,Diversified,140.0,112.34,129.19,0.0,0.45,2.72,0.93,28.0,0.5,4.1
3094,Pee Cee Cosma,524136,Micro Cap,Manufacturing & Services,Diversified,487.4,14.85,129.16,0.62,3.35,47.43,21.13,29.0,0.5,4.1
3095,Iconik Sports,511260,Micro Cap,Manufacturing & Services,Diversified,38.14,26.95,129.07,0.0,-1.09,0.0,10.46,30.0,0.5,4.1
3096,Escorp Asset Mgt,540455,Micro Cap,Manufacturing & Services,Diversified,115.85,20.31,128.79,0.0,4.09,4.63,5.36,31.0,0.5,4.1
3097,Sampann Utpadan,SAMPANN,Micro Cap,Manufacturing & Services,Diversified,25.19,18.39,128.75,0.0,2.05,41.7,8.18,32.0,0.5,4.1
3098,Gravity (India),532015,Micro Cap,Manufacturing & Services,Diversified,16.49,6.85,128.65,0.0,6.01,60.0,158.68,33.0,0.5,4.1
3099,AJC Jewel,544425,Micro Cap,Manufacturing & Services,Diversified,211.85,12.89,128.56,0.0,2.52,101.29,22.28,34.0,0.5,4.1
3100,Vishwaraj Sugar,VISHWARAJ,Micro Cap,Manufacturing & Services,Diversified,5.9,0.0,128.52,0.0,-25.84,107.07,-3.28,10.0,0.5,4.1
3101,Surana Solar,SURANASOL,Micro Cap,Power Utilities & Cleantech,Renewable Energy & Power,26.11,20.08,128.48,0.0,5.44,17.15,3.15,26.0,2.0,13.2
3102,Happy Steels,HAPPY,Micro Cap,Metals & Mining,Metals & Mining,89.65,17.86,128.08,0.0,0.0,0.0,15.86,27.0,2.0,13.2
3103,NSB BPO,544571,Micro Cap,Manufacturing & Services,Diversified,64.1,10.0,128.02,0.0,7.01,88.48,8.15,13.0,0.5,4.1
3104,HEC Infra Proj.,HECPROJECT,Micro Cap,Manufacturing & Services,Diversified,117.78,10.11,127.65,0.0,1.37,31.12,21.43,14.0,0.5,4.1
3105,Bikewo Green,BIKEWO,Micro Cap,Power Utilities & Cleantech,Renewable Energy & Power,97.8,28.35,127.56,0.0,3.27,37.46,10.97,30.0,2.0,13.2
3106,Archit Organosys,524640,Micro Cap,Manufacturing & Services,Diversified,62.14,17.14,127.52,1.61,1.45,37.08,13.41,16.0,0.5,4.1
3107,Apollo Techno,544671,Micro Cap,IT & Software Services,IT & Software,93.05,11.53,127.38,0.0,6.84,61.99,19.27,72.0,1.0,8.4
3108,Dachepalli Pub.,544667,Micro Cap,Manufacturing & Services,Diversified,85.05,7.61,127.37,0.0,6.31,45.18,23.84,18.0,0.5,4.1
3109,Raja Bahadur Int,503127,Micro Cap,Manufacturing & Services,Diversified,5090.0,978.85,127.25,0.0,-2.33,7.55,7.06,19.0,0.5,4.1
3110,BSL,BSL,Micro Cap,Manufacturing & Services,Diversified,123.58,35.04,127.19,0.65,1.72,169.72,5.99,20.0,0.5,4.1
3111,Virya Resources,512479,Micro Cap,Manufacturing & Services,Diversified,847.9,0.0,127.19,0.0,-0.1,0.01,-4.64,21.0,0.5,4.1
3112,Indbank Merchant,INDBANK,Micro Cap,Banking & Financial Services,BFSI,28.58,17.47,126.84,0.0,2.38,6.9,10.26,22.0,0.5,4.1
3113,Mahendra Realtor,MRIL,Micro Cap,Manufacturing & Services,Diversified,57.3,7.1,126.66,0.0,15.22,95.65,22.2,23.0,0.5,4.1
3114,Chart.Logistics,531977,Micro Cap,Manufacturing & Services,Diversified,9.95,0.0,126.5,0.0,2.02,17.27,2.19,24.0,0.5,4.1
3115,LKP Securities,LKPSEC,Micro Cap,Manufacturing & Services,Diversified,15.28,17.27,126.42,1.31,1.46,26.56,13.53,25.0,0.5,4.1
3116,Mayank Cattle Fo,544106,Micro Cap,Manufacturing & Services,Diversified,117.0,20.99,126.36,0.0,3.49,217.78,15.85,26.0,0.5,4.1
3117,Panafic Industri,538860,Micro Cap,Manufacturing & Services,Diversified,2.56,73.77,126.14,0.0,4.15,4.43,-17.07,27.0,0.5,4.1
3118,Standard Inds.,SIL,Micro Cap,Manufacturing & Services,Diversified,19.59,2.04,126.02,4.08,80.39,192.57,-12.79,28.0,0.5,4.1
3119,Safety Controls,544746,Micro Cap,Manufacturing & Services,Diversified,63.5,8.73,125.9,0.0,6.89,73.2,29.72,29.0,0.5,4.1
3120,Sh. Krishna Pap.,500388,Micro Cap,Manufacturing & Services,Diversified,93.1,35.46,125.89,0.0,6.38,59.5,10.13,30.0,0.5,4.1
3121,Twamev Constr.,TICL,Micro Cap,Manufacturing & Services,Diversified,8.12,17.88,125.86,0.0,0.51,11.04,1.17,31.0,0.5,4.1
3122,Lahoti Overseas,LAHOTIOV,Micro Cap,Manufacturing & Services,Diversified,43.08,7.93,125.67,0.46,3.1,88.41,7.95,32.0,0.5,4.1
3123,Desco Infra.,544387,Micro Cap,Manufacturing & Services,Diversified,163.7,7.67,125.66,0.0,10.21,76.57,30.15,33.0,0.5,4.1
3124,APM Industries,523537,Micro Cap,Manufacturing & Services,Diversified,58.04,43.25,125.43,0.0,4.44,64.41,1.08,34.0,0.5,4.1
3125,Bengal Tea & Fab,532230,Micro Cap,Manufacturing & Services,Diversified,139.25,18.94,125.41,1.08,8.22,9.23,4.76,10.0,0.5,4.1
3126,Sheel Bio.,SHEEL,Micro Cap,Manufacturing & Services,Diversified,61.6,10.66,125.37,0.0,0.19,21.85,15.73,11.0,0.5,4.1
3127,RSD Finance,RSDFIN,Micro Cap,Banking & Financial Services,BFSI,96.75,9.95,125.26,0.0,6.99,11.72,8.02,12.0,0.5,4.1
3128,Kanishk Steel,513456,Micro Cap,Metals & Mining,Metals & Mining,44.04,18.31,125.25,0.0,1.49,87.39,9.1,23.0,2.0,13.2
3129,Sanco Trans,523116,Micro Cap,Manufacturing & Services,Diversified,694.95,15.35,125.09,0.65,1.69,37.97,7.38,14.0,0.5,4.1
3130,Tirupati Starch,524582,Micro Cap,Manufacturing & Services,Diversified,130.35,21.59,125.0,0.0,0.66,91.63,10.26,15.0,0.5,4.1
3131,Elnet Technolog,517477,Micro Cap,IT & Software Services,IT & Software,312.35,6.22,124.94,0.64,5.03,6.74,15.38,56.0,1.0,8.4
3132,Anik Industries,ANIKINDS,Micro Cap,Manufacturing & Services,Diversified,45.0,0.0,124.88,0.0,0.23,13.53,0.3,17.0,0.5,4.1
3133,DCG Cables,DCG,Micro Cap,Manufacturing & Services,Diversified,68.8,14.42,124.87,0.0,2.8,90.66,13.45,18.0,0.5,4.1
3134,Harmony Capital,530055,Micro Cap,Manufacturing & Services,Diversified,102.73,73.72,124.58,0.0,1.38,4.41,32.18,19.0,0.5,4.1
3135,Rukmani Devi Gar,544552,Micro Cap,Manufacturing & Services,Diversified,140.0,13.99,124.26,0.0,4.26,158.42,18.56,20.0,0.5,4.1
3136,Nag. Agri Tech.,531832,Micro Cap,IT & Software Services,IT & Software,40.5,96.99,124.15,0.0,-0.04,32.18,0.0,61.0,1.0,8.4
3137,Hind.Tin Works,530315,Micro Cap,Manufacturing & Services,Diversified,118.8,13.2,123.55,0.63,3.81,126.1,7.27,22.0,0.5,4.1
3138,Visaman Global,VISAMAN,Micro Cap,Manufacturing & Services,Diversified,61.4,20.3,123.03,0.0,3.18,139.49,11.36,23.0,0.5,4.1
3139,Vijaypd Ceutical,VIJAYPD,Micro Cap,Manufacturing & Services,Diversified,63.0,24.27,123.03,0.0,2.64,47.62,11.59,24.0,0.5,4.1
3140,W H Brady,WHBRADY,Micro Cap,Manufacturing & Services,Diversified,482.2,24.45,122.96,0.0,2.49,19.44,8.53,25.0,0.5,4.1
3141,Nagarjuna Fert.,NAGAFERT,Micro Cap,Manufacturing & Services,Diversified,2.05,0.0,122.6,0.0,-5.56,0.0,0.0,26.0,0.5,4.1
3142,Jay Ambe Super.,544514,Micro Cap,Manufacturing & Services,Diversified,137.85,25.14,122.41,0.0,3.36,40.93,24.49,27.0,0.5,4.1
3143,Curis Lifescien.,CURIS,Micro Cap,Manufacturing & Services,Diversified,151.35,17.66,122.36,0.0,2.71,32.72,21.25,28.0,0.5,4.1
3144,Hindcon Chemical,HINDCON,Micro Cap,Chemicals & Petrochemicals,Chemicals,23.9,28.32,122.35,0.0,2.34,21.29,7.85,29.0,0.5,4.1
3145,Aluwind Infra,ALUWIND,Micro Cap,Power Utilities & Cleantech,Renewable Energy & Power,49.2,11.62,122.25,0.0,5.45,73.12,17.63,40.0,2.0,13.2
3146,Globus Power,526025,Micro Cap,Power Utilities & Cleantech,Renewable Energy & Power,12.35,0.0,122.2,0.0,-0.03,0.0,-6.32,41.0,2.0,13.2
3147,Chemcrux Enterp.,CHEMCRUX,Micro Cap,Chemicals & Petrochemicals,Chemicals,82.16,29.32,121.67,1.22,0.51,21.94,6.43,32.0,0.5,4.1
3148,Kohinoor Foods,KOHINOOR,Micro Cap,Manufacturing & Services,Diversified,32.77,0.0,121.48,0.0,2.1,29.6,-1.08,33.0,0.5,4.1
3149,Farm Peace,id,Micro Cap,Manufacturing & Services,Diversified,0.0,16.12,121.42,0.0,0.0,0.0,26.64,34.0,0.5,4.1
3150,PMC Fincorp,534060,Micro Cap,Manufacturing & Services,Diversified,1.7,18.97,121.05,0.59,4.32,6.38,6.07,10.0,0.5,4.1
3151,iSERA Lifesciences,534920,Micro Cap,Manufacturing & Services,Diversified,143.9,0.0,121.01,0.0,-0.34,0.0,5.95,11.0,0.5,4.1
3152,Fynx Capital,507962,Micro Cap,Manufacturing & Services,Diversified,6.05,0.0,121.0,0.0,-1.98,3.94,-11.93,12.0,0.5,4.1
3153,Samrat Forgings,543229,Micro Cap,Automotive & 2W/3W,Auto Ancillary & Components,242.0,26.42,121.0,0.0,1.24,48.16,10.58,28.0,1.0,7.3
3154,Ishan Dyes,ISHANCH,Micro Cap,Manufacturing & Services,Diversified,44.29,0.0,120.93,0.0,0.16,41.48,0.96,14.0,0.5,4.1
3155,Aksh Optifibre,AKSHOPTFBR,Micro Cap,Manufacturing & Services,Diversified,7.43,0.0,120.88,0.0,4.71,49.87,-6.63,15.0,0.5,4.1
3156,Bhilwara Spinner,514272,Micro Cap,Manufacturing & Services,Diversified,133.4,13.96,120.78,0.0,1.91,33.84,5.85,16.0,0.5,4.1
3157,Krebs Biochem,KREBSBIO,Micro Cap,Chemicals & Petrochemicals,Chemicals,55.95,0.0,120.63,0.0,-2.48,6.98,-15.37,17.0,0.5,4.1
3158,Intl. Combustion,505737,Micro Cap,Manufacturing & Services,Diversified,504.7,0.0,120.62,0.79,-3.99,65.91,0.48,18.0,0.5,4.1
3159,Vibrant Glo. Cap,VGCL,Micro Cap,Manufacturing & Services,Diversified,52.62,4.59,120.54,3.8,14.75,79.28,10.91,19.0,0.5,4.1
3160,Striders Impex,STRIDERS,Micro Cap,Manufacturing & Services,Diversified,64.7,21.47,120.45,0.0,4.16,49.16,16.78,20.0,0.5,4.1
3161,Manoj Ceramic,544073,Micro Cap,Cement & Building Materials,Cement & Materials,87.21,10.15,120.41,0.0,6.33,119.99,13.05,26.0,2.0,13.2
3162,Global Surfaces,GSLSU,Micro Cap,Manufacturing & Services,Diversified,28.37,0.0,120.24,0.0,0.06,65.42,-1.69,22.0,0.5,4.1
3163,Onelife Capital,ONELIFECAP,Micro Cap,Manufacturing & Services,Diversified,32.18,12.54,120.22,0.03,3.89,7.2,11.41,23.0,0.5,4.1
3164,Aesthetik Engi.,AESTHETIK,Micro Cap,Manufacturing & Services,Diversified,69.8,16.86,120.2,0.0,3.62,80.5,17.64,24.0,0.5,4.1
3165,Dhampur.Spl.Sug.,531923,Micro Cap,Manufacturing & Services,Diversified,137.55,18.71,120.1,0.0,1.71,17.42,19.67,25.0,0.5,4.1
3166,Vistar Amar,538565,Micro Cap,Manufacturing & Services,Diversified,208.15,9.68,119.89,0.0,4.06,63.37,25.55,26.0,0.5,4.1
3167,Leo Dryfruits,544329,Micro Cap,Manufacturing & Services,Diversified,66.92,11.36,119.73,0.0,4.76,53.46,0.0,27.0,0.5,4.1
3168,Assam Entrade,ASSAMENT,Micro Cap,Manufacturing & Services,Diversified,830.0,63.23,119.5,0.0,0.4,3.26,5.13,28.0,0.5,4.1
3169,Emiac Technologies,544747,Micro Cap,IT & Software Services,IT & Software,97.5,32.98,119.37,0.0,-0.93,18.19,99.84,54.0,1.0,8.4
3170,Puretrop Fruits,530077,Micro Cap,Manufacturing & Services,Diversified,173.5,10.62,119.19,0.0,4.57,28.03,6.3,30.0,0.5,4.1
3171,Value 360 Commu.,VALUE360,Micro Cap,Manufacturing & Services,Diversified,74.0,12.0,119.07,0.0,4.99,35.84,38.64,31.0,0.5,4.1
3172,Xelpmoc Design,XELPMOC,Micro Cap,Manufacturing & Services,Diversified,80.14,0.0,118.79,0.0,-2.2,0.96,-10.56,32.0,0.5,4.1
3173,Ganges Securitie,GANGESSECU,Micro Cap,Manufacturing & Services,Diversified,118.71,41.23,118.75,0.0,1.22,7.7,0.76,33.0,0.5,4.1
3174,KIFS Financial,535566,Micro Cap,Manufacturing & Services,Diversified,109.65,14.23,118.64,1.41,2.04,12.53,8.18,34.0,0.5,4.1
3175,Smiths & Founder,513418,Micro Cap,Manufacturing & Services,Diversified,11.62,171.77,118.52,0.0,0.26,3.22,4.86,10.0,0.5,4.1
3176,Srinibas Pradhan,SPCON,Micro Cap,Manufacturing & Services,Diversified,150.0,14.36,117.91,0.0,4.1,44.63,28.57,11.0,0.5,4.1
3177,Latteys Industri,LATTEYS,Micro Cap,Manufacturing & Services,Diversified,20.5,27.93,117.87,0.0,1.27,38.69,16.32,12.0,0.5,4.1
3178,Methodhub Software,544637,Micro Cap,IT & Software Services,IT & Software,62.43,3.7,117.7,0.0,11.59,185.48,36.86,63.0,1.0,8.4
3179,AAA Technologies,AAATECH,Micro Cap,IT & Software Services,IT & Software,91.74,56.57,117.67,1.64,0.87,3.76,8.16,64.0,1.0,8.4
3180,Viram Suvarn,540252,Micro Cap,Manufacturing & Services,Diversified,10.37,15.46,117.66,0.48,1.44,4.35,22.33,15.0,0.5,4.1
3181,Rajshree Sugars,RAJSREESUG,Micro Cap,Manufacturing & Services,Diversified,35.47,0.0,117.53,0.0,-23.33,153.23,2.82,16.0,0.5,4.1
3182,Bharat Agri Fert,531862,Micro Cap,Manufacturing & Services,Diversified,22.19,0.0,117.29,0.0,-1.98,4.51,1.5,17.0,0.5,4.1
3183,Globalspace Tech,540654,Micro Cap,IT & Software Services,IT & Software,34.07,34.54,117.1,0.0,0.7,14.64,4.55,68.0,1.0,8.4
3184,Avro India,AVROIND,Micro Cap,Manufacturing & Services,Diversified,8.72,30.47,117.0,0.0,0.69,23.5,6.67,19.0,0.5,4.1
3185,KIC Metaliks,513693,Micro Cap,Metals & Mining,Metals & Mining,32.95,36.32,116.96,0.0,1.02,228.23,4.01,20.0,2.0,13.2
3186,ITL Industries,ITL,Micro Cap,Manufacturing & Services,Diversified,364.55,13.61,116.81,0.34,0.58,61.93,13.36,21.0,0.5,4.1
3187,Jayesh Logistics,JAYESH,Micro Cap,Manufacturing & Services,Diversified,134.4,11.59,116.81,0.0,5.31,69.97,21.78,22.0,0.5,4.1
3188,OBCL,OBCL,Micro Cap,Manufacturing & Services,Diversified,55.19,0.0,116.36,0.0,1.21,82.37,-0.57,23.0,0.5,4.1
3189,Udayshivakumar,USK,Micro Cap,Manufacturing & Services,Diversified,20.99,9.81,116.19,0.0,2.46,46.25,3.72,24.0,0.5,4.1
3190,Duroply Indust.,516003,Micro Cap,Manufacturing & Services,Diversified,107.06,86.03,116.14,0.0,0.61,99.61,7.73,25.0,0.5,4.1
3191,Sampark India,544810,Micro Cap,Manufacturing & Services,Diversified,94.5,11.0,115.85,0.0,6.57,127.29,23.08,26.0,0.5,4.1
3192,Godavari Drugs,530317,Micro Cap,Manufacturing & Services,Diversified,106.01,29.74,115.7,0.0,1.11,27.96,6.55,27.0,0.5,4.1
3193,AMD Industries,AMDIND,Micro Cap,Manufacturing & Services,Diversified,60.32,31.08,115.61,0.0,9.33,121.99,1.43,28.0,0.5,4.1
3194,Weizmann,WEIZMANIND,Micro Cap,Manufacturing & Services,Diversified,74.5,18.8,115.43,0.67,1.42,31.74,14.27,29.0,0.5,4.1
3195,Choksi Laborator,526546,Micro Cap,Pharmaceuticals & Healthcare,Pharma & Healthcare,165.25,60.58,115.1,0.0,0.58,12.06,9.44,30.0,0.5,4.1
3196,VL E-Governance,VLEGOV,Micro Cap,Manufacturing & Services,Diversified,10.61,0.0,115.07,0.0,-0.57,0.65,-2.46,31.0,0.5,4.1
3197,Swastika Castal,544452,Micro Cap,Manufacturing & Services,Diversified,140.95,35.08,115.07,0.0,1.96,18.81,19.61,32.0,0.5,4.1
3198,Samkrg Pistons,520075,Micro Cap,Manufacturing & Services,Diversified,116.8,12.01,114.7,0.43,2.69,71.85,10.11,33.0,0.5,4.1
3199,OK Play India,526415,Micro Cap,Manufacturing & Services,Diversified,3.16,32.77,114.69,0.0,0.09,45.81,4.9,34.0,0.5,4.1
3200,Forge Auto,FORGEAUTO,Micro Cap,Automotive & 2W/3W,Auto Ancillary & Components,105.0,9.3,114.66,0.0,6.32,136.33,0.0,25.0,1.0,7.3
3201,Rudrabhish. Ent.,REPL,Micro Cap,Manufacturing & Services,Diversified,63.19,0.0,114.52,0.0,0.53,9.92,-4.66,11.0,0.5,4.1
3202,BCPL Railway,BCPL,Micro Cap,Manufacturing & Services,Diversified,68.45,13.88,114.47,1.46,3.99,74.94,9.31,12.0,0.5,4.1
3203,Suryalak. Cott.,SURYALAXMI,Micro Cap,Manufacturing & Services,Diversified,60.79,29.54,114.32,0.0,2.35,182.23,6.36,13.0,0.5,4.1
3204,Total Transport,TOTAL,Micro Cap,Manufacturing & Services,Diversified,70.88,12.7,114.31,1.76,4.13,193.58,11.69,14.0,0.5,4.1
3205,Indsil Hydro,522165,Micro Cap,Manufacturing & Services,Diversified,41.12,8.21,114.28,1.46,5.02,39.59,7.78,15.0,0.5,4.1
3206,Thacker & Co.,THACKER,Micro Cap,Manufacturing & Services,Diversified,1050.0,6.04,114.21,0.0,6.1,1.17,2.28,16.0,0.5,4.1
3207,Nexome Cap. Mkt.,508905,Micro Cap,Manufacturing & Services,Diversified,105.95,9.37,113.74,1.42,1.25,3.03,10.4,17.0,0.5,4.1
3208,Grob Tea Co,GROBTEA,Micro Cap,Manufacturing & Services,Diversified,977.65,13.98,113.64,0.2,3.27,22.86,7.35,18.0,0.5,4.1
3209,Grovy India,539522,Micro Cap,Manufacturing & Services,Diversified,64.9,30.62,113.61,0.15,1.9,27.5,10.16,19.0,0.5,4.1
3210,Sambhaav Media,SAMBHAAV,Micro Cap,Manufacturing & Services,Diversified,5.94,0.0,113.52,0.0,-2.11,9.62,2.26,20.0,0.5,4.1
3211,Cressanda Railwa,CRSL,Micro Cap,Manufacturing & Services,Diversified,2.73,0.0,113.27,0.0,-0.87,0.0,-11.03,21.0,0.5,4.1
3212,Valencia Nutrit.,542910,Micro Cap,Manufacturing & Services,Diversified,57.0,103.75,113.09,0.0,0.43,4.19,2.56,22.0,0.5,4.1
3213,Prodocs Solution,544643,Micro Cap,Manufacturing & Services,Diversified,160.0,11.92,112.8,0.62,6.63,30.81,0.0,23.0,0.5,4.1
3214,Tyche Industries,532384,Micro Cap,Manufacturing & Services,Diversified,109.45,25.21,112.19,3.2,-0.04,9.1,6.83,24.0,0.5,4.1
3215,Makers Labs.,MAKERSL,Micro Cap,Pharmaceuticals & Healthcare,Pharma & Healthcare,189.9,32.86,112.05,0.0,4.59,42.77,9.28,25.0,0.5,4.1
3216,Dharni Capital,543753,Micro Cap,Manufacturing & Services,Diversified,55.0,23.99,112.04,0.0,2.35,5.1,22.39,26.0,0.5,4.1
3217,Srivasavi Adhes.,SRIVASAVI,Micro Cap,Manufacturing & Services,Diversified,79.0,20.32,111.98,0.0,2.92,54.87,14.63,27.0,0.5,4.1
3218,GTL,GTL,Micro Cap,Manufacturing & Services,Diversified,7.11,0.0,111.84,0.0,322.18,60.02,0.0,28.0,0.5,4.1
3219,Mehul Telecom,544751,Micro Cap,Telecom & Data Centers,Telecom Infrastructure,107.0,11.23,111.83,0.0,5.19,106.34,57.22,64.0,1.0,8.4
3220,B & A,BNALTD,Micro Cap,Manufacturing & Services,Diversified,360.0,150.81,111.6,0.0,2.57,71.6,3.75,30.0,0.5,4.1
3221,Scoobee Garments,531234,Micro Cap,Manufacturing & Services,Diversified,65.89,0.0,111.49,0.0,-0.39,7.87,-6.12,31.0,0.5,4.1
3222,Shri Krishna,SHRIKRISH,Micro Cap,Manufacturing & Services,Diversified,39.79,27.51,111.41,0.0,0.92,3.84,6.7,32.0,0.5,4.1
3223,Motor & Gen Fin,MOTOGENFIN,Micro Cap,Automotive & 2W/3W,Auto Ancillary & Components,28.71,62.47,111.19,0.0,2.27,1.86,-0.02,48.0,1.0,7.3
3224,Kore Digital,KDL,Micro Cap,Manufacturing & Services,Diversified,92.45,3.03,111.16,0.0,11.91,150.42,38.1,34.0,0.5,4.1
3225,Optimus Finance,OPTIFIN,Micro Cap,Banking & Financial Services,BFSI,14.84,19.56,110.89,0.0,2.18,60.23,11.62,10.0,0.5,4.1
3226,S. V. J. Enterp.,543799,Micro Cap,Manufacturing & Services,Diversified,199.0,151.86,110.86,0.0,0.62,4.03,6.28,11.0,0.5,4.1
3227,Mega Flex Plast.,MEGAFLEX,Micro Cap,Manufacturing & Services,Diversified,91.0,17.58,110.39,0.0,5.62,48.7,14.92,12.0,0.5,4.1
3228,Ducon Tech,DUCON,Micro Cap,IT & Software Services,IT & Software,1.92,11.01,110.37,0.0,2.17,104.92,9.33,73.0,1.0,8.4
3229,Zenith Exports,ZENITHEXPO,Micro Cap,Manufacturing & Services,Diversified,204.1,380.03,110.21,0.0,-0.6,13.49,4.47,14.0,0.5,4.1
3230,Marvel Decor,MDL,Micro Cap,Manufacturing & Services,Diversified,62.0,24.88,109.99,0.0,2.28,31.51,7.86,15.0,0.5,4.1
3231,Cubex Tubings,CUBEXTUB,Micro Cap,Manufacturing & Services,Diversified,76.8,14.58,109.97,0.0,1.32,64.97,11.49,16.0,0.5,4.1
3232,NCL Res. & Finl.,530557,Micro Cap,Manufacturing & Services,Diversified,0.7,0.0,109.89,0.0,1.13,1.67,-2.53,17.0,0.5,4.1
3233,Norben Tea,NORBTEAEXP,Micro Cap,Manufacturing & Services,Diversified,70.69,0.0,109.88,0.0,0.32,1.29,2.96,18.0,0.5,4.1
3234,Rama Telecom,RTL,Micro Cap,Telecom & Data Centers,Telecom Infrastructure,83.25,37.76,109.88,0.0,0.48,27.75,11.89,79.0,1.0,8.4
3235,Pharmaids Pharma,524572,Micro Cap,Pharmaceuticals & Healthcare,Pharma & Healthcare,31.09,0.0,109.65,0.0,2.13,0.0,-15.85,20.0,0.5,4.1
3236,Eyantra Ventures,512099,Micro Cap,Manufacturing & Services,Diversified,546.25,0.0,109.63,0.0,-3.75,19.17,-8.42,21.0,0.5,4.1
3237,Bihar Sponge,500058,Micro Cap,Manufacturing & Services,Diversified,12.15,9.38,109.6,0.0,2.48,0.0,39.01,22.0,0.5,4.1
3238,Rollatainers,ROLLT,Micro Cap,Manufacturing & Services,Diversified,4.37,0.0,109.31,0.0,-0.06,0.0,-11.54,23.0,0.5,4.1
3239,Garg Furnace,530615,Micro Cap,Manufacturing & Services,Diversified,160.2,10.18,109.08,0.0,1.68,57.18,12.81,24.0,0.5,4.1
3240,Shyam Dhani Ind.,SHYAMDHANI,Micro Cap,Manufacturing & Services,Diversified,52.7,12.75,108.86,0.0,4.34,81.99,16.98,25.0,0.5,4.1
3241,Esaar (India),531502,Micro Cap,Manufacturing & Services,Diversified,13.53,3.64,108.79,0.0,1.65,6.29,30.86,26.0,0.5,4.1
3242,Parvati Sweetner,541347,Micro Cap,Manufacturing & Services,Diversified,7.29,0.0,108.73,0.0,0.32,35.73,-9.97,27.0,0.5,4.1
3243,Modern Dairies,519287,Micro Cap,Manufacturing & Services,Diversified,36.19,20.23,108.64,0.0,2.14,91.27,13.72,28.0,0.5,4.1
3244,Amarjothi Spg.,AMARJOTHI,Micro Cap,Manufacturing & Services,Diversified,160.94,8.43,108.63,1.37,3.23,75.62,9.14,29.0,0.5,4.1
3245,Vaishali Pharma,VAISHALI,Micro Cap,Pharmaceuticals & Healthcare,Pharma & Healthcare,8.32,25.6,108.54,0.0,1.49,22.89,8.9,30.0,0.5,4.1
3246,Kemp & Co.,506530,Micro Cap,Manufacturing & Services,Diversified,1000.0,0.0,108.0,0.0,0.75,1.29,-1.46,31.0,0.5,4.1
3247,TCI Industries,532262,Micro Cap,Manufacturing & Services,Diversified,1200.0,308.57,108.0,0.0,-0.51,0.53,4.33,32.0,0.5,4.1
3248,Vippy Spinpro,514302,Micro Cap,Manufacturing & Services,Diversified,183.45,7.52,107.69,0.0,5.91,110.26,11.87,33.0,0.5,4.1
3249,Sylvan Plyboard,SYLVANPLY,Micro Cap,Manufacturing & Services,Diversified,55.55,14.97,107.63,0.0,3.41,132.43,9.87,34.0,0.5,4.1
3250,Matrix Geo Sol.,MGSL,Micro Cap,Manufacturing & Services,Diversified,73.8,10.72,107.61,0.0,6.05,26.04,30.53,10.0,0.5,4.1
3251,Somi Conv.Belt.,SOMICONVEY,Micro Cap,Manufacturing & Services,Diversified,91.33,24.28,107.58,0.0,0.6,15.62,9.46,11.0,0.5,4.1
3252,Sattva Eng.,SATTVAENGG,Micro Cap,Manufacturing & Services,Diversified,61.5,8.28,107.43,0.0,8.6,78.23,22.76,12.0,0.5,4.1
3253,Richa Info,RICHA,Micro Cap,Manufacturing & Services,Diversified,78.0,14.35,107.35,0.0,1.91,56.88,8.77,13.0,0.5,4.1
3254,Shreeoswal Seeds,OSWALSEEDS,Micro Cap,Manufacturing & Services,Diversified,11.72,8.78,107.2,0.0,12.27,117.08,19.89,14.0,0.5,4.1
3255,Shyam Century,SHYAMCENT,Micro Cap,Manufacturing & Services,Diversified,5.03,0.0,106.72,0.0,-0.81,0.33,-7.4,15.0,0.5,4.1
3256,Rexnord Electr.,531888,Micro Cap,Manufacturing & Services,Diversified,80.38,16.15,106.58,0.0,2.48,34.11,8.34,16.0,0.5,4.1
3257,Visdem Technosys,VISDEM,Micro Cap,IT & Software Services,IT & Software,103.75,13.72,106.57,0.0,3.26,50.51,19.09,62.0,1.0,8.4
3258,Concord Drugs,538965,Micro Cap,Manufacturing & Services,Diversified,80.82,52.2,106.48,0.0,1.11,20.9,5.24,18.0,0.5,4.1
3259,Mini Diamonds(I),523373,Micro Cap,Manufacturing & Services,Diversified,4.51,54.51,106.3,0.0,2.67,196.53,2.62,19.0,0.5,4.1
3260,ROX Hi-Tech,ROXHITECH,Micro Cap,IT & Software Services,IT & Software,46.3,6.02,106.2,0.0,10.48,109.94,16.15,65.0,1.0,8.4
3261,Vigor Plast,VIGOR,Micro Cap,Manufacturing & Services,Diversified,102.5,10.85,106.1,0.0,2.3,17.49,35.21,21.0,0.5,4.1
3262,Diensten Tech,DTL,Micro Cap,IT & Software Services,IT & Software,128.0,0.0,105.74,0.0,1.63,65.43,0.0,67.0,1.0,8.4
3263,Chemtech Indust.,537326,Micro Cap,IT & Software Services,IT & Software,57.33,39.0,105.7,0.0,0.69,11.36,7.77,68.0,1.0,8.4
3264,Lovable Lingerie,LOVABLE,Micro Cap,Manufacturing & Services,Diversified,71.37,13.54,105.63,0.0,3.49,12.79,0.57,24.0,0.5,4.1
3265,Holmarc Opto,HOLMARC,Micro Cap,Manufacturing & Services,Diversified,105.05,25.88,105.58,0.48,3.83,26.04,18.12,25.0,0.5,4.1
3266,Jolly Plastic,507968,Micro Cap,Manufacturing & Services,Diversified,43.3,0.0,105.57,0.0,-0.14,0.05,0.15,26.0,0.5,4.1
3267,Diksha Polymers,544798,Micro Cap,Manufacturing & Services,Diversified,203.0,25.6,105.49,0.0,0.0,0.0,33.23,27.0,0.5,4.1
3268,Titan Securities,530045,Micro Cap,Manufacturing & Services,Diversified,42.05,7.4,105.21,0.0,4.55,0.58,1.14,28.0,0.5,4.1
3269,Jeyyam Global,JEYYAM,Micro Cap,Manufacturing & Services,Diversified,22.15,7.66,105.21,0.0,2.82,270.55,10.84,29.0,0.5,4.1
3270,Variman Global,540570,Micro Cap,Manufacturing & Services,Diversified,5.39,43.27,105.15,0.0,1.07,25.53,10.34,30.0,0.5,4.1
3271,Loyal Textile,LOYALTEX,Micro Cap,Textiles & Apparel,Textiles,218.14,0.0,105.14,0.0,-1.5,86.06,-3.47,46.0,1.0,7.3
3272,Apana Logistics,id,Micro Cap,Manufacturing & Services,Diversified,0.0,17.93,105.06,0.0,0.0,0.0,46.01,32.0,0.5,4.1
3273,Manilam Industries,MANILAM,Micro Cap,Manufacturing & Services,Diversified,48.0,51.16,104.87,0.0,-1.15,44.02,8.47,33.0,0.5,4.1
3274,Naturite Agro,538926,Micro Cap,Manufacturing & Services,Diversified,197.65,0.0,104.68,0.0,0.03,2.08,2.08,34.0,0.5,4.1
3275,Hindustan Hardy,505893,Micro Cap,Manufacturing & Services,Diversified,697.8,15.91,104.67,0.4,1.18,24.35,27.75,10.0,0.5,4.1
3276,MRP Agro,543262,Micro Cap,Manufacturing & Services,Diversified,91.0,18.07,104.65,0.0,1.67,21.93,0.0,11.0,0.5,4.1
3277,Emkay Taps & Cut,EMKAYTOOLS,Micro Cap,Manufacturing & Services,Diversified,98.0,0.0,104.58,0.0,5.78,0.46,0.12,12.0,0.5,4.1
3278,Aegeus Technolog,544858,Micro Cap,IT & Software Services,IT & Software,124.5,25.94,104.26,0.0,0.0,0.0,31.57,83.0,1.0,8.4
3279,Basant Agro Tech,524687,Micro Cap,IT & Software Services,IT & Software,11.5,14.36,104.22,0.43,2.82,232.56,7.03,84.0,1.0,8.4
3280,Smarten Power,SMARTEN,Micro Cap,Power Utilities & Cleantech,Renewable Energy & Power,54.85,11.84,104.22,0.0,2.92,127.4,17.79,25.0,2.0,13.2
3281,Thrive Future Habitats,523120,Micro Cap,Manufacturing & Services,Diversified,92.0,0.0,104.14,0.0,-0.92,0.35,-7.67,16.0,0.5,4.1
3282,Oval Projects,544498,Micro Cap,Manufacturing & Services,Diversified,49.99,7.57,103.83,0.0,7.67,91.13,19.91,17.0,0.5,4.1
3283,KHFM Hospitality,KHFM,Micro Cap,Manufacturing & Services,Diversified,44.95,33.03,103.71,0.0,1.03,46.82,8.2,18.0,0.5,4.1
3284,Deepak Spinners,514030,Micro Cap,Chemicals & Petrochemicals,Chemicals,143.5,9.98,103.17,0.0,3.09,136.82,2.89,19.0,0.5,4.1
3285,Pioneer Invest,PIONRINV,Micro Cap,Manufacturing & Services,Diversified,83.89,7.22,103.16,0.0,1.98,6.7,10.95,20.0,0.5,4.1
3286,Compucom Soft.,COMPUSOFT,Micro Cap,Manufacturing & Services,Diversified,13.02,0.0,103.02,1.92,1.37,8.07,1.9,21.0,0.5,4.1
3287,Autoriders Intl.,512277,Micro Cap,Automotive & 2W/3W,Auto Ancillary & Components,295.6,12.41,102.89,0.06,1.04,24.38,17.66,62.0,1.0,7.3
3288,Mobilise App,MOBILISE,Micro Cap,Manufacturing & Services,Diversified,108.15,18.4,102.87,0.0,1.31,5.2,39.37,23.0,0.5,4.1
3289,Garnet Intl.,512493,Micro Cap,Manufacturing & Services,Diversified,52.38,32.75,102.85,0.0,-0.32,0.54,11.24,24.0,0.5,4.1
3290,Surat Trade,530185,Micro Cap,Manufacturing & Services,Diversified,4.63,8.56,102.82,0.0,9.67,49.35,3.71,25.0,0.5,4.1
3291,Kabra Jewels,KKJEWELS,Micro Cap,Manufacturing & Services,Diversified,98.0,4.15,102.75,0.0,6.56,98.4,20.43,26.0,0.5,4.1
3292,Minal Industries,MINALIND,Micro Cap,Manufacturing & Services,Diversified,5.35,277.49,102.67,0.0,2.37,13.11,1.42,27.0,0.5,4.1
3293,Fonebox Retail,FONEBOX,Micro Cap,Manufacturing & Services,Diversified,100.0,15.09,102.6,0.0,4.53,311.35,44.44,28.0,0.5,4.1
3294,Propshop Events,PROPSHOP,Micro Cap,Manufacturing & Services,Diversified,70.1,12.79,102.56,0.0,5.42,47.22,70.69,29.0,0.5,4.1
3295,Narmada Agrobase,NARMADA,Micro Cap,Manufacturing & Services,Diversified,13.51,28.55,102.5,0.0,0.75,22.26,8.95,30.0,0.5,4.1
3296,Ganga Papers,531813,Micro Cap,Manufacturing & Services,Diversified,95.0,57.26,102.49,0.0,0.5,86.01,7.51,31.0,0.5,4.1
3297,Shri Balaji,544074,Micro Cap,Manufacturing & Services,Diversified,125.6,11.97,102.49,0.0,5.19,55.46,17.87,32.0,0.5,4.1
3298,Paluck Technol.,544897,Micro Cap,IT & Software Services,IT & Software,49.14,7.39,102.32,0.0,0.0,0.0,39.46,63.0,1.0,8.4
3299,Cranes Software,512093,Micro Cap,IT & Software Services,IT & Software,5.33,0.0,102.31,0.0,-1.25,1.24,0.0,64.0,1.0,8.4
3300,Techknowgreen,543991,Micro Cap,Power Utilities & Cleantech,Renewable Energy & Power,138.5,10.5,102.25,0.0,6.77,24.24,28.1,15.0,2.0,13.2
3301,Mauria Udyog,539219,Micro Cap,Manufacturing & Services,Diversified,7.67,4.6,102.16,0.0,4.87,109.37,21.77,11.0,0.5,4.1
3302,Urban Enviro,URBAN,Micro Cap,Manufacturing & Services,Diversified,117.6,6.84,101.84,0.0,5.79,95.48,33.15,12.0,0.5,4.1
3303,Art Nirman Ltd,ARTNIRMAN,Micro Cap,Manufacturing & Services,Diversified,40.63,260.0,101.4,0.0,-0.2,2.11,5.85,13.0,0.5,4.1
3304,Newtime Infra.,531959,Micro Cap,Manufacturing & Services,Diversified,1.93,0.0,101.29,0.0,-1.03,0.72,-2.58,14.0,0.5,4.1
3305,Navkar Urban.,NAVKARURB,Micro Cap,Manufacturing & Services,Diversified,0.9,34.12,100.99,0.56,0.29,0.5,2.72,15.0,0.5,4.1
3306,Bhandari Hosiery,BHANDARI,Micro Cap,Manufacturing & Services,Diversified,3.03,13.54,100.89,0.33,1.3,50.85,7.74,16.0,0.5,4.1
3307,Maruti Infra.,531540,Micro Cap,Manufacturing & Services,Diversified,10.76,91.71,100.88,0.0,0.18,5.87,6.88,17.0,0.5,4.1
3308,Ultracab India,538706,Micro Cap,Manufacturing & Services,Diversified,8.2,20.25,100.83,0.0,1.07,79.36,8.41,18.0,0.5,4.1
3309,Anka India,531673,Micro Cap,Manufacturing & Services,Diversified,19.55,0.0,100.77,0.0,0.05,2.76,0.42,19.0,0.5,4.1
3310,DB Intl.Stock,DBSTOCKBRO,Micro Cap,Manufacturing & Services,Diversified,28.63,33.85,100.21,0.0,0.86,10.33,7.28,20.0,0.5,4.1
3311,Digjam,DIGJAMLMTD,Micro Cap,Manufacturing & Services,Diversified,49.96,25.89,99.92,0.0,0.82,7.46,5.21,21.0,0.5,4.1
3312,Aspira Pathlab,540788,Micro Cap,Pharmaceuticals & Healthcare,Pharma & Healthcare,97.0,0.0,99.84,0.0,-0.04,6.17,2.84,22.0,0.5,4.1
3313,Fascinate Textiles,FASCINATE,Micro Cap,Textiles & Apparel,Textiles,72.55,6.61,99.84,0.0,0.0,0.0,54.9,38.0,1.0,7.3
3314,Beardsell,BEARDSELL,Micro Cap,Manufacturing & Services,Diversified,25.31,9.25,99.82,0.4,2.26,72.2,16.72,24.0,0.5,4.1
3315,Lykis,530689,Micro Cap,Manufacturing & Services,Diversified,51.5,9.21,99.78,0.0,3.89,126.68,11.54,25.0,0.5,4.1
3316,JSL Industries,504080,Micro Cap,Manufacturing & Services,Diversified,849.0,30.02,99.66,0.0,0.43,14.52,9.93,26.0,0.5,4.1
3317,MILGREY FIN.&INV,511018,Micro Cap,Manufacturing & Services,Diversified,46.21,0.0,99.54,0.0,-0.09,23.54,-1.62,27.0,0.5,4.1
3318,Alliance Integ.,534064,Micro Cap,Manufacturing & Services,Diversified,2.52,0.0,99.53,0.0,-22.98,22.79,0.0,28.0,0.5,4.1
3319,Veerhealth Care,511523,Micro Cap,Manufacturing & Services,Diversified,49.76,75.96,99.51,0.0,1.23,24.93,7.21,29.0,0.5,4.1
3320,Sotac Pharma.,SOTAC,Micro Cap,Pharmaceuticals & Healthcare,Pharma & Healthcare,90.05,17.25,99.51,0.11,3.32,60.06,12.55,30.0,0.5,4.1
3321,Rishiroop,526492,Micro Cap,Manufacturing & Services,Diversified,108.5,9.28,99.43,1.38,12.68,25.05,5.34,31.0,0.5,4.1
3322,B & A Packaging,523186,Micro Cap,Manufacturing & Services,Diversified,200.4,12.81,99.4,0.5,2.41,41.94,11.04,32.0,0.5,4.1
3323,Calcom Vision,517236,Micro Cap,Manufacturing & Services,Diversified,71.01,91.95,99.31,0.0,0.1,60.08,6.61,33.0,0.5,4.1
3324,Resgen,543805,Micro Cap,Manufacturing & Services,Diversified,47.34,9.74,99.3,0.0,6.16,33.2,18.8,34.0,0.5,4.1
3325,Hind.Appliances,531918,Micro Cap,Manufacturing & Services,Diversified,99.0,0.0,99.26,0.0,-0.03,0.0,-0.22,10.0,0.5,4.1
3326,Pacific Inds,PACIFICI,Micro Cap,Manufacturing & Services,Diversified,143.82,35.92,99.13,0.0,1.69,63.92,1.09,11.0,0.5,4.1
3327,Acknit Indus.,530043,Micro Cap,Manufacturing & Services,Diversified,325.55,11.43,98.97,0.46,2.18,62.06,9.65,12.0,0.5,4.1
3328,Akar Auto Indust,530621,Micro Cap,Automotive & 2W/3W,Auto Ancillary & Components,91.67,210.4,98.89,0.65,0.47,78.12,12.41,53.0,1.0,7.3
3329,Classic Electrod,CLASSICEIL,Micro Cap,Manufacturing & Services,Diversified,54.95,7.79,98.72,0.0,6.2,120.81,19.34,14.0,0.5,4.1
3330,Narmadesh Brass,544680,Micro Cap,Manufacturing & Services,Diversified,318.0,27.78,98.61,0.0,-0.76,61.95,10.67,15.0,0.5,4.1
3331,Slone Infosys.,SLONE,Micro Cap,IT & Software Services,IT & Software,187.0,10.94,98.53,0.27,4.41,140.32,25.97,56.0,1.0,8.4
3332,BAG Films,BAGFILMS,Micro Cap,Manufacturing & Services,Diversified,4.51,20.91,98.28,0.0,3.57,38.59,4.58,17.0,0.5,4.1
3333,Jet Freight,JETFREIGHT,Micro Cap,Manufacturing & Services,Diversified,21.18,13.0,98.28,0.0,2.53,178.97,14.26,18.0,0.5,4.1
3334,Denis Chem Lab,537536,Micro Cap,Chemicals & Petrochemicals,Chemicals,70.7,12.29,98.11,3.54,2.05,44.0,14.01,19.0,0.5,4.1
3335,Sharp Chucks and,SCML,Micro Cap,Manufacturing & Services,Diversified,81.0,10.65,97.89,0.0,2.64,141.11,12.33,20.0,0.5,4.1
3336,Kesar Enterprise,507180,Micro Cap,Manufacturing & Services,Diversified,9.71,0.0,97.87,0.0,-18.53,0.04,-19.52,21.0,0.5,4.1
3337,Inventure Grow.,INVENTURE,Micro Cap,Manufacturing & Services,Diversified,0.93,38.0,97.65,0.0,4.61,13.16,2.22,22.0,0.5,4.1
3338,KCK Industries,KCK,Micro Cap,Manufacturing & Services,Diversified,15.35,232.45,97.63,0.0,0.4,21.37,1.83,23.0,0.5,4.1
3339,M P K Steels,544553,Micro Cap,Metals & Mining,Metals & Mining,95.0,15.96,96.72,0.0,4.4,166.27,18.96,24.0,2.0,13.2
3340,Kay Cee,KCEIL,Micro Cap,Manufacturing & Services,Diversified,79.1,5.14,96.69,0.0,9.61,80.98,22.3,25.0,0.5,4.1
3341,Jagsonpal Services,530601,Micro Cap,Manufacturing & Services,Diversified,53.1,0.0,96.67,0.0,-1.41,0.0,-35.47,26.0,0.5,4.1
3342,Viaz Tyres,VIAZ,Micro Cap,Automotive & 2W/3W,Auto Ancillary & Components,67.5,18.32,96.57,0.0,3.26,65.74,12.99,67.0,1.0,7.3
3343,Barak Valley,BVCL,Micro Cap,Manufacturing & Services,Diversified,43.48,47.7,96.35,0.0,3.06,60.87,4.48,28.0,0.5,4.1
3344,Purv Flexi,PURVFLEXI,Micro Cap,Manufacturing & Services,Diversified,45.8,21.6,96.1,0.0,-1.58,323.39,8.1,29.0,0.5,4.1
3345,Hilton Met.Forg.,HILTON,Micro Cap,Automotive & 2W/3W,Auto Ancillary & Components,18.63,18.76,95.88,0.0,1.81,58.96,5.64,70.0,1.0,7.3
3346,SAL Automotive,539353,Micro Cap,Automotive & 2W/3W,Auto Ancillary & Components,199.9,16.5,95.86,1.0,2.05,115.86,11.81,71.0,1.0,7.3
3347,Ken Enter.,KEN,Micro Cap,Manufacturing & Services,Diversified,39.0,6.22,95.81,0.0,9.86,358.98,24.99,32.0,0.5,4.1
3348,Rungta Irrigatn.,530449,Micro Cap,Manufacturing & Services,Diversified,48.09,22.38,95.8,0.0,0.13,18.25,7.62,33.0,0.5,4.1
3349,Rachit Prints,544503,Micro Cap,Manufacturing & Services,Diversified,194.0,20.91,95.76,0.0,2.1,27.04,20.79,34.0,0.5,4.1
3350,Utkal Speciality,UTKAL,Micro Cap,Manufacturing & Services,Diversified,48.95,13.1,95.62,0.0,0.0,0.0,27.01,10.0,0.5,4.1
3351,Party Cruisers,PARTYCRUS,Micro Cap,Manufacturing & Services,Diversified,79.7,7.61,95.56,0.0,10.04,111.27,34.58,11.0,0.5,4.1
3352,Retaggio Indust.,544391,Micro Cap,Manufacturing & Services,Diversified,46.63,10.67,95.54,0.0,1.23,13.15,20.83,12.0,0.5,4.1
3353,Renol Polychem,RNPL,Micro Cap,Chemicals & Petrochemicals,Chemicals,79.0,11.57,95.47,0.0,5.87,49.92,14.5,13.0,0.5,4.1
3354,Ambani Orgochem,AMBANIORGO,Micro Cap,Chemicals & Petrochemicals,Chemicals,110.0,69.87,95.02,0.0,1.16,133.09,10.48,14.0,0.5,4.1
3355,Highness Microelectronics,544741,Micro Cap,Manufacturing & Services,Diversified,183.8,23.15,94.91,0.0,3.18,8.77,28.34,15.0,0.5,4.1
3356,Photon Capital,509084,Micro Cap,Manufacturing & Services,Diversified,348.05,82.23,94.57,0.0,0.16,0.25,6.18,16.0,0.5,4.1
3357,Parmeshwari Silk,540467,Micro Cap,Manufacturing & Services,Diversified,314.8,10.24,94.47,0.0,2.49,61.46,11.33,17.0,0.5,4.1
3358,Dynavision,517238,Micro Cap,Manufacturing & Services,Diversified,245.65,10.77,94.33,0.0,2.3,3.92,17.34,18.0,0.5,4.1
3359,Mangalam Alloys,MAL,Micro Cap,Manufacturing & Services,Diversified,38.2,6.42,94.3,0.0,2.91,219.13,13.06,19.0,0.5,4.1
3360,Shetron,526137,Micro Cap,Manufacturing & Services,Diversified,104.7,22.07,94.23,0.96,1.89,86.37,12.59,20.0,0.5,4.1
3361,Titan Intech,521005,Micro Cap,IT & Software Services,IT & Software,1.0,16.54,94.13,0.0,0.74,7.32,5.87,46.0,1.0,8.4
3362,Nath Industries,502587,Micro Cap,Manufacturing & Services,Diversified,49.51,13.98,94.07,0.0,3.85,160.39,5.44,22.0,0.5,4.1
3363,Arabian Petrol.,ARABIAN,Micro Cap,Manufacturing & Services,Diversified,86.25,8.34,93.94,0.0,5.21,200.25,18.41,23.0,0.5,4.1
3364,James Warren Tea,538564,Micro Cap,Manufacturing & Services,Diversified,253.7,12.3,93.87,0.0,9.45,17.43,6.93,24.0,0.5,4.1
3365,Konstelec Engg.,KONSTELEC,Micro Cap,Manufacturing & Services,Diversified,62.05,12.84,93.7,0.0,5.75,105.57,11.31,25.0,0.5,4.1
3366,Excellent Wires,EXCELLENT,Micro Cap,Manufacturing & Services,Diversified,209.5,62.02,93.65,0.0,1.06,12.72,9.68,26.0,0.5,4.1
3367,Asston Pharmaceu,544445,Micro Cap,Pharmaceuticals & Healthcare,Pharma & Healthcare,109.95,24.18,93.59,0.0,0.48,10.05,16.8,27.0,0.5,4.1
3368,Marushika Tech.,MARUSHIKA,Micro Cap,IT & Software Services,IT & Software,109.6,10.36,93.56,0.0,5.92,67.79,33.99,53.0,1.0,8.4
3369,Mukesh Babu Fin.,MUKESHB,Micro Cap,Manufacturing & Services,Diversified,133.91,28.19,93.35,0.9,1.21,3.68,3.33,29.0,0.5,4.1
3370,Moxsh Overseas,MOXSH,Micro Cap,Manufacturing & Services,Diversified,99.0,43.18,93.27,0.0,4.19,9.39,23.68,30.0,0.5,4.1
3371,Upsurge Seeds,USASEEDS,Micro Cap,Manufacturing & Services,Diversified,92.4,12.46,93.19,0.0,4.94,63.6,11.0,31.0,0.5,4.1
3372,ICDS,ICDSLTD,Micro Cap,Manufacturing & Services,Diversified,71.45,143.2,93.08,0.0,0.93,0.61,7.23,32.0,0.5,4.1
3373,Paragon Fine,PARAGON,Micro Cap,Manufacturing & Services,Diversified,47.5,10.27,92.94,0.0,7.06,68.88,12.78,33.0,0.5,4.1
3374,Indian Infotech,509051,Micro Cap,IT & Software Services,IT & Software,0.55,193.58,92.92,0.0,1.75,5.28,0.65,59.0,1.0,8.4
3375,Panyam Cement,500322,Micro Cap,Cement & Building Materials,Cement & Materials,115.7,0.0,92.81,0.0,17.51,40.21,1.64,30.0,2.0,13.2
3376,Sellowrap Indus.,SELLOWRAP,Micro Cap,Manufacturing & Services,Diversified,67.5,9.81,92.77,0.0,2.19,59.86,14.43,11.0,0.5,4.1
3377,Patel Integrated,PATINTLOG,Micro Cap,Manufacturing & Services,Diversified,13.32,8.85,92.69,1.5,2.51,113.47,8.06,12.0,0.5,4.1
3378,Service Care Ltd,SERVICE,Micro Cap,Manufacturing & Services,Diversified,69.45,18.44,92.57,0.0,2.55,101.11,10.78,13.0,0.5,4.1
3379,Guj. Containers,513507,Micro Cap,Manufacturing & Services,Diversified,163.45,9.75,92.35,0.92,3.76,46.58,16.32,14.0,0.5,4.1
3380,ABH Healthcare,ABH,Micro Cap,Manufacturing & Services,Diversified,80.7,16.07,92.24,0.0,0.0,0.0,19.9,15.0,0.5,4.1
3381,Regency Ceramics,REGENCERAM,Micro Cap,Cement & Building Materials,Cement & Materials,34.86,0.0,92.17,0.0,-2.57,18.33,-116.47,36.0,2.0,13.2
3382,Anand Rayons,542721,Micro Cap,Manufacturing & Services,Diversified,42.04,8.47,92.1,0.0,2.32,95.58,10.41,17.0,0.5,4.1
3383,Yajur Fibres,544676,Micro Cap,Manufacturing & Services,Diversified,40.4,12.19,91.64,0.0,5.47,50.89,9.12,18.0,0.5,4.1
3384,Sanrhea Tech.,514280,Micro Cap,IT & Software Services,IT & Software,161.0,13.67,91.61,0.93,2.0,28.34,23.23,69.0,1.0,8.4
3385,Munoth Capital,511200,Micro Cap,Manufacturing & Services,Diversified,99.75,0.0,91.43,0.0,-0.03,0.09,-3.08,20.0,0.5,4.1
3386,Super Iron,544381,Micro Cap,Metals & Mining,Metals & Mining,39.0,5.48,91.24,0.0,16.31,179.89,8.97,41.0,2.0,13.2
3387,NIS Management,544495,Micro Cap,Manufacturing & Services,Diversified,46.05,3.29,91.18,0.0,6.4,114.49,12.05,22.0,0.5,4.1
3388,SEL Mfg. Co,SELMC,Micro Cap,Manufacturing & Services,Diversified,27.5,0.0,91.12,0.0,-42.0,3.01,-13.9,23.0,0.5,4.1
3389,Parmax Pharma,540359,Micro Cap,Pharmaceuticals & Healthcare,Pharma & Healthcare,132.45,0.0,91.11,0.0,2.2,8.22,-82.96,24.0,0.5,4.1
3390,Delaplex,DELAPLEX,Micro Cap,Manufacturing & Services,Diversified,100.0,7.1,91.1,0.0,5.71,31.72,20.14,25.0,0.5,4.1
3391,Mehai Technology,540730,Micro Cap,IT & Software Services,IT & Software,1.21,11.61,90.58,0.0,1.23,18.97,6.69,76.0,1.0,8.4
3392,V R Infraspace,VR,Micro Cap,Manufacturing & Services,Diversified,102.0,23.11,90.58,0.0,4.27,55.67,19.2,27.0,0.5,4.1
3393,Ceenik Exports,531119,Micro Cap,Manufacturing & Services,Diversified,225.2,0.0,90.53,5.55,1.35,0.0,-18.75,28.0,0.5,4.1
3394,Landmark Prop.,LPDC,Micro Cap,Manufacturing & Services,Diversified,6.73,10.67,90.28,0.0,6.96,9.0,4.86,29.0,0.5,4.1
3395,Palash Securi.,PALASHSECU,Micro Cap,Manufacturing & Services,Diversified,90.17,5.58,90.2,0.0,-1.47,0.31,2.65,30.0,0.5,4.1
3396,Porwal Auto Comp,532933,Micro Cap,Automotive & 2W/3W,Auto Ancillary & Components,53.5,6.87,90.17,0.0,3.01,35.23,18.01,71.0,1.0,7.3
3397,Mercury Labs,538964,Micro Cap,Pharmaceuticals & Healthcare,Pharma & Healthcare,751.0,20.48,90.12,0.47,0.3,15.96,12.06,32.0,0.5,4.1
3398,Pankaj Polymers,531280,Micro Cap,Manufacturing & Services,Diversified,162.45,31.94,90.06,0.0,0.45,0.96,19.12,33.0,0.5,4.1
3399,Sadbhav Infra.,SADBHIN,Micro Cap,Manufacturing & Services,Diversified,2.55,1.08,89.82,0.0,52.95,200.26,17.62,34.0,0.5,4.1
3400,Sarthak Metals,SMLT,Micro Cap,Metals & Mining,Metals & Mining,65.59,18.4,89.79,0.76,1.33,55.21,5.76,25.0,2.0,13.2
3401,Simran Farms,519566,Micro Cap,Manufacturing & Services,Diversified,186.35,17.47,89.63,0.0,0.83,213.93,13.72,11.0,0.5,4.1
3402,Yuvraaj Hygiene,531663,Micro Cap,Manufacturing & Services,Diversified,9.87,19.75,89.48,0.0,1.93,16.21,29.67,12.0,0.5,4.1
3403,Asit C Mehta Fin,530723,Micro Cap,Manufacturing & Services,Diversified,108.0,0.0,89.06,0.0,4.85,11.24,5.79,13.0,0.5,4.1
3404,Shilp Gravures,SHILGRAVQ,Micro Cap,Manufacturing & Services,Diversified,144.8,10.44,89.05,1.45,3.35,25.2,11.19,14.0,0.5,4.1
3405,Chetana Educa.,CHETANA,Micro Cap,Manufacturing & Services,Diversified,43.65,6.43,89.05,0.0,4.05,50.71,18.84,15.0,0.5,4.1
3406,Landsmill Green,LANDSMILL,Micro Cap,Power Utilities & Cleantech,Renewable Energy & Power,0.63,45.11,88.87,0.0,0.85,0.0,0.59,31.0,2.0,13.2
3407,Moksh Ornaments,MOKSH,Micro Cap,Manufacturing & Services,Diversified,10.07,8.43,88.87,0.0,3.1,267.63,11.43,17.0,0.5,4.1
3408,Aakaar Medical,AAKAAR,Micro Cap,Manufacturing & Services,Diversified,62.7,13.38,88.86,0.0,7.42,41.64,18.46,18.0,0.5,4.1
3409,Goyal Aluminiums,GOYALALUM,Micro Cap,Manufacturing & Services,Diversified,6.22,18.42,88.78,0.0,0.92,19.5,10.14,19.0,0.5,4.1
3410,Shri Vasuprada,VASUPRADA,Micro Cap,Manufacturing & Services,Diversified,107.1,0.0,88.73,0.0,-1.7,32.83,-0.67,20.0,0.5,4.1
3411,Arunjyoti Bio,530881,Micro Cap,Manufacturing & Services,Diversified,4.76,0.0,88.72,0.0,0.61,8.2,-0.42,21.0,0.5,4.1
3412,Aakash Explor.,AAKASH,Micro Cap,Manufacturing & Services,Diversified,8.75,25.46,88.59,0.0,0.52,27.89,7.93,22.0,0.5,4.1
3413,Reliance Home,RHFL,Micro Cap,Manufacturing & Services,Diversified,1.82,0.0,88.28,0.0,-0.69,0.0,-432.21,23.0,0.5,4.1
3414,BLB,BLBLIMITED,Micro Cap,Manufacturing & Services,Diversified,16.68,3.22,88.18,0.0,5.54,93.22,40.25,24.0,0.5,4.1
3415,K&R Rail Engine.,514360,Micro Cap,Manufacturing & Services,Diversified,23.13,0.0,88.15,0.0,-17.34,15.21,-18.75,25.0,0.5,4.1
3416,SPL Industries,SPLIL,Micro Cap,Manufacturing & Services,Diversified,30.39,10.66,88.13,0.0,2.13,19.4,1.78,26.0,0.5,4.1
3417,WOL 3D India,WOL3D,Micro Cap,Manufacturing & Services,Diversified,136.5,13.2,88.07,0.0,2.84,56.06,20.65,27.0,0.5,4.1
3418,Rel. Chemotex,RELCHEMQ,Micro Cap,Chemicals & Petrochemicals,Chemicals,116.73,15.81,88.06,0.43,1.37,98.82,7.34,28.0,0.5,4.1
3419,Galaxy Supermarket,506186,Micro Cap,Manufacturing & Services,Diversified,17.63,1462.67,87.76,0.0,-0.46,12.23,60.3,29.0,0.5,4.1
3420,Hisar Met.Inds.,HISARMETAL,Micro Cap,Metals & Mining,Metals & Mining,162.19,18.4,87.58,0.62,1.8,64.42,7.92,15.0,2.0,13.2
3421,Guj. State Fin.,532160,Micro Cap,Manufacturing & Services,Diversified,9.82,0.0,87.51,0.0,-19.68,0.0,0.0,31.0,0.5,4.1
3422,Aban Offshore,ABAN,Micro Cap,Manufacturing & Services,Diversified,14.99,0.0,87.49,0.0,1.8,99.12,0.0,32.0,0.5,4.1
3423,Victoria Mills,503349,Micro Cap,Textiles & Apparel,Textiles,8833.85,11.23,87.46,0.57,2.89,19.5,10.53,48.0,1.0,7.3
3424,Prerna Infra.,531802,Micro Cap,Manufacturing & Services,Diversified,24.15,24.1,87.25,0.0,0.13,1.53,3.84,34.0,0.5,4.1
3425,Deepak Chemtex,544036,Micro Cap,Chemicals & Petrochemicals,Chemicals,80.28,10.3,87.22,0.0,4.14,36.71,19.47,10.0,0.5,4.1
3426,Zeal Global Serv,ZEAL,Micro Cap,Manufacturing & Services,Diversified,65.5,7.82,87.18,0.0,6.53,114.2,16.57,11.0,0.5,4.1
3427,Rajnandini Metal,RAJMET,Micro Cap,Metals & Mining,Metals & Mining,3.15,41.67,87.09,0.0,0.39,51.95,3.85,22.0,2.0,13.2
3428,Kandarp Digi,KANDARP,Micro Cap,Manufacturing & Services,Diversified,97.0,47.05,87.04,0.0,1.13,16.35,11.22,13.0,0.5,4.1
3429,Shree OSFM,SHREEOSFM,Micro Cap,Manufacturing & Services,Diversified,56.5,11.48,87.03,0.0,2.71,76.92,12.3,14.0,0.5,4.1
3430,Premier Roadline,PRLIND,Micro Cap,Manufacturing & Services,Diversified,38.05,6.35,86.99,0.0,6.04,189.79,14.83,15.0,0.5,4.1
3431,Narmada Macplast,517431,Micro Cap,Manufacturing & Services,Diversified,23.98,50.22,86.88,0.04,0.45,3.69,26.46,16.0,0.5,4.1
3432,Inter Globe Fin,511391,Micro Cap,Manufacturing & Services,Diversified,64.0,0.0,86.81,0.0,1.41,52.81,3.17,17.0,0.5,4.1
3433,Womancart,WOMANCART,Micro Cap,Manufacturing & Services,Diversified,105.7,10.63,86.81,0.0,3.76,32.56,12.63,18.0,0.5,4.1
3434,M E T S,538401,Micro Cap,Manufacturing & Services,Diversified,157.45,11.57,86.76,0.0,1.53,9.66,23.47,19.0,0.5,4.1
3435,Dev Labtech,543848,Micro Cap,IT & Software Services,IT & Software,18.25,9.05,86.6,0.0,9.23,117.94,20.95,80.0,1.0,8.4
3436,Clara Industries,543435,Micro Cap,Manufacturing & Services,Diversified,33.69,48.05,86.49,0.0,1.18,9.43,4.73,21.0,0.5,4.1
3437,Semac Construct,SEMAC,Micro Cap,Manufacturing & Services,Diversified,277.25,13.04,86.43,0.0,0.4,30.42,10.0,22.0,0.5,4.1
3438,Praxis Home,PRAXIS,Micro Cap,Banking & Financial Services,BFSI,4.65,0.0,86.4,0.0,-11.06,26.6,-26.18,23.0,0.5,4.1
3439,Banka Bioloo,BANKA,Micro Cap,Banking & Financial Services,BFSI,79.0,135.73,86.36,0.0,-0.04,10.55,5.06,24.0,0.5,4.1
3440,Amwill Health,544353,Micro Cap,Manufacturing & Services,Diversified,43.0,7.53,86.02,1.16,7.55,24.29,20.52,25.0,0.5,4.1
3441,Texel Industries,526638,Micro Cap,Manufacturing & Services,Diversified,60.93,15.41,85.86,0.0,1.06,28.48,10.94,26.0,0.5,4.1
3442,Addi Industries,ADDIND,Micro Cap,Manufacturing & Services,Diversified,79.34,35.54,85.66,0.0,0.89,2.09,4.37,27.0,0.5,4.1
3443,Silicon Rental,543615,Micro Cap,Banking & Financial Services,BFSI,74.96,8.36,85.6,1.33,5.68,52.46,12.57,28.0,0.5,4.1
3444,T & I Global,522294,Micro Cap,Manufacturing & Services,Diversified,168.85,13.78,85.57,0.0,1.83,30.28,10.46,29.0,0.5,4.1
3445,Mangalam Industr,537800,Micro Cap,Manufacturing & Services,Diversified,0.6,0.0,85.51,1.67,1.28,1.52,-1.93,30.0,0.5,4.1
3446,Invicta Diagnos.,INVICTA,Micro Cap,Manufacturing & Services,Diversified,68.0,19.17,85.49,0.0,0.79,15.41,19.43,31.0,0.5,4.1
3447,Prime Industries,519299,Micro Cap,Manufacturing & Services,Diversified,40.7,9.6,85.48,0.0,1.07,8.97,26.87,32.0,0.5,4.1
3448,Sodhani Academy,544257,Micro Cap,Manufacturing & Services,Diversified,150.0,88.99,85.43,0.5,1.43,1.58,12.76,33.0,0.5,4.1
3449,Umiya Mobile,544464,Micro Cap,Manufacturing & Services,Diversified,60.0,9.28,85.32,0.0,5.41,470.91,30.97,34.0,0.5,4.1
3450,Kakatiya Cement,KAKATCEM,Micro Cap,Cement & Building Materials,Cement & Materials,109.6,0.0,85.2,2.74,-6.37,17.95,-7.54,15.0,2.0,13.2
3451,Globe Enterprises,GLOBE,Micro Cap,Manufacturing & Services,Diversified,1.89,7.99,85.13,0.0,2.91,184.51,10.86,11.0,0.5,4.1
3452,Cravatex,CRAVATEX,Micro Cap,Manufacturing & Services,Diversified,329.5,9.87,85.01,3.95,0.44,32.22,7.82,12.0,0.5,4.1
3453,Ideal Technopl.,IDEALTECHO,Micro Cap,IT & Software Services,IT & Software,170.0,30.58,85.0,0.0,0.98,17.32,12.16,58.0,1.0,8.4
3454,Fortis Malar,523696,Micro Cap,Manufacturing & Services,Diversified,45.29,652.92,84.88,0.0,0.15,0.0,14.65,14.0,0.5,4.1
3455,Repono,544463,Micro Cap,Manufacturing & Services,Diversified,82.45,12.88,84.75,0.0,3.53,34.78,27.52,15.0,0.5,4.1
3456,Ashapura Logi.,ASHALOG,Micro Cap,Capital Goods & Engineering,Capital Goods,62.5,9.39,84.73,0.0,2.55,153.32,9.63,16.0,0.5,4.1
3457,Deep Polymers,DEEP,Micro Cap,Manufacturing & Services,Diversified,35.0,11.87,84.63,0.0,1.91,30.08,8.75,17.0,0.5,4.1
3458,MRC Agrotech,540809,Micro Cap,IT & Software Services,IT & Software,27.0,55.64,84.58,0.0,0.41,26.67,3.07,63.0,1.0,8.4
3459,Prithvi Exchange,531688,Micro Cap,Manufacturing & Services,Diversified,102.5,27.45,84.56,1.95,0.71,1108.23,8.98,19.0,0.5,4.1
3460,Jetking Infotrai,517063,Micro Cap,Manufacturing & Services,Diversified,134.15,0.0,84.56,0.0,-1.34,5.32,-1.42,20.0,0.5,4.1
3461,Creative Casting,539527,Micro Cap,Manufacturing & Services,Diversified,650.05,16.22,84.51,1.92,1.58,13.97,14.33,21.0,0.5,4.1
3462,Piccadily Sugar,507498,Micro Cap,Manufacturing & Services,Diversified,36.3,301.43,84.4,0.0,0.35,0.0,1.56,22.0,0.5,4.1
3463,Standard Surfact,526231,Micro Cap,Manufacturing & Services,Diversified,102.11,6.96,84.36,0.0,6.3,102.38,10.3,23.0,0.5,4.1
3464,Tomorrow Tech.,512018,Micro Cap,IT & Software Services,IT & Software,7.33,0.0,84.15,0.0,0.16,0.01,-3.39,69.0,1.0,8.4
3465,Zenith Steel,ZENITHSTL,Micro Cap,Metals & Mining,Metals & Mining,5.9,30.2,83.95,0.0,0.44,7.18,0.0,30.0,2.0,13.2
3466,Mysore Petro,MYSORPETRO,Micro Cap,Manufacturing & Services,Diversified,127.12,7.77,83.69,1.57,9.56,11.44,0.34,26.0,0.5,4.1
3467,Mizzen Ventures,531537,Micro Cap,Manufacturing & Services,Diversified,38.0,557.2,83.58,0.0,-0.53,0.46,3.64,27.0,0.5,4.1
3468,Saumya Cons,539218,Micro Cap,Manufacturing & Services,Diversified,121.0,0.0,83.57,0.0,15.2,18.38,-5.33,28.0,0.5,4.1
3469,Mayasheel Vent.,MAYASHEEL,Micro Cap,Manufacturing & Services,Diversified,37.9,5.14,83.57,0.0,3.28,125.87,27.59,29.0,0.5,4.1
3470,Terai Tea Co,TERAI,Micro Cap,Manufacturing & Services,Diversified,121.43,12.14,83.54,0.0,6.75,6.23,3.87,30.0,0.5,4.1
3471,Cenlub Industrie,522251,Micro Cap,Manufacturing & Services,Diversified,178.85,10.33,83.4,0.0,1.67,17.09,13.57,31.0,0.5,4.1
3472,Readymix Cons.,READYMIX,Micro Cap,Manufacturing & Services,Diversified,76.0,11.13,83.28,0.0,6.71,62.96,15.99,32.0,0.5,4.1
3473,Sarda Proteins,519242,Micro Cap,Manufacturing & Services,Diversified,92.66,29.92,83.17,0.0,1.66,12.99,23.06,33.0,0.5,4.1
3474,Kaytex Fabrics,KAYTEX,Micro Cap,Manufacturing & Services,Diversified,56.5,4.76,83.05,0.0,8.83,86.65,23.25,34.0,0.5,4.1
3475,Vilin Bio Med,VILINBIO,Micro Cap,Manufacturing & Services,Diversified,54.25,42.87,82.73,0.0,1.78,32.6,10.77,10.0,0.5,4.1
3476,Lakshya Powertec,LAKSHYA,Micro Cap,Power Utilities & Cleantech,Renewable Energy & Power,81.8,8.14,82.49,0.0,3.28,91.23,13.48,41.0,2.0,13.2
3477,WSFX Global,511147,Micro Cap,Manufacturing & Services,Diversified,65.01,13.15,82.48,2.31,0.3,23.23,18.46,12.0,0.5,4.1
3478,Chowgule Steam,501833,Micro Cap,Manufacturing & Services,Diversified,22.71,374.82,82.46,0.0,0.64,0.82,2.52,13.0,0.5,4.1
3479,Ironwood Educa,508918,Micro Cap,Metals & Mining,Metals & Mining,49.1,13.87,82.39,0.0,0.85,11.56,15.64,44.0,2.0,13.2
3480,Indian Link Ch.,504746,Micro Cap,Manufacturing & Services,Diversified,307.0,0.0,82.12,0.0,-0.07,0.0,-1.6,15.0,0.5,4.1
3481,Cambridge Tech.,CTE,Micro Cap,IT & Software Services,IT & Software,41.82,11.8,82.1,0.0,7.08,48.37,6.06,46.0,1.0,8.4
3482,Shalimar Wires,532455,Micro Cap,Capital Goods & Engineering,Capital Goods,19.2,9.23,82.09,0.0,2.2,37.4,16.74,17.0,0.5,4.1
3483,Sunil Healthcare,SUNLOC,Micro Cap,Manufacturing & Services,Diversified,79.98,22.23,82.02,0.0,0.46,18.99,6.52,18.0,0.5,4.1
3484,My Mudra Fin.,MYMUDRA,Micro Cap,Manufacturing & Services,Diversified,72.0,6.84,82.02,0.0,6.63,58.89,26.27,19.0,0.5,4.1
3485,TPI India,500421,Micro Cap,Chemicals & Petrochemicals,Chemicals,19.08,27.41,81.97,0.0,0.39,8.71,128.93,20.0,0.5,4.1
3486,Apt Packaging,506979,Micro Cap,Manufacturing & Services,Diversified,69.29,23.87,81.86,0.0,1.82,10.74,9.21,21.0,0.5,4.1
3487,Cinevista,CINEVISTA,Micro Cap,Manufacturing & Services,Diversified,14.24,13.39,81.79,0.0,1.0,7.49,14.45,22.0,0.5,4.1
3488,Drone Destinatio,DRONE,Micro Cap,Manufacturing & Services,Diversified,33.5,69.86,81.74,0.0,-0.34,20.22,6.16,23.0,0.5,4.1
3489,Transcorp Intl.,TRANSCOR,Micro Cap,Manufacturing & Services,Diversified,25.49,8.54,81.6,2.35,2.18,284.99,15.3,24.0,0.5,4.1
3490,KG Petrochem,531609,Micro Cap,Chemicals & Petrochemicals,Chemicals,156.0,29.3,81.45,0.0,0.49,57.75,4.37,25.0,0.5,4.1
3491,Kshitij Polyline,KSHITIJPOL,Micro Cap,Manufacturing & Services,Diversified,3.3,20.94,81.44,0.0,0.47,14.35,8.07,26.0,0.5,4.1
3492,Flomic Global,504380,Micro Cap,Manufacturing & Services,Diversified,44.81,15.22,81.41,0.22,2.06,120.0,7.69,27.0,0.5,4.1
3493,Maitreya Medica.,MAITREYA,Micro Cap,Manufacturing & Services,Diversified,120.0,0.0,81.31,0.0,-2.43,21.15,-2.18,28.0,0.5,4.1
3494,Confidence Fut.,CFEL,Micro Cap,Manufacturing & Services,Diversified,32.48,11.3,81.26,0.77,1.17,35.84,3.28,29.0,0.5,4.1
3495,Gem Enviro,544199,Micro Cap,Manufacturing & Services,Diversified,35.97,17.44,81.11,0.7,1.23,40.73,12.06,30.0,0.5,4.1
3496,Shervani Indl Sy,SHERVANI,Micro Cap,Manufacturing & Services,Diversified,315.1,311.81,81.07,0.79,1.33,4.6,1.35,31.0,0.5,4.1
3497,Uma Exports,UMAEXPORTS,Micro Cap,Manufacturing & Services,Diversified,23.97,900.44,81.04,0.0,-0.32,208.41,9.25,32.0,0.5,4.1
3498,Indian Acrylics,514165,Micro Cap,Banking & Financial Services,BFSI,5.98,0.0,80.92,0.0,-1.67,106.94,-3.31,33.0,0.5,4.1
3499,Universal Starch,524408,Micro Cap,Manufacturing & Services,Diversified,192.5,4.28,80.85,0.0,3.25,147.46,18.45,34.0,0.5,4.1
3500,RTS Power Corpn.,RTSPOWR,Micro Cap,Power Utilities & Cleantech,Renewable Energy & Power,88.08,30.36,80.76,0.0,1.98,31.04,3.52,35.0,2.0,13.2
3501,Orient Press,ORIENTLTD,Micro Cap,Manufacturing & Services,Diversified,80.65,0.0,80.65,0.0,-1.25,21.53,3.48,11.0,0.5,4.1
3502,Sharika Enterpr.,540786,Micro Cap,Manufacturing & Services,Diversified,18.62,0.0,80.62,0.0,0.3,22.2,-21.98,12.0,0.5,4.1
3503,Ameya Precision,AMEYA,Micro Cap,Manufacturing & Services,Diversified,107.15,14.77,80.36,0.0,2.71,20.01,24.91,13.0,0.5,4.1
3504,Jyoti Global,JYOTIGLOBL,Micro Cap,Manufacturing & Services,Diversified,40.3,11.27,79.87,0.0,3.52,51.6,19.51,14.0,0.5,4.1
3505,Droneacharya Aer,543713,Micro Cap,Manufacturing & Services,Diversified,33.28,210.08,79.83,0.0,-1.56,5.09,1.03,15.0,0.5,4.1
3506,Restile Ceramics,515085,Micro Cap,Cement & Building Materials,Cement & Materials,8.12,0.0,79.8,0.0,-0.16,1.67,-1.04,41.0,2.0,13.2
3507,Radhe Develop.,531273,Micro Cap,Manufacturing & Services,Diversified,1.45,0.0,79.59,0.0,-1.2,0.0,4.33,17.0,0.5,4.1
3508,Identixweb,544388,Micro Cap,Manufacturing & Services,Diversified,76.1,14.85,79.46,0.0,2.51,7.26,26.63,18.0,0.5,4.1
3509,Essex Marine,544475,Micro Cap,Manufacturing & Services,Diversified,51.98,12.43,79.33,0.0,2.96,28.0,20.27,19.0,0.5,4.1
3510,Sham Foam,544869,Micro Cap,Manufacturing & Services,Diversified,68.9,9.15,79.17,0.0,0.0,0.0,45.61,20.0,0.5,4.1
3511,Mega Nirman,539767,Micro Cap,Manufacturing & Services,Diversified,30.86,138.86,79.15,0.0,0.03,2.4,1.85,21.0,0.5,4.1
3512,R S Software (I),RSSOFTWARE,Micro Cap,IT & Software Services,IT & Software,30.61,0.0,79.07,0.82,-7.48,5.88,-51.85,77.0,1.0,8.4
3513,Saptarishi Agro,519238,Micro Cap,Manufacturing & Services,Diversified,23.19,0.0,78.9,0.0,-1.29,30.23,6.06,23.0,0.5,4.1
3514,Kovil. Lak. Rol.,507598,Micro Cap,Manufacturing & Services,Diversified,87.15,18.41,78.8,1.15,1.09,92.27,10.84,24.0,0.5,4.1
3515,G M Polyplast,543239,Micro Cap,Manufacturing & Services,Diversified,58.5,9.52,78.74,0.0,4.77,58.42,25.69,25.0,0.5,4.1
3516,Nukleus Office,544370,Micro Cap,Manufacturing & Services,Diversified,195.0,36.74,78.62,0.0,0.97,18.56,7.08,26.0,0.5,4.1
3517,BITS,526709,Micro Cap,Manufacturing & Services,Diversified,7.02,103.34,78.54,0.0,0.16,0.44,3.67,27.0,0.5,4.1
3518,Nilachal Refract,502294,Micro Cap,Capital Goods & Engineering,Capital Goods,38.49,0.0,78.37,0.0,-0.55,0.0,-6.32,28.0,0.5,4.1
3519,Sharda Ispat,513548,Micro Cap,Automotive & 2W/3W,Auto Ancillary & Components,154.05,10.35,78.26,0.0,1.64,71.15,11.42,44.0,1.0,7.3
3520,Sanmit Infra,532435,Micro Cap,Manufacturing & Services,Diversified,49.35,25.24,77.98,0.0,2.05,24.36,0.0,30.0,0.5,4.1
3521,Garnet Construct,526727,Micro Cap,Manufacturing & Services,Diversified,56.03,3.85,77.88,0.0,-1.04,-0.13,41.03,31.0,0.5,4.1
3522,Wallfort Fin.,532053,Micro Cap,Manufacturing & Services,Diversified,80.38,38.94,77.87,0.0,20.27,26.73,-2.2,32.0,0.5,4.1
3523,Polychem,506605,Micro Cap,Chemicals & Petrochemicals,Chemicals,1944.7,5.84,77.79,1.03,0.72,12.13,56.44,33.0,0.5,4.1
3524,New Swan,544082,Micro Cap,Manufacturing & Services,Diversified,40.9,8.1,77.78,1.22,4.68,95.16,13.44,34.0,0.5,4.1
3525,Suntech Infra.,SUNTECH,Micro Cap,IT & Software Services,IT & Software,40.05,5.68,77.55,0.0,10.73,108.64,16.29,50.0,1.0,8.4
3526,Ravelcare,544629,Micro Cap,Manufacturing & Services,Diversified,112.95,15.04,77.47,0.0,1.95,12.56,29.61,11.0,0.5,4.1
3527,Taylormade Renew,541228,Micro Cap,Power Utilities & Cleantech,Renewable Energy & Power,62.3,83.96,77.24,0.0,-1.62,1.88,3.39,32.0,2.0,13.2
3528,Ashnoor Textile,507872,Micro Cap,Textiles & Apparel,Textiles,48.4,5.61,77.11,0.0,9.91,34.18,9.94,53.0,1.0,7.3
3529,Cella Space,532701,Micro Cap,Manufacturing & Services,Diversified,38.26,16.98,77.1,0.0,3.23,5.31,14.83,14.0,0.5,4.1
3530,Indian Emuls,IEML,Micro Cap,Manufacturing & Services,Diversified,42.05,4.76,77.09,0.0,5.93,82.89,15.18,15.0,0.5,4.1
3531,Noida Tollbridg.,NOIDATOLL,Micro Cap,Manufacturing & Services,Diversified,4.14,2.72,77.08,0.0,5.32,11.38,162.47,16.0,0.5,4.1
3532,Gujarat Peanut,544548,Micro Cap,Manufacturing & Services,Diversified,75.0,10.43,76.97,0.0,4.2,212.5,17.93,17.0,0.5,4.1
3533,Siyaram Recycli.,544047,Micro Cap,Manufacturing & Services,Diversified,35.32,20.31,76.96,0.0,0.71,149.84,7.34,18.0,0.5,4.1
3534,Khaitan (India),KHAITANLTD,Micro Cap,Manufacturing & Services,Diversified,162.0,11.06,76.95,0.0,2.44,41.45,20.1,19.0,0.5,4.1
3535,Vdeal System,VDEAL,Micro Cap,Manufacturing & Services,Diversified,157.0,18.46,76.78,0.0,2.88,28.35,17.18,20.0,0.5,4.1
3536,Capricorn System,512169,Micro Cap,Manufacturing & Services,Diversified,27.38,264.1,76.59,0.0,0.09,8.18,1.31,21.0,0.5,4.1
3537,Betex India,512477,Micro Cap,Manufacturing & Services,Diversified,510.5,12.94,76.58,0.0,0.29,22.84,18.56,22.0,0.5,4.1
3538,COSCO (India),530545,Micro Cap,Manufacturing & Services,Diversified,183.0,66.22,76.15,0.0,0.7,54.95,4.89,23.0,0.5,4.1
3539,Std. Capital Mkt,511700,Micro Cap,Manufacturing & Services,Diversified,0.31,26.89,76.09,0.0,-62.82,10.83,16.8,24.0,0.5,4.1
3540,Lead Reclaim,LRRPL,Micro Cap,Manufacturing & Services,Diversified,88.0,18.59,76.04,0.0,3.1,17.92,21.28,25.0,0.5,4.1
3541,Supreme Engg.,SUPREMEENG,Micro Cap,Manufacturing & Services,Diversified,3.03,0.0,75.73,0.0,-0.09,4.36,1.27,26.0,0.5,4.1
3542,Signoria Creatio,SIGNORIA,Micro Cap,Manufacturing & Services,Diversified,159.0,18.05,75.65,0.0,2.36,19.83,18.61,27.0,0.5,4.1
3543,Dhansa Labs,DHANSA,Micro Cap,Pharmaceuticals & Healthcare,Pharma & Healthcare,28.1,13.7,75.6,0.0,0.73,30.56,0.0,28.0,0.5,4.1
3544,Banaras Beads,BANARBEADS,Micro Cap,Manufacturing & Services,Diversified,113.9,39.99,75.59,1.98,0.72,9.06,5.71,29.0,0.5,4.1
3545,Riyaasat Life,544804,Micro Cap,Manufacturing & Services,Diversified,70.35,14.56,75.59,0.0,10.08,27.54,27.84,30.0,0.5,4.1
3546,Ashnisha Indus.,541702,Micro Cap,Manufacturing & Services,Diversified,2.85,444.47,75.56,0.0,0.04,1.33,0.25,31.0,0.5,4.1
3547,Modern Diagnost.,544673,Micro Cap,Manufacturing & Services,Diversified,49.99,14.38,75.48,0.0,2.08,39.92,12.18,32.0,0.5,4.1
3548,Haryana Capfin,532855,Micro Cap,Manufacturing & Services,Diversified,144.9,8.42,75.47,0.0,-0.76,0.0,3.71,33.0,0.5,4.1
3549,Autofurnish,544767,Micro Cap,Automotive & 2W/3W,Auto Ancillary & Components,55.8,20.78,75.42,0.0,1.82,17.93,25.17,74.0,1.0,7.3
3550,H.M. Electro,544349,Micro Cap,Manufacturing & Services,Diversified,55.0,7.73,75.35,0.0,7.38,98.43,18.33,10.0,0.5,4.1
3551,Nagreeka Exports,NAGREEKEXP,Micro Cap,Manufacturing & Services,Diversified,24.1,23.68,75.31,0.0,1.04,173.82,5.31,11.0,0.5,4.1
3552,Integrity Infra.,INTEGRITY,Micro Cap,Manufacturing & Services,Diversified,175.0,10.81,75.25,0.0,4.5,108.89,35.86,12.0,0.5,4.1
3553,Sangani Hospital,SANGANI,Micro Cap,Manufacturing & Services,Diversified,54.6,25.16,75.22,0.0,2.51,86.49,17.37,13.0,0.5,4.1
3554,Cont. Petroleums,523232,Micro Cap,Manufacturing & Services,Diversified,79.31,22.35,75.11,0.0,0.59,12.33,9.51,14.0,0.5,4.1
3555,Fervent Synerg.,533896,Micro Cap,Manufacturing & Services,Diversified,15.02,20.63,75.1,0.0,0.2,0.74,7.21,15.0,0.5,4.1
3556,Ritesh Intl.,519097,Micro Cap,Manufacturing & Services,Diversified,79.92,13.98,74.91,0.0,1.74,50.54,17.88,16.0,0.5,4.1
3557,CG-VAK Software,CGVAK,Micro Cap,IT & Software Services,IT & Software,148.21,7.33,74.85,0.67,1.94,18.0,20.05,82.0,1.0,8.4
3558,Jayant Infratech,543544,Micro Cap,IT & Software Services,IT & Software,72.3,8.84,74.73,0.0,3.9,57.07,16.68,83.0,1.0,8.4
3559,NRB Indl Bearing,NIBL,Micro Cap,Manufacturing & Services,Diversified,30.8,0.0,74.69,0.0,-6.59,18.9,-18.17,19.0,0.5,4.1
3560,Eforu Entertainment,531190,Micro Cap,Manufacturing & Services,Diversified,99.2,91.06,74.67,0.0,0.1,0.3,12.51,20.0,0.5,4.1
3561,Sunrise Efficie.,543515,Micro Cap,Manufacturing & Services,Diversified,38.97,7.52,74.67,0.0,4.73,89.24,15.24,21.0,0.5,4.1
3562,Punjab Commun.,500346,Micro Cap,Manufacturing & Services,Diversified,62.08,13.59,74.62,0.0,2.87,5.83,10.2,22.0,0.5,4.1
3563,AKI India,AKI,Micro Cap,Manufacturing & Services,Diversified,7.22,24.59,74.51,0.0,0.51,29.04,4.67,23.0,0.5,4.1
3564,Charter. Capital,511696,Micro Cap,Manufacturing & Services,Diversified,247.5,9.02,74.5,0.0,7.56,8.33,2.35,24.0,0.5,4.1
3565,Jumbo Bag,516078,Micro Cap,Manufacturing & Services,Diversified,88.93,7.1,74.43,0.0,5.54,43.08,14.63,25.0,0.5,4.1
3566,Technichem Org.,544327,Micro Cap,IT & Software Services,IT & Software,42.94,27.45,74.38,0.0,1.48,28.53,6.11,51.0,1.0,8.4
3567,Comfort Fincap,535267,Micro Cap,Manufacturing & Services,Diversified,7.58,10.57,74.33,1.32,2.2,4.43,10.19,27.0,0.5,4.1
3568,B N Rathi Sec.,523019,Micro Cap,Manufacturing & Services,Diversified,17.8,7.03,74.32,2.81,2.54,16.01,18.94,28.0,0.5,4.1
3569,Fiberweb (India),FIBERWEB,Micro Cap,Manufacturing & Services,Diversified,25.75,14.18,74.14,0.0,0.27,9.86,7.57,29.0,0.5,4.1
3570,Abhinav Capital,532057,Micro Cap,Manufacturing & Services,Diversified,107.0,26.75,74.09,0.0,0.66,1.09,4.21,30.0,0.5,4.1
3571,Athena Global,517429,Micro Cap,Manufacturing & Services,Diversified,52.64,0.0,74.02,0.0,-3.15,4.75,-4.79,31.0,0.5,4.1
3572,IEL,524614,Micro Cap,Manufacturing & Services,Diversified,5.66,49.53,73.8,0.0,0.57,0.5,0.72,32.0,0.5,4.1
3573,Sungarner Energ.,SEL,Micro Cap,Manufacturing & Services,Diversified,317.95,19.25,73.72,0.0,2.81,48.95,23.45,33.0,0.5,4.1
3574,Consecutive Commodities,539091,Micro Cap,Manufacturing & Services,Diversified,1.15,22.26,73.67,0.0,1.2,9.22,17.49,34.0,0.5,4.1
3575,Divyashakti,526315,Micro Cap,Manufacturing & Services,Diversified,71.71,230.12,73.64,1.39,0.21,7.96,0.76,10.0,0.5,4.1
3576,SwarnsaritaJewel,SWARNSAR,Micro Cap,Manufacturing & Services,Diversified,35.25,5.93,73.6,0.0,10.71,205.93,11.0,11.0,0.5,4.1
3577,Energy Devl.Co.,ENERGYDEV,Micro Cap,Power Utilities & Cleantech,Renewable Energy & Power,15.49,306.58,73.58,0.0,-1.81,6.34,14.27,22.0,2.0,13.2
3578,Zenith Drugs,ZENITHDRUG,Micro Cap,Manufacturing & Services,Diversified,42.75,17.62,73.31,0.0,1.61,93.0,9.05,13.0,0.5,4.1
3579,Odigma Consultan,ODIGMA,Micro Cap,Manufacturing & Services,Diversified,23.45,0.0,73.3,0.0,0.15,12.32,-2.18,14.0,0.5,4.1
3580,Accord Synergy,ACCORD,Micro Cap,Cement & Building Materials,Cement & Materials,188.45,54.86,72.97,0.0,0.18,17.68,9.24,25.0,2.0,13.2
3581,Marg Techno-Proj,540254,Micro Cap,IT & Software Services,IT & Software,9.34,37.8,72.95,0.0,1.02,2.52,8.8,66.0,1.0,8.4
3582,Sky Industries,526479,Micro Cap,Manufacturing & Services,Diversified,91.81,11.34,72.94,1.09,1.31,18.64,13.27,17.0,0.5,4.1
3583,Filtra Consult.,539098,Micro Cap,Manufacturing & Services,Diversified,66.48,19.54,72.89,3.01,1.63,50.25,19.2,18.0,0.5,4.1
3584,Team24 Consumer,500458,Micro Cap,Manufacturing & Services,Diversified,28.36,0.0,72.74,0.0,-0.26,0.56,2.39,19.0,0.5,4.1
3585,G V Films,523277,Micro Cap,Manufacturing & Services,Diversified,0.39,0.0,72.72,0.0,-0.53,1.59,2.85,20.0,0.5,4.1
3586,Tokyo Plast Intl,TOKYOPLAST,Micro Cap,Manufacturing & Services,Diversified,76.51,207.66,72.68,0.0,-0.2,19.83,3.94,21.0,0.5,4.1
3587,Baba Arts,532380,Micro Cap,Manufacturing & Services,Diversified,13.83,117.11,72.61,0.0,0.12,0.0,3.14,22.0,0.5,4.1
3588,Premium Plast,PREMIUM,Micro Cap,Manufacturing & Services,Diversified,38.0,10.56,72.57,0.0,2.94,36.88,17.01,23.0,0.5,4.1
3589,Acme Resources,539391,Micro Cap,Manufacturing & Services,Diversified,28.17,62.52,72.52,0.0,0.92,1.95,1.7,24.0,0.5,4.1
3590,Minolta Finance,532164,Micro Cap,Banking & Financial Services,BFSI,1.45,0.0,72.5,0.0,0.47,4.91,6.31,25.0,0.5,4.1
3591,Accel,517494,Micro Cap,Cement & Building Materials,Cement & Materials,12.46,15.13,72.49,2.41,-0.66,43.25,7.02,36.0,2.0,13.2
3592,R R Fin. Cons.,511626,Micro Cap,Manufacturing & Services,Diversified,65.5,9.37,72.44,0.0,3.34,8.85,15.93,27.0,0.5,4.1
3593,Oasis Securities,512489,Micro Cap,Manufacturing & Services,Diversified,15.65,131.6,72.38,0.0,0.47,1.09,8.81,28.0,0.5,4.1
3594,Classic Leasing,540481,Micro Cap,Manufacturing & Services,Diversified,59.0,50.55,72.28,0.0,0.48,0.58,10.83,29.0,0.5,4.1
3595,Starbeam Ventures,539175,Micro Cap,Manufacturing & Services,Diversified,1.1,27.98,71.9,0.0,-0.51,9.22,7.53,30.0,0.5,4.1
3596,Vineet Laborator,VINEETLAB,Micro Cap,Pharmaceuticals & Healthcare,Pharma & Healthcare,37.37,64.66,71.77,0.0,0.73,18.89,8.49,31.0,0.5,4.1
3597,Cura Tech.,CURAA,Micro Cap,IT & Software Services,IT & Software,72.46,0.0,71.74,0.0,-0.28,0.05,-7.74,82.0,1.0,8.4
3598,Apollo Ingredie.,503639,Micro Cap,Manufacturing & Services,Diversified,68.96,32.9,71.72,0.0,1.22,5.27,22.86,33.0,0.5,4.1
3599,Valplast Technol,544565,Micro Cap,IT & Software Services,IT & Software,36.5,7.69,71.64,2.74,5.92,67.51,24.04,84.0,1.0,8.4
3600,Samrat Pharma,530125,Micro Cap,Pharmaceuticals & Healthcare,Pharma & Healthcare,231.5,0.0,71.53,0.43,0.88,79.76,-2.88,10.0,0.5,4.1
3601,Paras Petrofils,PARASPETRO,Micro Cap,Manufacturing & Services,Diversified,2.14,0.0,71.52,0.0,0.13,0.0,-1.74,11.0,0.5,4.1
3602,Trust Fintech,TRUST,Micro Cap,IT & Software Services,IT & Software,30.0,8.7,71.48,1.67,3.93,21.5,10.21,47.0,1.0,8.4
3603,Super Crop Safe,530883,Micro Cap,Manufacturing & Services,Diversified,13.72,31.68,71.29,0.0,1.31,18.65,4.86,13.0,0.5,4.1
3604,Nakoda Group,NGIL,Micro Cap,Manufacturing & Services,Diversified,40.58,43.66,71.17,0.0,0.29,8.31,8.42,14.0,0.5,4.1
3605,Hiliks Technolog,539697,Micro Cap,IT & Software Services,IT & Software,66.07,41.54,71.03,0.0,1.01,11.39,5.39,50.0,1.0,8.4
3606,Alkosign,543453,Micro Cap,Manufacturing & Services,Diversified,65.6,56.19,70.8,0.0,-5.15,11.08,4.71,16.0,0.5,4.1
3607,Dhanlaxmi Cotex,512485,Micro Cap,Manufacturing & Services,Diversified,145.05,307.22,70.66,0.0,-0.52,5.84,0.11,17.0,0.5,4.1
3608,Ampvolts,535719,Micro Cap,Manufacturing & Services,Diversified,27.39,23.71,70.42,0.0,1.1,13.01,5.62,18.0,0.5,4.1
3609,Gujarat Hotels,507960,Micro Cap,Manufacturing & Services,Diversified,185.0,12.26,70.12,1.62,1.47,0.95,14.07,19.0,0.5,4.1
3610,Aristo Bio-Tech,ARISTO,Micro Cap,IT & Software Services,IT & Software,103.0,9.77,70.12,0.49,3.01,107.26,19.54,55.0,1.0,8.4
3611,Alcokraft Dist.,ALCODIS,Micro Cap,Manufacturing & Services,Diversified,68.4,7.82,70.11,0.0,4.83,77.21,11.3,21.0,0.5,4.1
3612,ANI Integrated,AISL,Micro Cap,Manufacturing & Services,Diversified,59.95,19.25,70.06,0.0,-0.87,61.2,7.77,22.0,0.5,4.1
3613,G S Auto Intl.,513059,Micro Cap,Automotive & 2W/3W,Auto Ancillary & Components,22.42,17.21,70.05,0.0,1.27,35.47,14.96,38.0,1.0,7.3
3614,Himalaya Food,526899,Micro Cap,Manufacturing & Services,Diversified,8.25,32.53,69.95,0.0,1.04,8.73,1.96,24.0,0.5,4.1
3615,Meera Industries,540519,Micro Cap,Manufacturing & Services,Diversified,32.73,76.81,69.9,0.76,0.71,12.35,4.69,25.0,0.5,4.1
3616,SKP Securities,531169,Micro Cap,Manufacturing & Services,Diversified,102.45,7.17,69.76,1.95,2.24,10.43,21.71,26.0,0.5,4.1
3617,Dhanwel Hybrid,544884,Micro Cap,Manufacturing & Services,Diversified,76.62,11.4,69.75,0.0,1.44,24.1,38.22,27.0,0.5,4.1
3618,Shine Fashions,543244,Micro Cap,Manufacturing & Services,Diversified,25.95,7.38,69.71,0.06,-2.26,58.16,30.03,28.0,0.5,4.1
3619,H D I L,HDIL,Micro Cap,Manufacturing & Services,Diversified,1.47,0.0,69.68,0.0,-2.47,0.41,-0.11,29.0,0.5,4.1
3620,Reganto Enterprises,517393,Micro Cap,Manufacturing & Services,Diversified,4.76,15.44,69.64,0.0,-1.91,4.04,17.19,30.0,0.5,4.1
3621,Touchwood Enter.,TOUCHWOOD,Micro Cap,Manufacturing & Services,Diversified,62.81,20.96,69.6,0.0,0.38,3.96,13.39,31.0,0.5,4.1
3622,Paramatrix Tech.,PARAMATRIX,Micro Cap,IT & Software Services,IT & Software,60.35,26.61,69.46,0.0,-0.38,14.77,4.18,67.0,1.0,8.4
3623,Leading Lea. Fin,540360,Micro Cap,Manufacturing & Services,Diversified,1.23,0.0,69.32,0.0,-20.36,120.13,6.63,33.0,0.5,4.1
3624,EMA India,522027,Micro Cap,Manufacturing & Services,Diversified,686.0,0.0,69.29,0.0,-0.32,0.0,-48.32,34.0,0.5,4.1
3625,Royal India Corp,512047,Micro Cap,Manufacturing & Services,Diversified,5.87,1.33,69.25,0.0,2.23,3.08,49.3,10.0,0.5,4.1
3626,Genpharmasec,531592,Micro Cap,Pharmaceuticals & Healthcare,Pharma & Healthcare,1.25,0.0,69.21,0.0,-0.17,49.71,2.58,11.0,0.5,4.1
3627,Gowra Leasing,530709,Micro Cap,Manufacturing & Services,Diversified,89.2,9.35,69.11,0.0,2.88,3.96,14.62,12.0,0.5,4.1
3628,Joindre Capital,531861,Micro Cap,Manufacturing & Services,Diversified,49.87,9.19,69.0,4.01,2.12,10.71,12.39,13.0,0.5,4.1
3629,JHS Sven.Lab.,JHS,Micro Cap,Pharmaceuticals & Healthcare,Pharma & Healthcare,7.89,0.0,68.96,0.0,1.09,30.38,-0.78,14.0,0.5,4.1
3630,Addictive Learn,ADDICTIVE,Micro Cap,Manufacturing & Services,Diversified,43.3,0.0,68.89,0.0,0.31,22.69,-0.11,15.0,0.5,4.1
3631,Harikanta Overseas,544769,Micro Cap,Manufacturing & Services,Diversified,69.8,10.76,68.86,0.0,4.01,28.77,50.54,16.0,0.5,4.1
3632,Chrome Silicon,513005,Micro Cap,Banking & Financial Services,BFSI,41.98,0.0,68.82,0.0,-2.2,1.74,-17.41,17.0,0.5,4.1
3633,New Markets Advi,508867,Micro Cap,Manufacturing & Services,Diversified,67.05,0.0,68.66,0.0,-0.25,0.0,-9.03,18.0,0.5,4.1
3634,Source Natural,531398,Micro Cap,Manufacturing & Services,Diversified,106.55,19.6,68.59,0.0,0.74,21.42,17.59,19.0,0.5,4.1
3635,Kamadgiri Fash.,514322,Micro Cap,Manufacturing & Services,Diversified,116.85,22.56,68.58,0.0,0.16,38.67,8.54,20.0,0.5,4.1
3636,Parsvnath Devl.,PARSVNATH,Micro Cap,Manufacturing & Services,Diversified,1.57,0.0,68.32,0.0,-149.47,61.04,-0.98,21.0,0.5,4.1
3637,Samay Project,SAMAY,Micro Cap,Manufacturing & Services,Diversified,44.5,10.98,68.3,0.0,4.0,30.06,27.62,22.0,0.5,4.1
3638,Palred Technolog,PALREDTEC,Micro Cap,IT & Software Services,IT & Software,55.83,0.0,68.29,0.0,-1.37,22.13,-1.49,83.0,1.0,8.4
3639,Chandni Machines,542627,Micro Cap,Manufacturing & Services,Diversified,97.0,0.0,68.27,0.0,-1.99,0.45,12.32,24.0,0.5,4.1
3640,Greenleaf Envi.,GREENLEAF,Micro Cap,Power Utilities & Cleantech,Renewable Energy & Power,115.0,9.43,68.19,0.0,4.34,39.54,34.47,25.0,2.0,13.2
3641,Capital Trust,CAPTRUST,Micro Cap,Manufacturing & Services,Diversified,20.04,0.0,68.17,0.0,0.2,12.07,-16.8,26.0,0.5,4.1
3642,Advik Capital,ADVIKCA,Micro Cap,Manufacturing & Services,Diversified,1.12,0.0,68.15,0.0,-2.27,-8.89,-5.13,27.0,0.5,4.1
3643,Transwar.Fin.,TFL,Micro Cap,Manufacturing & Services,Diversified,12.36,0.0,68.12,0.0,-0.12,2.55,-0.38,28.0,0.5,4.1
3644,Digidrive Dist.,DIGIDRIVE,Micro Cap,Manufacturing & Services,Diversified,17.65,11.05,68.06,0.0,0.27,10.24,2.85,29.0,0.5,4.1
3645,Onyx Biotec,ONYX,Micro Cap,Manufacturing & Services,Diversified,37.5,0.0,68.0,0.0,0.69,34.88,1.14,30.0,0.5,4.1
3646,Dharan Infra-EPC,DHARAN,Micro Cap,Manufacturing & Services,Diversified,0.13,0.0,67.97,0.0,-4.19,3.5,-3.61,31.0,0.5,4.1
3647,Shantai Indust.,512297,Micro Cap,Manufacturing & Services,Diversified,90.43,0.0,67.82,0.0,-0.05,0.0,-15.01,32.0,0.5,4.1
3648,IL&FS Transport,IL&FSTRANS,Micro Cap,Manufacturing & Services,Diversified,2.06,0.0,67.77,0.0,-248.01,806.58,-18.13,33.0,0.5,4.1
3649,Maxposure,MAXPOSURE,Micro Cap,Manufacturing & Services,Diversified,29.8,7.15,67.77,0.0,4.38,42.55,15.27,34.0,0.5,4.1
3650,Rajgor Castor,RCDL,Micro Cap,Manufacturing & Services,Diversified,14.15,5.36,67.68,0.71,10.99,593.23,16.58,10.0,0.5,4.1
3651,Cont. Securities,538868,Micro Cap,Manufacturing & Services,Diversified,21.21,28.06,67.35,0.24,0.7,1.18,13.6,11.0,0.5,4.1
3652,Sri KPR Inds.,SRIKPRIND,Micro Cap,Textiles & Apparel,Textiles,33.38,10.58,67.26,3.0,0.95,3.32,5.16,27.0,1.0,7.3
3653,Raj Oil Mills,ROML,Micro Cap,Textiles & Apparel,Textiles,42.0,15.37,67.15,0.0,1.11,35.56,19.26,28.0,1.0,7.3
3654,Kesar Terminals,533289,Micro Cap,Manufacturing & Services,Diversified,61.44,10.0,67.13,2.85,2.35,9.55,7.77,14.0,0.5,4.1
3655,Paramount Specia,PSFL,Micro Cap,Manufacturing & Services,Diversified,34.0,15.71,66.92,0.0,2.07,61.61,9.41,15.0,0.5,4.1
3656,Prakash Steelage,PRAKASHSTL,Micro Cap,Metals & Mining,Metals & Mining,3.82,107.82,66.85,0.0,0.16,16.81,10.45,41.0,2.0,13.2
3657,Shristi Infra,511411,Micro Cap,Manufacturing & Services,Diversified,30.09,0.0,66.8,0.0,-14.61,8.1,-0.56,17.0,0.5,4.1
3658,Odyssey Corpn.,ODYCORP,Micro Cap,Manufacturing & Services,Diversified,7.46,9.75,66.77,0.0,6.49,13.21,6.57,18.0,0.5,4.1
3659,Alkali Metals,ALKALI,Micro Cap,Metals & Mining,Metals & Mining,65.55,61.81,66.75,1.53,-0.64,17.57,8.67,44.0,2.0,13.2
3660,Softrak Venture,531529,Micro Cap,Manufacturing & Services,Diversified,1.48,317.71,66.72,0.34,0.08,0.0,0.57,20.0,0.5,4.1
3661,Kati patang Life,531126,Micro Cap,Manufacturing & Services,Diversified,13.28,0.0,66.65,0.0,-1.36,4.44,-29.11,21.0,0.5,4.1
3662,City Crops Agro,544000,Micro Cap,Manufacturing & Services,Diversified,40.76,0.0,66.51,0.0,1.92,16.34,-13.2,22.0,0.5,4.1
3663,Eiko Lifescience,540204,Micro Cap,Manufacturing & Services,Diversified,45.38,13.57,66.49,0.0,1.51,16.75,11.12,23.0,0.5,4.1
3664,Brace Port,BRACEPORT,Micro Cap,Manufacturing & Services,Diversified,58.8,18.11,66.45,1.45,2.49,32.94,12.08,24.0,0.5,4.1
3665,Yash Innoventure,523650,Micro Cap,Manufacturing & Services,Diversified,41.45,0.0,66.44,0.0,-1.62,0.0,-8.89,25.0,0.5,4.1
3666,Gensol Engineer.,GENSOL,Micro Cap,Power Utilities & Cleantech,Renewable Energy & Power,17.28,0.65,66.44,0.0,17.86,344.51,14.33,21.0,2.0,13.2
3667,Veekayem Fash.,VEEKAYEM,Micro Cap,Manufacturing & Services,Diversified,113.05,6.62,66.43,0.0,6.85,266.23,14.11,27.0,0.5,4.1
3668,Auto Pins (I),531994,Micro Cap,Automotive & 2W/3W,Auto Ancillary & Components,116.25,214.0,66.34,0.0,0.06,10.74,6.77,43.0,1.0,7.3
3669,Damodar Indust.,DAMODARIND,Micro Cap,Manufacturing & Services,Diversified,28.45,11.53,66.29,0.0,2.69,152.85,7.06,29.0,0.5,4.1
3670,Handson Global,HGM,Micro Cap,Manufacturing & Services,Diversified,52.63,0.0,66.29,0.0,-2.06,10.8,-0.4,30.0,0.5,4.1
3671,Riddhi Corporate,540590,Micro Cap,Manufacturing & Services,Diversified,55.83,7.95,66.25,0.88,0.44,52.05,11.59,31.0,0.5,4.1
3672,Bharat Immunolog,524663,Micro Cap,Manufacturing & Services,Diversified,15.34,0.0,66.24,0.0,-4.92,0.0,-9.27,32.0,0.5,4.1
3673,Amtech Esters,id,Micro Cap,IT & Software Services,IT & Software,0.0,33.61,66.22,0.0,0.0,0.0,0.0,78.0,1.0,8.4
3674,Vikram Kamats,539659,Micro Cap,Manufacturing & Services,Diversified,36.35,43.15,66.15,0.83,0.34,14.97,5.82,34.0,0.5,4.1
3675,Jungle Camps,544304,Micro Cap,Manufacturing & Services,Diversified,42.6,17.75,66.02,0.0,0.47,5.97,9.74,10.0,0.5,4.1
3676,Siddhi Cotspin,SIDDHICOTS,Micro Cap,Manufacturing & Services,Diversified,27.05,6.85,66.02,0.0,4.2,258.45,10.64,11.0,0.5,4.1
3677,Cranex,522001,Micro Cap,Manufacturing & Services,Diversified,82.28,26.61,65.99,0.0,0.32,9.89,10.36,12.0,0.5,4.1
3678,Ascensive Educa.,543443,Micro Cap,Manufacturing & Services,Diversified,16.15,18.79,65.97,0.0,1.16,31.47,24.52,13.0,0.5,4.1
3679,Teesta Agro Ind.,524204,Micro Cap,Manufacturing & Services,Diversified,117.5,7.93,65.92,0.0,1.02,38.92,8.91,14.0,0.5,4.1
3680,Pion. Embroider.,PIONEEREMB,Micro Cap,Manufacturing & Services,Diversified,21.36,0.0,65.82,0.0,0.12,96.71,2.19,15.0,0.5,4.1
3681,Steelman Telecom,543622,Micro Cap,Metals & Mining,Metals & Mining,68.0,0.0,65.8,0.0,-5.8,113.5,-3.56,36.0,2.0,13.2
3682,Virat Crane Inds,519457,Micro Cap,Manufacturing & Services,Diversified,32.2,0.0,65.75,0.0,-0.97,44.68,-8.08,17.0,0.5,4.1
3683,Bonlon Industrie,BONLON,Micro Cap,Manufacturing & Services,Diversified,40.13,25.0,65.75,0.0,0.81,100.64,5.4,18.0,0.5,4.1
3684,Everlon Fin.,514358,Micro Cap,Manufacturing & Services,Diversified,105.95,0.0,65.69,0.0,2.81,1.12,-25.82,19.0,0.5,4.1
3685,Mopshop Distribution,544883,Micro Cap,Manufacturing & Services,Diversified,91.05,12.66,65.56,0.0,0.0,0.0,46.43,20.0,0.5,4.1
3686,Palco Metals Ltd,539121,Micro Cap,Metals & Mining,Metals & Mining,163.7,8.56,65.48,0.0,1.52,68.0,25.6,41.0,2.0,13.2
3687,Rachana Infra.,RILINFRA,Micro Cap,Manufacturing & Services,Diversified,35.15,6.3,65.4,0.0,9.46,90.33,17.8,22.0,0.5,4.1
3688,Garment Mantra,539216,Micro Cap,Manufacturing & Services,Diversified,1.13,13.64,65.34,0.0,2.79,61.97,7.72,23.0,0.5,4.1
3689,Shri Hare-Krish.,SHKSIL,Micro Cap,Manufacturing & Services,Diversified,34.0,10.52,65.25,0.0,1.55,27.21,7.76,24.0,0.5,4.1
3690,PVV Infra Ltd,536659,Micro Cap,Manufacturing & Services,Diversified,2.75,9.03,65.03,0.0,0.77,8.5,11.42,25.0,0.5,4.1
3691,Accuracy Shippi.,ACCURACY,Micro Cap,Cement & Building Materials,Cement & Materials,4.31,16.99,64.89,0.0,0.34,140.81,6.98,16.0,2.0,13.2
3692,Indrayani Biotec,526445,Micro Cap,Manufacturing & Services,Diversified,8.3,30.0,64.79,0.0,0.98,37.76,4.24,27.0,0.5,4.1
3693,Milton Industri.,MILTON,Micro Cap,Manufacturing & Services,Diversified,38.1,35.97,64.75,0.0,1.12,24.4,5.98,28.0,0.5,4.1
3694,BEW Engg,BEWLTD,Micro Cap,Manufacturing & Services,Diversified,49.3,17.05,64.45,0.0,-2.44,98.44,4.43,29.0,0.5,4.1
3695,Divyadhan Recy.,DIVYADHAN,Micro Cap,Manufacturing & Services,Diversified,44.9,37.57,64.24,0.0,1.75,43.28,7.14,30.0,0.5,4.1
3696,LCC Infotech,LCCINFOTEC,Micro Cap,IT & Software Services,IT & Software,3.81,0.0,64.23,0.0,-0.12,0.0,-1.88,61.0,1.0,8.4
3697,Innovative Tyres,ITTL,Micro Cap,Automotive & 2W/3W,Auto Ancillary & Components,64.2,0.0,64.2,0.0,-0.17,47.28,0.65,72.0,1.0,7.3
3698,Bombay Cycle,501430,Micro Cap,Manufacturing & Services,Diversified,1603.0,25.75,64.12,0.31,1.64,2.77,9.19,33.0,0.5,4.1
3699,Banas Finance,509053,Micro Cap,Banking & Financial Services,BFSI,7.14,2.96,63.96,0.0,4.97,2.99,7.86,34.0,0.5,4.1
3700,Ajooni Biotech,AJOONI,Micro Cap,IT & Software Services,IT & Software,3.71,16.14,63.9,0.0,0.43,63.49,6.49,65.0,1.0,8.4
3701,Mantra Capital,511577,Micro Cap,Manufacturing & Services,Diversified,17.8,0.0,63.88,0.0,-3.96,5.84,-9.31,11.0,0.5,4.1
3702,AVSL Industries,AVSL,Micro Cap,Manufacturing & Services,Diversified,119.7,28.36,63.81,0.0,0.9,73.32,9.03,12.0,0.5,4.1
3703,Manas Polymers,MPEL,Micro Cap,Manufacturing & Services,Diversified,27.35,7.49,63.8,0.0,4.08,31.5,30.17,13.0,0.5,4.1
3704,Tanvi Foods,540332,Micro Cap,Manufacturing & Services,Diversified,49.0,29.67,63.79,0.0,1.69,54.27,5.6,14.0,0.5,4.1
3705,Universal Auto.,539314,Micro Cap,Automotive & 2W/3W,Auto Ancillary & Components,51.28,0.0,63.76,0.0,-1.61,54.42,-0.21,30.0,1.0,7.3
3706,Riba Textiles,531952,Micro Cap,Textiles & Apparel,Textiles,66.0,8.11,63.71,0.0,0.43,39.25,10.08,31.0,1.0,7.3
3707,KSR Footwear,KSR,Micro Cap,Manufacturing & Services,Diversified,34.61,0.0,63.61,0.0,0.32,52.25,-10.59,17.0,0.5,4.1
3708,Malpani Pipes,544351,Micro Cap,Manufacturing & Services,Diversified,59.0,7.04,63.59,0.0,5.15,93.47,20.34,18.0,0.5,4.1
3709,My Money Sec.,538862,Micro Cap,Manufacturing & Services,Diversified,37.84,9.04,63.57,0.0,2.04,1.56,14.69,19.0,0.5,4.1
3710,Newjaisa Tech,NEWJAISA,Micro Cap,IT & Software Services,IT & Software,17.75,0.0,63.5,0.0,-12.52,17.24,-24.48,75.0,1.0,8.4
3711,Pentagon Rubber,PENTAGON,Micro Cap,Manufacturing & Services,Diversified,82.3,34.48,63.45,0.0,1.21,24.11,7.4,21.0,0.5,4.1
3712,Omfurn India,OMFURN,Micro Cap,Manufacturing & Services,Diversified,53.85,9.95,63.41,0.0,4.14,53.38,14.18,22.0,0.5,4.1
3713,Delta Manufact.,DELTAMAGNT,Micro Cap,Manufacturing & Services,Diversified,58.4,0.0,63.37,0.0,-0.31,19.08,-0.45,23.0,0.5,4.1
3714,KKalpana Inds.,526409,Micro Cap,Manufacturing & Services,Diversified,6.73,84.41,63.31,0.0,0.02,4.07,2.03,24.0,0.5,4.1
3715,Kothari Ferment.,507474,Micro Cap,Manufacturing & Services,Diversified,42.19,0.0,63.29,0.0,0.06,30.41,0.24,25.0,0.5,4.1
3716,Gemstone Invest.,531137,Micro Cap,Manufacturing & Services,Diversified,1.35,54.51,63.23,0.0,0.88,1.72,1.9,26.0,0.5,4.1
3717,Kranti Industrie,542459,Micro Cap,Manufacturing & Services,Diversified,49.5,39.97,63.16,0.0,-0.09,25.47,7.05,27.0,0.5,4.1
3718,Sampre Nutrition,530617,Micro Cap,Manufacturing & Services,Diversified,6.63,15.48,62.99,0.0,0.7,14.85,3.45,28.0,0.5,4.1
3719,Shining Tools,544607,Micro Cap,Manufacturing & Services,Diversified,111.32,16.19,62.99,0.0,2.05,10.29,22.39,29.0,0.5,4.1
3720,Lamosaic India,LAMOSAIC,Micro Cap,Manufacturing & Services,Diversified,60.85,38.6,62.91,0.0,-1.08,69.71,4.52,30.0,0.5,4.1
3721,HB Portfolio,HBPOR,Micro Cap,Manufacturing & Services,Diversified,58.38,16.89,62.84,2.14,5.65,10.36,0.73,31.0,0.5,4.1
3722,India Cem. Cap.,511355,Micro Cap,Manufacturing & Services,Diversified,28.84,0.0,62.61,0.0,0.02,1.25,-0.2,32.0,0.5,4.1
3723,Rudra Gas,544121,Micro Cap,Manufacturing & Services,Diversified,75.05,7.26,62.58,0.0,5.75,70.91,22.55,33.0,0.5,4.1
3724,Atlas Cycles,ATLASCYCLE,Micro Cap,Manufacturing & Services,Diversified,96.18,0.0,62.55,0.0,-1.92,1.54,-2.05,34.0,0.5,4.1
3725,Hariyana Ship,HRYNSHP,Micro Cap,Manufacturing & Services,Diversified,101.36,3.63,62.54,0.0,4.41,0.0,11.79,10.0,0.5,4.1
3726,TSC India,TSC,Micro Cap,Manufacturing & Services,Diversified,43.05,16.94,62.5,0.0,0.96,12.81,12.77,11.0,0.5,4.1
3727,Conart Engineers,522231,Micro Cap,Manufacturing & Services,Diversified,99.39,16.82,62.42,0.0,0.7,20.08,14.98,12.0,0.5,4.1
3728,Arman Holdings,538556,Micro Cap,Manufacturing & Services,Diversified,119.55,37.3,62.29,0.0,0.7,14.22,18.65,13.0,0.5,4.1
3729,Oceanic Foods,540405,Micro Cap,Manufacturing & Services,Diversified,55.12,8.37,62.01,0.0,2.21,40.95,15.97,14.0,0.5,4.1
3730,Dhruva Cap.Serv.,531237,Micro Cap,Manufacturing & Services,Diversified,86.2,0.0,61.98,0.0,0.03,0.8,9.36,15.0,0.5,4.1
3731,Odyssey Tech.,530175,Micro Cap,IT & Software Services,IT & Software,38.87,16.75,61.97,2.57,0.22,5.74,9.35,56.0,1.0,8.4
3732,SagarSoft (India,540143,Micro Cap,Manufacturing & Services,Diversified,96.88,0.0,61.93,1.55,2.89,54.49,-15.68,17.0,0.5,4.1
3733,BAMPSL Sec.,531591,Micro Cap,Manufacturing & Services,Diversified,18.19,154.78,61.91,0.0,0.54,3.61,1.54,18.0,0.5,4.1
3734,Shree Balaji (Mala),544835,Micro Cap,Manufacturing & Services,Diversified,62.5,10.58,61.91,0.0,0.0,0.0,18.41,19.0,0.5,4.1
3735,Mishka Exim,539220,Micro Cap,Manufacturing & Services,Diversified,42.8,31.72,61.85,0.0,0.16,6.99,11.34,20.0,0.5,4.1
3736,Icodex Publish.,544483,Micro Cap,Manufacturing & Services,Diversified,39.48,8.71,61.73,0.0,1.59,12.04,24.87,21.0,0.5,4.1
3737,Duke Offshore,531471,Micro Cap,Manufacturing & Services,Diversified,62.54,0.0,61.65,0.0,-0.28,0.0,-13.14,22.0,0.5,4.1
3738,SPA CAPT SER,542376,Micro Cap,Manufacturing & Services,Diversified,200.45,37.12,61.62,0.0,0.96,10.3,3.64,23.0,0.5,4.1
3739,Gayatri Sugars,532183,Micro Cap,Manufacturing & Services,Diversified,8.29,118.46,61.6,0.0,-19.09,24.5,12.4,24.0,0.5,4.1
3740,K2 Infragen,K2INFRA,Micro Cap,Manufacturing & Services,Diversified,48.8,4.63,61.58,0.0,5.97,94.39,14.69,25.0,0.5,4.1
3741,Ganesha Ecoverse,539041,Micro Cap,Manufacturing & Services,Diversified,25.01,0.0,61.51,0.0,0.91,0.36,-22.31,26.0,0.5,4.1
3742,Dar Credit & Cap,DCCL,Micro Cap,Manufacturing & Services,Diversified,43.0,5.98,61.39,2.33,2.05,13.28,13.39,27.0,0.5,4.1
3743,Hind Aluminium,HINDALUMI,Micro Cap,Manufacturing & Services,Diversified,97.43,16.54,61.38,0.0,1.91,5.36,-2.7,28.0,0.5,4.1
3744,Crayons Advertis,CRAYONS,Micro Cap,Manufacturing & Services,Diversified,25.1,16.31,61.32,0.0,0.68,171.88,5.55,29.0,0.5,4.1
3745,Guj. Toolroom,513337,Micro Cap,Manufacturing & Services,Diversified,0.44,7.94,61.27,0.0,4.87,0.0,1.96,30.0,0.5,4.1
3746,Future Market,FMNL,Micro Cap,Manufacturing & Services,Diversified,10.1,7.35,61.25,0.0,1.81,24.64,9.28,31.0,0.5,4.1
3747,Saj Hotels,SAJHOTELS,Micro Cap,Manufacturing & Services,Diversified,37.9,21.15,61.11,0.0,0.85,4.65,5.02,32.0,0.5,4.1
3748,Waa Solar,541445,Micro Cap,Power Utilities & Cleantech,Renewable Energy & Power,46.0,93.89,61.03,0.0,-1.17,18.96,3.28,43.0,2.0,13.2
3749,Aditya Ultra,AUSL,Micro Cap,Manufacturing & Services,Diversified,24.55,15.17,60.97,0.0,3.42,221.1,7.36,34.0,0.5,4.1
3750,Atam Valves,ATAM,Micro Cap,Manufacturing & Services,Diversified,52.99,33.37,60.74,0.66,0.64,12.29,8.53,10.0,0.5,4.1
3751,Lakhotia Poly.,535387,Micro Cap,Manufacturing & Services,Diversified,57.93,10.68,60.68,0.0,0.45,3.22,11.16,11.0,0.5,4.1
3752,Popular Found.,544259,Micro Cap,Manufacturing & Services,Diversified,29.7,71.2,60.52,0.0,0.09,27.78,3.84,12.0,0.5,4.1
3753,Edvenswa Enter,517170,Micro Cap,Manufacturing & Services,Diversified,20.7,13.84,60.48,0.0,0.45,36.24,4.36,13.0,0.5,4.1
3754,Gautam Exim,540613,Micro Cap,Manufacturing & Services,Diversified,24.51,274.59,60.41,0.0,0.02,17.86,5.56,14.0,0.5,4.1
3755,SGL Resources,SGLRES,Micro Cap,Manufacturing & Services,Diversified,2.41,0.0,60.37,0.0,-0.68,1.36,0.07,15.0,0.5,4.1
3756,Dutron Polymers,517437,Micro Cap,Manufacturing & Services,Diversified,100.55,23.85,60.33,1.49,0.7,27.34,11.67,16.0,0.5,4.1
3757,Teamo Production,TPHQ,Micro Cap,Manufacturing & Services,Diversified,0.55,10.29,60.29,0.0,6.47,33.68,0.35,17.0,0.5,4.1
3758,Shanti Spintex,544059,Micro Cap,Manufacturing & Services,Diversified,35.7,8.28,60.29,0.0,2.97,321.73,0.0,18.0,0.5,4.1
3759,Agri-Tech India,AGRITECH,Micro Cap,IT & Software Services,IT & Software,101.21,0.0,60.12,0.0,-0.03,0.2,-0.94,84.0,1.0,8.4
3760,Advance Techno.,544843,Micro Cap,IT & Software Services,IT & Software,66.5,14.54,60.05,0.0,0.0,0.0,24.63,45.0,1.0,8.4
3761,Desi Farms India,507984,Micro Cap,Manufacturing & Services,Diversified,605.05,0.0,59.9,0.0,-0.09,0.0,100.0,21.0,0.5,4.1
3762,Shanmuga Hos.,544365,Micro Cap,Manufacturing & Services,Diversified,44.0,14.09,59.9,0.0,0.99,11.87,12.62,22.0,0.5,4.1
3763,Rekvina Labs,526075,Micro Cap,Pharmaceuticals & Healthcare,Pharma & Healthcare,53.83,0.0,59.84,0.0,-0.12,0.67,-333.33,23.0,0.5,4.1
3764,Adtech Systems,544185,Micro Cap,IT & Software Services,IT & Software,50.21,26.59,59.82,2.19,-0.52,13.19,9.31,49.0,1.0,8.4
3765,Grill Splendour,BIRDYS,Micro Cap,Manufacturing & Services,Diversified,86.2,0.0,59.67,0.0,-7.47,5.22,-28.5,25.0,0.5,4.1
3766,Aris Interna.,531677,Micro Cap,Manufacturing & Services,Diversified,397.15,0.0,59.57,0.0,0.04,0.08,-39.19,26.0,0.5,4.1
3767,Ansal Buildwell,ANSALBU,Micro Cap,Manufacturing & Services,Diversified,80.68,13.0,59.54,1.24,5.06,17.37,4.4,27.0,0.5,4.1
3768,Constronics,523844,Micro Cap,Manufacturing & Services,Diversified,47.48,23.7,59.49,0.0,0.7,9.57,7.9,28.0,0.5,4.1
3769,Salem Erode Inv.,540181,Micro Cap,Manufacturing & Services,Diversified,25.88,0.0,59.35,0.0,-1.31,0.89,-10.44,29.0,0.5,4.1
3770,Elixir Capital,531278,Micro Cap,Manufacturing & Services,Diversified,102.0,9.21,59.29,1.23,8.3,20.42,6.61,30.0,0.5,4.1
3771,Mangal Compuso.,544287,Micro Cap,Manufacturing & Services,Diversified,43.5,9.78,59.19,1.15,3.45,19.21,16.91,31.0,0.5,4.1
3772,Royale Manor,526640,Micro Cap,Manufacturing & Services,Diversified,29.59,24.35,58.68,0.0,0.03,4.95,5.81,32.0,0.5,4.1
3773,Kemistar Corp.,531163,Micro Cap,Manufacturing & Services,Diversified,54.53,85.03,58.67,0.55,0.25,10.02,3.43,33.0,0.5,4.1
3774,AI Champ.Inds.,532806,Micro Cap,Manufacturing & Services,Diversified,19.06,12.77,58.62,0.0,-5.61,14.61,9.17,34.0,0.5,4.1
3775,Bulkcorp Inter.,BULKCORP,Micro Cap,Manufacturing & Services,Diversified,78.0,15.71,58.61,0.0,1.93,32.41,17.17,10.0,0.5,4.1
3776,Shentracon Chem.,530757,Micro Cap,Chemicals & Petrochemicals,Chemicals,132.0,5858.0,58.58,0.0,0.01,0.06,5.67,11.0,0.5,4.1
3777,Binny Mills,535620,Micro Cap,Textiles & Apparel,Textiles,226.1,0.0,58.41,0.0,-2.9,1.59,0.0,52.0,1.0,7.3
3778,Gayatri BioOrga.,524564,Micro Cap,Manufacturing & Services,Diversified,7.41,0.0,58.38,0.0,-0.1,2.34,-92.02,13.0,0.5,4.1
3779,Dhanalaxmi Roto,521216,Micro Cap,Manufacturing & Services,Diversified,74.75,8.51,58.31,1.34,2.44,73.6,15.64,14.0,0.5,4.1
3780,3P Land Hold.,3PLAND,Micro Cap,Manufacturing & Services,Diversified,32.39,25.68,58.3,0.0,0.46,1.05,2.38,15.0,0.5,4.1
3781,Sundaram Multi.,SUNDARAM,Micro Cap,Manufacturing & Services,Diversified,1.23,16.61,58.29,0.0,0.32,49.6,3.8,16.0,0.5,4.1
3782,Marco Cables,MARCO,Micro Cap,Manufacturing & Services,Diversified,31.15,13.87,58.25,0.0,1.19,48.79,14.92,17.0,0.5,4.1
3783,Bhaskar Agrochem,524534,Micro Cap,Chemicals & Petrochemicals,Chemicals,111.8,11.09,58.24,0.89,0.14,24.76,19.64,18.0,0.5,4.1
3784,Flex Foods,523672,Micro Cap,Manufacturing & Services,Diversified,46.62,0.0,58.04,1.07,-1.32,59.74,-5.2,19.0,0.5,4.1
3785,Share Samadhan,544251,Micro Cap,Manufacturing & Services,Diversified,47.2,99.84,57.91,0.0,0.1,2.41,1.58,20.0,0.5,4.1
3786,Chiraharit,544561,Micro Cap,Manufacturing & Services,Diversified,10.5,274.0,57.54,0.0,1.35,35.32,3.86,21.0,0.5,4.1
3787,Retina Paints,543902,Micro Cap,Manufacturing & Services,Diversified,37.5,89.89,57.53,0.0,0.44,15.74,4.84,22.0,0.5,4.1
3788,Capfin India,539198,Micro Cap,Manufacturing & Services,Diversified,126.4,0.0,57.49,0.0,-0.31,0.15,-9.32,23.0,0.5,4.1
3789,Ultra Wiring,UWCSL,Micro Cap,Manufacturing & Services,Diversified,110.25,17.28,57.37,0.45,-0.87,25.88,18.25,24.0,0.5,4.1
3790,Anmol India,ANMOL,Micro Cap,Manufacturing & Services,Diversified,10.08,4.98,57.37,0.0,6.0,455.72,8.79,25.0,0.5,4.1
3791,Facor Alloys,532656,Micro Cap,Manufacturing & Services,Diversified,2.93,0.0,57.3,0.0,22.06,0.29,-17.56,26.0,0.5,4.1
3792,Eco Hotels,514402,Micro Cap,Manufacturing & Services,Diversified,9.25,0.0,57.3,0.0,-4.15,2.18,-18.1,27.0,0.5,4.1
3793,Mohini Health,MHHL,Micro Cap,Manufacturing & Services,Diversified,31.4,0.0,57.26,0.0,-11.23,70.92,-2.69,28.0,0.5,4.1
3794,Ravi Leela Gran,526095,Micro Cap,Manufacturing & Services,Diversified,54.06,6.35,57.23,0.0,2.39,19.63,20.89,29.0,0.5,4.1
3795,Hardcast.& Waud,509597,Micro Cap,Manufacturing & Services,Diversified,839.0,10.91,57.05,0.0,1.07,2.41,11.24,30.0,0.5,4.1
3796,Mehul Colours,544472,Micro Cap,Manufacturing & Services,Diversified,54.0,10.91,56.96,0.0,1.93,16.19,23.42,31.0,0.5,4.1
3797,Starlog Enterp.,520155,Micro Cap,Manufacturing & Services,Diversified,38.02,0.0,56.9,0.0,-0.87,2.83,-15.08,32.0,0.5,4.1
3798,SecureKloud Tech,SECURKLOUD,Micro Cap,IT & Software Services,IT & Software,17.01,0.0,56.83,0.0,-1.68,13.51,-5.97,83.0,1.0,8.4
3799,Ganga Forging,GANGAFORGE,Micro Cap,Automotive & 2W/3W,Auto Ancillary & Components,1.68,0.0,56.62,0.0,1.06,7.19,-6.43,74.0,1.0,7.3
3800,Vishal Bearings,539398,Micro Cap,Capital Goods & Engineering,Capital Goods,52.45,353.75,56.6,0.0,-0.81,22.65,4.1,10.0,0.5,4.1
3801,Elegant Marbles,526705,Micro Cap,Manufacturing & Services,Diversified,191.0,18.2,56.59,0.52,0.66,6.84,3.77,11.0,0.5,4.1
3802,E-Land Apparel,532820,Micro Cap,Manufacturing & Services,Diversified,11.79,0.0,56.58,0.0,-8.93,75.6,0.0,12.0,0.5,4.1
3803,Ceeta Industries,514171,Micro Cap,Manufacturing & Services,Diversified,39.0,76.42,56.55,0.0,0.46,4.72,3.68,13.0,0.5,4.1
3804,Shreeji Translog,540738,Micro Cap,Manufacturing & Services,Diversified,8.09,14.0,56.54,0.0,1.45,60.2,7.72,14.0,0.5,4.1
3805,Phaarmasia,523620,Micro Cap,Manufacturing & Services,Diversified,82.6,25.76,56.42,0.0,0.34,8.28,16.39,15.0,0.5,4.1
3806,Kiaasa Retail,544711,Micro Cap,Manufacturing & Services,Diversified,30.91,5.04,56.35,0.0,4.54,76.71,16.11,16.0,0.5,4.1
3807,Adroit Info.,ADROITINFO,Micro Cap,Manufacturing & Services,Diversified,10.31,15.64,56.32,0.0,0.63,15.01,6.54,17.0,0.5,4.1
3808,RKEC Projects,RKEC,Micro Cap,Manufacturing & Services,Diversified,21.73,0.0,56.11,0.0,-17.3,17.32,-5.54,18.0,0.5,4.1
3809,Amrapali Capital,536737,Micro Cap,Manufacturing & Services,Diversified,57.36,11.54,56.1,0.0,4.41,8275.39,9.02,19.0,0.5,4.1
3810,Mohite Industrie,MOHITE,Micro Cap,Manufacturing & Services,Diversified,2.79,25.72,56.08,0.0,-2.46,17.81,6.89,20.0,0.5,4.1
3811,Shayona Eng.,544686,Micro Cap,Manufacturing & Services,Diversified,144.0,13.87,56.05,0.0,2.16,26.66,19.67,21.0,0.5,4.1
3812,Source Industrie,521036,Micro Cap,Manufacturing & Services,Diversified,49.07,310.78,55.94,0.0,0.06,0.5,2.63,22.0,0.5,4.1
3813,Shlokka Dyes,544582,Micro Cap,Manufacturing & Services,Diversified,26.0,11.22,55.66,0.0,3.48,50.59,10.62,23.0,0.5,4.1
3814,Gujarat Poly,517288,Micro Cap,Manufacturing & Services,Diversified,65.08,2.15,55.64,0.77,0.7,5.53,4.39,24.0,0.5,4.1
3815,Satchmo Holdings,533202,Micro Cap,Manufacturing & Services,Diversified,3.81,3.93,55.56,0.0,-4.7,1.29,0.0,25.0,0.5,4.1
3816,DHVIJA FINANCE,539552,Micro Cap,Banking & Financial Services,BFSI,11.36,11.02,55.56,0.0,3.16,8.02,16.94,26.0,0.5,4.1
3817,Mefcom Capital,531176,Micro Cap,Manufacturing & Services,Diversified,12.15,0.0,55.53,0.0,7.23,49.99,-3.65,27.0,0.5,4.1
3818,Unisem Agritech,544648,Micro Cap,IT & Software Services,IT & Software,48.9,10.45,55.41,0.0,3.5,51.34,26.76,63.0,1.0,8.4
3819,Phychem Technologies,544902,Micro Cap,IT & Software Services,IT & Software,0.0,13.52,55.3,0.0,0.0,0.0,38.96,64.0,1.0,8.4
3820,Fortune Interntl,530213,Micro Cap,Manufacturing & Services,Diversified,78.5,14.24,55.26,0.0,1.1,0.0,-0.28,30.0,0.5,4.1
3821,Chatterbox Tech,544546,Micro Cap,IT & Software Services,IT & Software,39.03,6.0,55.2,0.0,4.5,48.24,25.98,66.0,1.0,8.4
3822,Ceejay Finance,530789,Micro Cap,Banking & Financial Services,BFSI,159.85,6.91,55.15,0.94,2.01,6.11,11.4,32.0,0.5,4.1
3823,Vivid Mercantile,542046,Micro Cap,Manufacturing & Services,Diversified,5.5,5.47,55.14,0.0,0.51,2.08,23.13,33.0,0.5,4.1
3824,Refractory Shap.,REFRACTORY,Micro Cap,Manufacturing & Services,Diversified,25.25,11.49,55.05,0.0,0.15,22.61,10.68,34.0,0.5,4.1
3825,Balkrishna Paper,BALKRISHNA,Micro Cap,Automotive & 2W/3W,Auto Ancillary & Components,17.08,0.0,55.03,0.0,-1.8,1.76,0.0,50.0,1.0,7.3
3826,Jigar Cables,540651,Micro Cap,Manufacturing & Services,Diversified,60.9,30.49,54.88,0.0,1.21,31.72,8.57,11.0,0.5,4.1
3827,Warren Tea,508494,Micro Cap,Manufacturing & Services,Diversified,45.9,0.0,54.85,0.0,-1.2,0.0,-1.83,12.0,0.5,4.1
3828,M R Maniveni,544768,Micro Cap,Manufacturing & Services,Diversified,28.0,14.2,54.8,0.0,0.0,0.0,17.35,13.0,0.5,4.1
3829,Royal Sense,544143,Micro Cap,Manufacturing & Services,Diversified,102.35,7.66,54.76,0.0,3.1,59.89,26.15,14.0,0.5,4.1
3830,Trom Industries,TROM,Micro Cap,Manufacturing & Services,Diversified,59.5,7.91,54.71,0.0,2.54,83.27,16.19,15.0,0.5,4.1
3831,Arvind Port &,ARVINDPORT,Micro Cap,Textiles & Apparel,Textiles,32.0,45.89,54.61,0.0,0.99,8.3,2.64,56.0,1.0,7.3
3832,Vivimed Labs.,VIVIMEDLAB,Micro Cap,Pharmaceuticals & Healthcare,Pharma & Healthcare,6.58,0.0,54.56,0.0,-147.12,12.0,-65.22,17.0,0.5,4.1
3833,Cyber Media Ind,CYBERMEDIA,Micro Cap,Manufacturing & Services,Diversified,26.4,13.88,54.54,0.0,1.63,50.41,59.85,18.0,0.5,4.1
3834,Ladderup Finance,LADDERUP,Micro Cap,Banking & Financial Services,BFSI,51.4,9.6,54.5,0.0,4.09,9.32,9.01,19.0,0.5,4.1
3835,Sodhani Capital,544560,Micro Cap,Manufacturing & Services,Diversified,68.5,23.16,54.42,0.73,1.1,2.36,24.99,20.0,0.5,4.1
3836,Real Touch Fin,538611,Micro Cap,Manufacturing & Services,Diversified,42.87,10.86,54.41,0.0,1.16,8.63,11.13,21.0,0.5,4.1
3837,Panth Infinity,539143,Micro Cap,Manufacturing & Services,Diversified,9.84,1.09,54.28,0.0,14.01,59.3,32.87,22.0,0.5,4.1
3838,Winsome Brew.,526471,Micro Cap,Manufacturing & Services,Diversified,19.61,0.0,54.26,0.0,0.02,0.58,-1.28,23.0,0.5,4.1
3839,Icon Facil.,544426,Micro Cap,Manufacturing & Services,Diversified,69.0,12.27,54.23,0.0,2.89,34.45,23.41,24.0,0.5,4.1
3840,Nexxus Petro,544265,Micro Cap,Manufacturing & Services,Diversified,77.9,8.59,54.14,0.0,4.24,120.69,19.47,25.0,0.5,4.1
3841,Kasturi Metal,544688,Micro Cap,Metals & Mining,Metals & Mining,52.05,13.87,54.11,0.0,1.5,32.33,19.3,16.0,2.0,13.2
3842,Delta Auto.,DELTIC,Micro Cap,Automotive & 2W/3W,Auto Ancillary & Components,35.35,8.24,54.05,0.0,3.1,37.54,11.81,67.0,1.0,7.3
3843,Krishna Vent.,504392,Micro Cap,Manufacturing & Services,Diversified,50.0,168.75,54.0,0.0,-0.05,0.0,4.18,28.0,0.5,4.1
3844,Malu Paper,MALUPAPER,Micro Cap,Manufacturing & Services,Diversified,31.65,0.0,53.99,0.0,1.28,123.52,-9.01,29.0,0.5,4.1
3845,Kaizen Agro,538833,Micro Cap,Manufacturing & Services,Diversified,10.5,245.41,53.99,0.0,0.2,0.37,0.44,30.0,0.5,4.1
3846,Axel Polymers,513642,Micro Cap,Manufacturing & Services,Diversified,49.07,0.0,53.98,0.0,0.18,16.2,3.49,31.0,0.5,4.1
3847,Telogica,532975,Micro Cap,Manufacturing & Services,Diversified,8.2,0.0,53.56,0.0,-1.89,14.28,7.05,32.0,0.5,4.1
3848,Shekhawati Inds,SHEKHAWATI,Micro Cap,Manufacturing & Services,Diversified,15.52,4.33,53.5,0.0,6.37,1.53,47.29,33.0,0.5,4.1
3849,Jamshri Realty,502901,Micro Cap,Manufacturing & Services,Diversified,76.55,0.0,53.48,0.0,0.18,1.69,5.81,34.0,0.5,4.1
3850,Trescon,532159,Micro Cap,Manufacturing & Services,Diversified,7.52,77.49,53.47,0.0,1.22,17.55,0.94,10.0,0.5,4.1
3851,Regis Industries,543208,Micro Cap,Manufacturing & Services,Diversified,2.07,44.16,53.43,0.0,1.98,5.83,2.86,11.0,0.5,4.1
3852,Mega Corp.,531417,Micro Cap,Manufacturing & Services,Diversified,2.67,65.12,53.4,0.0,0.19,2.12,6.79,12.0,0.5,4.1
3853,Dhansafal Fin,512048,Micro Cap,Manufacturing & Services,Diversified,2.35,46.02,53.38,0.0,0.58,3.74,4.03,13.0,0.5,4.1
3854,Supreme Facility,SFML,Micro Cap,Manufacturing & Services,Diversified,21.5,4.78,53.38,0.0,3.42,263.93,10.39,14.0,0.5,4.1
3855,Skyline Millars,505650,Micro Cap,Textiles & Apparel,Textiles,13.25,0.0,53.3,0.0,-0.28,0.0,-4.46,30.0,1.0,7.3
3856,Shelter Pharma,543963,Micro Cap,Pharmaceuticals & Healthcare,Pharma & Healthcare,31.6,5.89,53.2,1.11,4.53,39.84,20.35,16.0,0.5,4.1
3857,Srigee DLM,544399,Micro Cap,Manufacturing & Services,Diversified,89.0,7.74,53.17,0.0,5.53,51.42,22.53,17.0,0.5,4.1
3858,Hira Automobile,531743,Micro Cap,Automotive & 2W/3W,Auto Ancillary & Components,193.0,0.0,53.08,0.0,-1.38,4.78,7.53,33.0,1.0,7.3
3859,Unique Organics,530997,Micro Cap,Manufacturing & Services,Diversified,89.07,6.47,53.02,1.46,2.47,38.9,27.33,19.0,0.5,4.1
3860,Hilltone Softwar,544308,Micro Cap,Manufacturing & Services,Diversified,40.17,0.0,52.94,0.0,-0.78,1.58,0.84,20.0,0.5,4.1
3861,Saboo Sodium,530461,Micro Cap,Manufacturing & Services,Diversified,12.58,32.39,52.8,0.0,1.96,16.62,3.69,21.0,0.5,4.1
3862,Anirit Ventures,530705,Micro Cap,Manufacturing & Services,Diversified,42.0,0.0,52.8,0.0,-1.04,0.03,-28.0,22.0,0.5,4.1
3863,Anubhav Plast,544800,Micro Cap,Manufacturing & Services,Diversified,48.0,7.61,52.8,0.0,0.0,0.0,27.99,23.0,0.5,4.1
3864,SSMD Agrotech,544621,Micro Cap,IT & Software Services,IT & Software,60.8,9.58,52.69,0.0,5.53,115.35,30.73,69.0,1.0,8.4
3865,Pranik Logistics,PRANIK,Micro Cap,Manufacturing & Services,Diversified,47.85,7.37,52.68,0.0,2.04,50.31,17.08,25.0,0.5,4.1
3866,A B M Internatl.,ABMINTLLTD,Micro Cap,Manufacturing & Services,Diversified,55.86,0.0,52.55,0.0,0.68,10.45,-8.5,26.0,0.5,4.1
3867,Sambandam Spg.,SAMBANDAM,Micro Cap,Manufacturing & Services,Diversified,123.23,0.0,52.5,0.0,0.38,59.98,2.31,27.0,0.5,4.1
3868,Safa Systems,543461,Micro Cap,Manufacturing & Services,Diversified,20.99,11.04,52.43,0.0,3.74,251.95,8.05,28.0,0.5,4.1
3869,Pruden. Sugar,PRUDMOULI,Micro Cap,Manufacturing & Services,Diversified,16.25,8.36,52.41,0.0,1.51,16.79,7.45,29.0,0.5,4.1
3870,Naman Industries Proxima,NAMAN,Micro Cap,Manufacturing & Services,Diversified,40.1,0.0,52.39,0.0,-2.61,73.59,-0.35,30.0,0.5,4.1
3871,Modipon,503776,Micro Cap,Manufacturing & Services,Diversified,45.2,0.0,52.33,0.0,-0.13,0.0,0.0,31.0,0.5,4.1
3872,Sonu Infratech,SONUINFRA,Micro Cap,IT & Software Services,IT & Software,44.45,4.01,52.29,0.0,4.59,90.06,19.08,77.0,1.0,8.4
3873,Shiva Mills,SHIVAMILLS,Micro Cap,Textiles & Apparel,Textiles,60.5,15.51,52.28,0.0,2.83,38.1,-0.73,48.0,1.0,7.3
3874,Agro Phos India,AGROPHOS,Micro Cap,Manufacturing & Services,Diversified,25.77,7.41,52.25,3.88,-0.29,32.23,15.05,34.0,0.5,4.1
3875,Shree Pacetronix,527005,Micro Cap,Manufacturing & Services,Diversified,139.0,16.09,52.12,0.0,0.76,4.9,23.3,10.0,0.5,4.1
3876,Ansal Properties,ANSALAPI,Micro Cap,Manufacturing & Services,Diversified,3.31,0.0,52.1,0.0,30.16,16.77,0.0,11.0,0.5,4.1
3877,Biofil Chemicals,BIOFILCHEM,Micro Cap,Chemicals & Petrochemicals,Chemicals,32.0,108.46,52.06,0.0,0.11,12.35,2.97,12.0,0.5,4.1
3878,Luxury Time,544635,Micro Cap,Manufacturing & Services,Diversified,63.0,10.18,52.01,0.0,3.05,31.83,26.63,13.0,0.5,4.1
3879,Perfectpac,526435,Micro Cap,Manufacturing & Services,Diversified,78.05,21.39,51.98,1.28,0.51,28.54,11.17,14.0,0.5,4.1
3880,Tirupati Foam,540904,Micro Cap,Manufacturing & Services,Diversified,117.85,23.83,51.94,0.85,0.68,28.09,8.8,15.0,0.5,4.1
3881,S A Tech Soft.,SATECH,Micro Cap,IT & Software Services,IT & Software,39.6,23.83,51.71,0.0,2.81,62.57,8.81,46.0,1.0,8.4
3882,Defrail Technologies,544677,Micro Cap,IT & Software Services,IT & Software,73.5,12.88,51.63,0.0,2.48,41.08,27.62,47.0,1.0,8.4
3883,Yash Chemex,539939,Micro Cap,Chemicals & Petrochemicals,Chemicals,50.3,23.42,51.52,0.0,1.04,17.18,6.44,18.0,0.5,4.1
3884,Guru Krupa Gems,540545,Micro Cap,Manufacturing & Services,Diversified,34.15,98.77,51.36,0.0,0.05,3.03,3.39,19.0,0.5,4.1
3885,Vivaa Tradecom,544002,Micro Cap,Manufacturing & Services,Diversified,130.0,58.17,51.19,0.0,0.04,156.7,5.22,20.0,0.5,4.1
3886,Studio LSD,STUDIOLSD,Micro Cap,Manufacturing & Services,Diversified,9.85,0.0,51.11,0.0,2.49,32.84,-3.22,21.0,0.5,4.1
3887,Presstonic Engi.,PRESSTONIC,Micro Cap,Manufacturing & Services,Diversified,33.05,19.6,50.95,0.0,2.27,20.33,9.8,22.0,0.5,4.1
3888,Apoorva Leasing,APOORVA,Micro Cap,Manufacturing & Services,Diversified,25.5,169.8,50.94,0.0,0.0,0.12,0.23,23.0,0.5,4.1
3889,Manav Infra,MANAV,Micro Cap,Manufacturing & Services,Diversified,38.7,12.48,50.93,0.0,3.61,32.13,33.52,24.0,0.5,4.1
3890,Aureate Tradde,544772,Micro Cap,Manufacturing & Services,Diversified,39.21,9.68,50.92,0.0,2.46,103.27,20.48,25.0,0.5,4.1
3891,Polylink Poly.,531454,Micro Cap,Manufacturing & Services,Diversified,23.0,35.08,50.86,0.0,0.42,23.45,5.59,26.0,0.5,4.1
3892,Digikore Studios,DIGIKORE,Micro Cap,Manufacturing & Services,Diversified,40.1,4.02,50.79,0.0,6.53,31.55,24.67,27.0,0.5,4.1
3893,Suvidhaa Info.,SUVIDHAA,Micro Cap,Manufacturing & Services,Diversified,2.42,0.0,50.77,0.0,-1.91,2.4,-28.03,28.0,0.5,4.1
3894,VSF Projects,519331,Micro Cap,Manufacturing & Services,Diversified,31.03,0.0,50.73,0.0,-0.06,0.0,-0.14,29.0,0.5,4.1
3895,Shipwaves Online,544646,Micro Cap,Manufacturing & Services,Diversified,3.57,14.15,50.51,0.0,-0.84,50.19,8.38,30.0,0.5,4.1
3896,Rapid Multimodal,544237,Micro Cap,Manufacturing & Services,Diversified,132.0,26.62,50.31,0.0,1.41,73.33,16.95,31.0,0.5,4.1
3897,Shubham Polyspin,542019,Micro Cap,Manufacturing & Services,Diversified,41.45,47.41,50.25,0.0,0.23,12.64,8.87,32.0,0.5,4.1
3898,Acrow India,513149,Micro Cap,Manufacturing & Services,Diversified,785.0,94.79,50.24,0.0,0.18,0.0,2.65,33.0,0.5,4.1
3899,MKP Mobility,521244,Micro Cap,Manufacturing & Services,Diversified,147.25,24.5,50.23,0.0,0.92,10.3,30.32,34.0,0.5,4.1
3900,Danube Industrie,540361,Micro Cap,Manufacturing & Services,Diversified,5.52,38.05,50.23,0.0,0.25,17.33,7.44,10.0,0.5,4.1
3901,Phosphate Co,542123,Micro Cap,Manufacturing & Services,Diversified,139.0,11.97,50.14,1.44,0.47,19.55,8.75,11.0,0.5,4.1
3902,Country Condo,COUNCODOS,Micro Cap,Manufacturing & Services,Diversified,6.45,80.73,50.05,0.0,0.16,4.1,3.42,12.0,0.5,4.1
3903,Krypton Industri,523550,Micro Cap,Manufacturing & Services,Diversified,33.91,17.74,49.85,2.95,0.72,11.11,11.41,13.0,0.5,4.1
3904,Tahmar Enterp.,516032,Micro Cap,Manufacturing & Services,Diversified,3.2,0.0,49.85,0.0,-0.08,0.55,-2.39,14.0,0.5,4.1
3905,Indobell Insul.,544334,Micro Cap,Manufacturing & Services,Diversified,79.1,62.29,49.83,2.53,0.33,8.58,6.4,15.0,0.5,4.1
3906,Srestha Finvest,539217,Micro Cap,Manufacturing & Services,Diversified,0.26,0.0,49.66,0.0,-27.43,1.22,-5.57,16.0,0.5,4.1
3907,Wires & Fabriks,507817,Micro Cap,Manufacturing & Services,Diversified,162.0,165.23,49.57,0.06,0.05,29.16,5.52,17.0,0.5,4.1
3908,AastamangalamFin,511764,Micro Cap,Manufacturing & Services,Diversified,31.9,5.54,49.56,0.0,2.5,4.27,13.25,18.0,0.5,4.1
3909,Italian Edibles,ITALIANE,Micro Cap,Manufacturing & Services,Diversified,33.5,12.28,49.5,0.3,1.35,53.69,10.61,19.0,0.5,4.1
3910,VMS Industries,533427,Micro Cap,Manufacturing & Services,Diversified,20.22,33.21,49.49,2.47,0.46,44.83,5.08,20.0,0.5,4.1
3911,Vruddhi Engineer,544157,Micro Cap,Manufacturing & Services,Diversified,195.95,16.06,49.45,0.0,2.02,29.6,29.89,21.0,0.5,4.1
3912,Biopol Chemicals,BIOPOL,Micro Cap,Chemicals & Petrochemicals,Chemicals,45.75,5.51,49.43,0.0,6.04,49.49,34.09,22.0,0.5,4.1
3913,Diligent Indust.,531153,Micro Cap,Manufacturing & Services,Diversified,2.07,18.49,49.36,0.0,0.89,30.17,5.66,23.0,0.5,4.1
3914,CLC Industries,CLCIND,Micro Cap,Manufacturing & Services,Diversified,47.48,0.0,49.35,0.0,0.48,30.42,-5.35,24.0,0.5,4.1
3915,Hybrid Financial,HYBRIDFIN,Micro Cap,Manufacturing & Services,Diversified,16.67,18.17,49.07,0.0,0.44,1.16,6.34,25.0,0.5,4.1
3916,D.K. Enterprises,DKEGL,Micro Cap,Manufacturing & Services,Diversified,65.25,8.59,48.99,0.0,2.44,78.71,19.21,26.0,0.5,4.1
3917,Rose Merc.,512115,Micro Cap,Manufacturing & Services,Diversified,61.98,8.4,48.88,0.56,5.45,27.51,21.61,27.0,0.5,4.1
3918,Aeonx Digital,524594,Micro Cap,Manufacturing & Services,Diversified,105.25,0.0,48.78,0.95,-0.34,12.41,0.46,28.0,0.5,4.1
3919,Ind Bank Housing,523465,Micro Cap,Banking & Financial Services,BFSI,48.75,12.5,48.75,0.0,3.88,0.0,-1.11,29.0,0.5,4.1
3920,Phoenix Intl.,PHOENXINTL,Micro Cap,Manufacturing & Services,Diversified,29.01,17.58,48.71,0.0,1.01,7.65,2.62,30.0,0.5,4.1
3921,Ecofinity Atomix,539455,Micro Cap,Manufacturing & Services,Diversified,69.89,15.8,48.66,0.72,0.58,16.1,14.86,31.0,0.5,4.1
3922,Nandani Creation,JAIPURKURT,Micro Cap,Manufacturing & Services,Diversified,25.33,27.17,48.36,0.0,0.64,33.93,7.09,32.0,0.5,4.1
3923,Neptune Logitek,544663,Micro Cap,Manufacturing & Services,Diversified,35.28,8.22,48.33,0.0,1.75,108.26,15.23,33.0,0.5,4.1
3924,Pulz Electronics,PULZ,Micro Cap,Manufacturing & Services,Diversified,22.1,10.39,48.2,0.0,2.86,19.53,18.29,34.0,0.5,4.1
3925,Ahlada Engineers,AHLADA,Micro Cap,Manufacturing & Services,Diversified,37.29,0.0,48.18,4.29,0.17,24.03,2.69,10.0,0.5,4.1
3926,Orchasp Ltd,ORCHASP,Micro Cap,Manufacturing & Services,Diversified,1.39,60.95,48.15,0.0,0.28,2.08,0.84,11.0,0.5,4.1
3927,TruCap Finance,TRU,Micro Cap,Banking & Financial Services,BFSI,4.05,0.0,48.14,0.0,-10.4,11.27,-14.42,12.0,0.5,4.1
3928,Baweja Studios L,BAWEJA,Micro Cap,Manufacturing & Services,Diversified,26.1,7.91,48.09,0.0,4.57,33.44,7.94,13.0,0.5,4.1
3929,Rodium Realty,531822,Micro Cap,Manufacturing & Services,Diversified,148.0,8.04,48.07,0.0,-0.04,14.58,10.99,14.0,0.5,4.1
3930,Vasundhara Rasy.,538634,Micro Cap,Manufacturing & Services,Diversified,150.55,8.1,47.85,1.33,0.65,6.93,20.16,15.0,0.5,4.1
3931,Snehaa Organics,SNEHAA,Micro Cap,Manufacturing & Services,Diversified,47.0,5.94,47.84,0.0,4.81,35.57,29.4,16.0,0.5,4.1
3932,Anjani Foods,511153,Micro Cap,Manufacturing & Services,Diversified,17.11,51.98,47.82,0.0,0.13,14.26,10.86,17.0,0.5,4.1
3933,Rithwik Facility,540843,Micro Cap,Manufacturing & Services,Diversified,156.0,13.6,47.74,0.64,1.79,19.78,17.71,18.0,0.5,4.1
3934,Chamunda Ele.,CHAMUNDA,Micro Cap,Manufacturing & Services,Diversified,43.35,13.55,47.7,0.0,1.26,15.46,15.17,19.0,0.5,4.1
3935,Mangalam Drugs,MANGALAM,Micro Cap,Manufacturing & Services,Diversified,30.02,0.0,47.52,0.0,-7.55,57.12,-14.01,20.0,0.5,4.1
3936,Moving Media,MMEL,Micro Cap,Manufacturing & Services,Diversified,25.25,3.77,47.49,0.0,10.37,31.92,19.03,21.0,0.5,4.1
3937,Vinny Overseas,VINNY,Micro Cap,Manufacturing & Services,Diversified,1.02,55.84,47.46,0.0,0.21,33.6,2.44,22.0,0.5,4.1
3938,Kabra Drugs,524322,Micro Cap,Manufacturing & Services,Diversified,19.98,6.24,47.37,0.0,2.12,46.22,20.8,23.0,0.5,4.1
3939,GTN Industries,500170,Micro Cap,Manufacturing & Services,Diversified,23.66,0.0,47.32,0.0,-0.89,44.38,-7.75,24.0,0.5,4.1
3940,Bang Overseas,BANG,Micro Cap,Manufacturing & Services,Diversified,34.79,7.39,47.18,0.0,0.34,57.2,7.15,25.0,0.5,4.1
3941,Dhatre Udyog,DHATRE,Micro Cap,Manufacturing & Services,Diversified,4.33,0.0,47.18,0.0,0.08,0.0,-3.87,26.0,0.5,4.1
3942,Sacheta Metals,531869,Micro Cap,Metals & Mining,Metals & Mining,3.77,23.56,47.13,1.33,0.37,21.79,5.46,27.0,2.0,13.2
3943,Lee & Nee Soft.,LEENEE,Micro Cap,Manufacturing & Services,Diversified,8.45,124.03,47.13,0.0,0.15,3.61,0.98,28.0,0.5,4.1
3944,Simandhar Impex,544662,Micro Cap,Manufacturing & Services,Diversified,154.0,0.0,47.08,0.0,-0.07,0.08,1.15,29.0,0.5,4.1
3945,Guj. Craft Inds,526965,Micro Cap,Manufacturing & Services,Diversified,96.0,45.56,46.93,0.52,0.06,43.89,5.9,30.0,0.5,4.1
3946,Electro Force,EFORCE,Micro Cap,Manufacturing & Services,Diversified,20.05,74.48,46.92,0.0,-0.23,9.65,1.31,31.0,0.5,4.1
3947,Nirmitee Robotic,543194,Micro Cap,Manufacturing & Services,Diversified,130.0,57.8,46.82,0.0,0.12,3.08,15.62,32.0,0.5,4.1
3948,Jindal Hotels,507981,Micro Cap,Metals & Mining,Metals & Mining,66.84,13.25,46.79,0.0,0.58,11.32,11.66,33.0,2.0,13.2
3949,Morgan Ventures,526237,Micro Cap,Manufacturing & Services,Diversified,47.25,61.55,46.78,0.0,-2.34,2.85,8.96,34.0,0.5,4.1
3950,Ambica Agarbat.,AMBICAAGAR,Micro Cap,Manufacturing & Services,Diversified,27.21,13.67,46.74,0.0,1.11,24.65,8.15,10.0,0.5,4.1
3951,Manoj Jewellers,544400,Micro Cap,Manufacturing & Services,Diversified,26.0,5.18,46.73,0.0,3.37,45.02,30.23,11.0,0.5,4.1
3952,Greenhitech Ven.,544163,Micro Cap,Power Utilities & Cleantech,Renewable Energy & Power,35.9,62.17,46.63,0.0,0.64,18.53,2.4,37.0,2.0,13.2
3953,Graphisads,GRAPHISAD,Micro Cap,Manufacturing & Services,Diversified,25.5,10.89,46.61,0.0,1.55,80.65,5.49,13.0,0.5,4.1
3954,Aditya Consumer,540146,Micro Cap,Manufacturing & Services,Diversified,31.82,0.0,46.57,0.0,0.04,46.2,-6.4,14.0,0.5,4.1
3955,IEC Education,531840,Micro Cap,Manufacturing & Services,Diversified,30.51,0.0,46.56,0.0,-0.05,0.0,-6.42,15.0,0.5,4.1
3956,Starcom Info.,531616,Micro Cap,Manufacturing & Services,Diversified,92.9,0.0,46.46,0.0,-1.88,0.22,0.0,16.0,0.5,4.1
3957,Cadsys (India),CADSYS,Micro Cap,Manufacturing & Services,Diversified,46.45,0.0,46.46,0.0,-8.6,47.31,-14.11,17.0,0.5,4.1
3958,Kaushalya,KLL,Micro Cap,Capital Goods & Engineering,Capital Goods,25.0,3.79,46.33,0.0,5.42,1212.38,16.95,18.0,0.5,4.1
3959,Gayatri Highways,GAYAHWS,Micro Cap,Manufacturing & Services,Diversified,1.93,0.0,46.25,0.0,-2.83,7.09,67.14,19.0,0.5,4.1
3960,Blu.Coast Hotel.,BLUECOAST,Micro Cap,Manufacturing & Services,Diversified,23.49,0.0,46.23,0.0,-0.28,0.35,0.0,20.0,0.5,4.1
3961,Diana Tea Co,530959,Micro Cap,Manufacturing & Services,Diversified,30.82,8.22,46.2,0.0,5.52,26.18,4.12,21.0,0.5,4.1
3962,SVP Global,SVPGLOB,Micro Cap,Manufacturing & Services,Diversified,3.65,0.0,46.17,0.0,-51.16,0.0,-16.15,22.0,0.5,4.1
3963,Vahh Chemicals,544778,Micro Cap,Chemicals & Petrochemicals,Chemicals,55.49,9.58,46.09,0.0,2.08,16.52,36.88,23.0,0.5,4.1
3964,RSC Internl.,530179,Micro Cap,Manufacturing & Services,Diversified,79.92,0.0,45.95,0.0,-0.11,0.0,-256.0,24.0,0.5,4.1
3965,ATC Energies,ATCENERGY,Micro Cap,Power Utilities & Cleantech,Renewable Energy & Power,22.5,0.0,45.87,0.0,-2.09,17.85,0.63,20.0,2.0,13.2
3966,Silky Overseas,SILKY,Micro Cap,Manufacturing & Services,Diversified,71.95,9.45,45.82,0.0,0.81,17.14,17.88,26.0,0.5,4.1
3967,Real Eco-Energy,530053,Micro Cap,Power Utilities & Cleantech,Renewable Energy & Power,4.58,42.02,45.8,0.0,-0.07,0.51,4.56,22.0,2.0,13.2
3968,Three M Paper,544214,Micro Cap,Manufacturing & Services,Diversified,23.8,6.38,45.78,0.0,4.13,153.86,7.41,28.0,0.5,4.1
3969,Abha Power,ABHAPOWER,Micro Cap,Power Utilities & Cleantech,Renewable Energy & Power,24.6,18.59,45.73,0.0,0.43,27.65,7.01,24.0,2.0,13.2
3970,SVC Industries,524488,Micro Cap,Manufacturing & Services,Diversified,2.8,0.0,45.67,0.0,-0.61,0.07,-0.56,30.0,0.5,4.1
3971,Kiduja India,507946,Micro Cap,Manufacturing & Services,Diversified,19.02,0.0,45.65,0.0,1.58,3.2,27.16,31.0,0.5,4.1
3972,Grand Foundry,GFSTEELS,Micro Cap,Metals & Mining,Metals & Mining,15.0,18.71,45.65,0.0,2.11,19.65,116.54,27.0,2.0,13.2
3973,Growington Vent,539222,Micro Cap,Manufacturing & Services,Diversified,0.71,12.0,45.6,0.0,1.89,47.93,10.17,33.0,0.5,4.1
3974,Deccan Transcon,DECCANTRAN,Micro Cap,Manufacturing & Services,Diversified,20.0,5.58,45.45,0.0,3.83,86.8,8.31,34.0,0.5,4.1
3975,Rajas. Tube Mfg,530253,Micro Cap,Manufacturing & Services,Diversified,10.07,19.23,45.39,0.0,0.03,0.06,15.03,10.0,0.5,4.1
3976,Tulsyan NEC,513629,Micro Cap,Manufacturing & Services,Diversified,27.57,0.0,45.38,0.0,-21.41,146.7,-3.12,11.0,0.5,4.1
3977,Sai Capital,SAICAPI,Micro Cap,Manufacturing & Services,Diversified,157.56,3.66,45.37,0.0,3.4,0.23,4.98,12.0,0.5,4.1
3978,MASK INVESTMENTS,MASKINVEST,Micro Cap,Manufacturing & Services,Diversified,148.64,504.0,45.36,0.0,-0.02,0.02,0.1,13.0,0.5,4.1
3979,Sona Machinery,SONAMAC,Micro Cap,Automotive & 2W/3W,Auto Ancillary & Components,33.0,0.0,45.29,0.0,-4.37,41.11,-5.9,54.0,1.0,7.3
3980,Dangee Dums,DANGEE,Micro Cap,Manufacturing & Services,Diversified,2.94,0.0,45.27,0.0,-0.5,6.89,2.05,15.0,0.5,4.1
3981,Priti Internati.,PRITI,Micro Cap,Manufacturing & Services,Diversified,33.89,59.54,45.25,0.0,0.12,3.43,1.83,16.0,0.5,4.1
3982,Rulka,RULKA,Micro Cap,Manufacturing & Services,Diversified,106.25,13.75,45.25,0.0,1.77,55.05,12.41,17.0,0.5,4.1
3983,Arex Industries,526851,Micro Cap,Manufacturing & Services,Diversified,125.7,15.08,45.24,1.99,8.81,14.28,7.7,18.0,0.5,4.1
3984,Integra Switch,517423,Micro Cap,FMCG & Consumer Goods,FMCG,156.75,0.0,45.17,0.0,-0.08,0.02,-15.98,19.0,0.5,4.1
3985,Times Green Ener,543310,Micro Cap,Power Utilities & Cleantech,Renewable Energy & Power,81.0,205.23,45.15,0.0,0.06,13.01,1.74,40.0,2.0,13.2
3986,Nam Securities,538395,Micro Cap,Manufacturing & Services,Diversified,83.72,250.78,45.14,0.0,0.2,25.73,1.75,21.0,0.5,4.1
3987,Ganga Bath Fitt.,GANGABATH,Micro Cap,Manufacturing & Services,Diversified,20.3,35.22,45.08,0.0,0.89,18.27,5.62,22.0,0.5,4.1
3988,Cargotrans Marit,543618,Micro Cap,Manufacturing & Services,Diversified,76.0,8.41,45.0,0.92,2.77,59.68,19.52,23.0,0.5,4.1
3989,Gabriel Pet,544108,Micro Cap,Automotive & 2W/3W,Auto Ancillary & Components,60.1,8.52,44.96,0.0,1.73,128.2,0.0,64.0,1.0,7.3
3990,Manugraph India,MANUGRAPH,Micro Cap,Manufacturing & Services,Diversified,14.75,0.0,44.86,0.0,7.46,25.71,10.8,25.0,0.5,4.1
3991,IB Infotech,519463,Micro Cap,IT & Software Services,IT & Software,34.97,35.55,44.79,0.29,0.38,1.49,48.04,76.0,1.0,8.4
3992,Dhanlaxmi Fabric,521151,Micro Cap,Manufacturing & Services,Diversified,52.2,0.0,44.79,0.0,-0.31,5.1,-5.65,27.0,0.5,4.1
3993,Shreyas Interm.,526335,Micro Cap,Manufacturing & Services,Diversified,6.31,0.0,44.71,0.0,-0.16,0.0,-5.36,28.0,0.5,4.1
3994,Sofcom Systems,538923,Micro Cap,Manufacturing & Services,Diversified,18.45,91.14,44.66,0.0,-0.06,0.04,0.84,29.0,0.5,4.1
3995,Jagan Lamps,530711,Micro Cap,Manufacturing & Services,Diversified,61.15,16.59,44.64,0.0,1.06,12.89,7.99,30.0,0.5,4.1
3996,Ramgopal Polytex,514223,Micro Cap,Manufacturing & Services,Diversified,30.74,0.0,44.57,0.0,0.0,0.37,-9.13,31.0,0.5,4.1
3997,Caspian Corporat,534732,Micro Cap,Manufacturing & Services,Diversified,35.18,0.0,44.54,1.42,-3.42,25.49,4.23,32.0,0.5,4.1
3998,ANG Lifesciences,540694,Micro Cap,Manufacturing & Services,Diversified,34.09,0.0,44.52,0.0,-4.24,15.3,-3.64,33.0,0.5,4.1
3999,Aimco Pesticides,524288,Micro Cap,Manufacturing & Services,Diversified,45.48,0.0,44.49,0.0,0.61,21.97,-33.93,34.0,0.5,4.1
4000,Supertech EV,544428,Micro Cap,IT & Software Services,IT & Software,35.95,11.31,44.43,0.0,0.12,35.49,14.43,45.0,1.0,8.4
4001,Bhatia Colour,543497,Micro Cap,Manufacturing & Services,Diversified,30.98,10.63,44.42,0.0,1.03,82.7,8.01,11.0,0.5,4.1
4002,Key Corp,507948,Micro Cap,Manufacturing & Services,Diversified,74.0,0.0,44.4,0.0,9.24,9.46,-4.07,12.0,0.5,4.1
4003,Clenon Enterpri,517564,Micro Cap,Manufacturing & Services,Diversified,40.57,0.0,44.38,0.0,-0.63,0.0,-16.35,13.0,0.5,4.1
4004,RR Metalmakers,531667,Micro Cap,Metals & Mining,Metals & Mining,49.15,0.0,44.28,0.0,-0.97,35.73,2.05,29.0,2.0,13.2
4005,Gurunanak Agri.,GURUNANAK,Micro Cap,Manufacturing & Services,Diversified,36.9,7.28,44.28,0.0,4.0,25.98,27.24,15.0,0.5,4.1
4006,Vishwas Agri,VISHWAS,Micro Cap,Manufacturing & Services,Diversified,44.2,20.65,44.2,0.0,0.24,56.16,7.01,16.0,0.5,4.1
4007,Superior Indus.,SIEL,Micro Cap,Manufacturing & Services,Diversified,31.9,36.21,44.18,0.0,1.14,19.63,2.44,17.0,0.5,4.1
4008,Rexpro Enter.,REXPRO,Micro Cap,Manufacturing & Services,Diversified,39.4,19.62,44.15,0.0,0.39,28.57,5.53,18.0,0.5,4.1
4009,Ravikumar Distll,RKDL,Micro Cap,Manufacturing & Services,Diversified,18.39,35.31,44.14,0.0,0.07,3.69,1.56,19.0,0.5,4.1
4010,Swastik Pipe,SWASTIK,Micro Cap,Manufacturing & Services,Diversified,19.0,0.0,44.14,0.0,-47.88,146.07,-20.6,20.0,0.5,4.1
4011,Incap,517370,Micro Cap,Manufacturing & Services,Diversified,86.0,137.88,44.12,1.16,0.11,5.42,4.68,21.0,0.5,4.1
4012,Bridge Securitie,530249,Micro Cap,Manufacturing & Services,Diversified,11.35,45.02,44.12,0.0,-0.13,0.0,43.6,22.0,0.5,4.1
4013,Prime Property,530695,Micro Cap,Manufacturing & Services,Diversified,25.99,2.21,44.11,0.0,-4.66,11.31,35.02,23.0,0.5,4.1
4014,Happy Square,WHITEFORCE,Micro Cap,Manufacturing & Services,Diversified,38.0,7.12,44.08,0.0,4.21,65.84,18.59,24.0,0.5,4.1
4015,Golden Tobacco,GOLDENTOBC,Micro Cap,Cement & Building Materials,Cement & Materials,24.96,8.29,43.95,0.0,-1.55,3.8,0.0,40.0,2.0,13.2
4016,Future Consumer,FCONSUMER,Micro Cap,Manufacturing & Services,Diversified,0.22,0.0,43.93,0.0,-27.82,115.27,12.02,26.0,0.5,4.1
4017,Celebrity Fash.,CELEBRITY,Micro Cap,Manufacturing & Services,Diversified,6.8,0.0,43.89,0.0,-2.37,26.42,-12.31,27.0,0.5,4.1
4018,Helloji Holidays,544630,Micro Cap,Manufacturing & Services,Diversified,127.95,35.11,43.89,0.0,0.35,14.97,14.26,28.0,0.5,4.1
4019,Storage Tech,544171,Micro Cap,IT & Software Services,IT & Software,34.17,0.0,43.87,0.88,-1.77,37.76,-4.46,64.0,1.0,8.4
4020,Tirupati Innovar,539040,Micro Cap,Manufacturing & Services,Diversified,6.17,67.29,43.74,0.0,-1.83,73.2,1.44,30.0,0.5,4.1
4021,Cybele Industrie,531472,Micro Cap,Manufacturing & Services,Diversified,40.89,1.6,43.74,0.0,-0.26,9.1,45.26,31.0,0.5,4.1
4022,Osia Hyper Reta.,OSIAHYPER,Micro Cap,Manufacturing & Services,Diversified,2.47,2.43,43.71,0.0,4.32,382.98,14.72,32.0,0.5,4.1
4023,V.L.Infraproject,VLINFRA,Micro Cap,Manufacturing & Services,Diversified,27.8,5.19,43.68,0.0,4.4,86.9,22.41,33.0,0.5,4.1
4024,Swashthik Plas.,544035,Micro Cap,Manufacturing & Services,Diversified,22.4,5.42,43.61,0.0,2.54,77.09,9.42,34.0,0.5,4.1
4025,Archies,ARCHIES,Micro Cap,Manufacturing & Services,Diversified,12.9,0.0,43.58,0.0,-1.38,7.9,-0.53,10.0,0.5,4.1
4026,Sam Industries,532005,Micro Cap,Manufacturing & Services,Diversified,39.24,11.7,43.51,0.0,0.46,3.71,4.19,11.0,0.5,4.1
4027,Mapro Industries,509762,Micro Cap,Manufacturing & Services,Diversified,51.84,94.54,43.49,0.0,0.26,0.37,1.56,12.0,0.5,4.1
4028,India Home Loans,530979,Micro Cap,Manufacturing & Services,Diversified,30.41,310.21,43.43,0.0,0.06,2.47,9.41,13.0,0.5,4.1
4029,Austin Engg Co,AUSTENG,Micro Cap,Manufacturing & Services,Diversified,124.7,10.21,43.4,0.0,0.94,32.28,10.87,14.0,0.5,4.1
4030,Karma Energy Ltd,KARMAENG,Micro Cap,Power Utilities & Cleantech,Renewable Energy & Power,37.45,48.69,43.33,0.0,0.44,3.2,-4.76,25.0,2.0,13.2
4031,Bombay Metrics,BMETRICS,Micro Cap,Manufacturing & Services,Diversified,35.15,27.92,43.28,0.57,0.63,45.19,10.53,16.0,0.5,4.1
4032,Bhudevi Infra,526488,Micro Cap,Manufacturing & Services,Diversified,94.15,108.02,43.21,0.0,-0.4,0.0,1.12,17.0,0.5,4.1
4033,Grameva,539120,Micro Cap,Manufacturing & Services,Diversified,89.95,15.25,43.17,0.0,0.68,46.97,25.86,18.0,0.5,4.1
4034,Akash InfraProj.,AKASH,Micro Cap,Manufacturing & Services,Diversified,25.6,43.17,43.17,0.0,0.19,39.14,3.81,19.0,0.5,4.1
4035,Zodiac-JRD MKJ,512587,Micro Cap,Manufacturing & Services,Diversified,39.28,10.62,43.11,0.0,0.92,12.95,7.42,20.0,0.5,4.1
4036,Royal Cush. Vin.,526193,Micro Cap,Manufacturing & Services,Diversified,11.78,0.0,43.1,0.0,-5.13,8.25,-0.17,21.0,0.5,4.1
4037,Austere Sys.,544505,Micro Cap,Manufacturing & Services,Diversified,41.1,8.55,43.07,0.49,2.87,11.95,26.47,22.0,0.5,4.1
4038,Simplex Realty,SIMPLXREA,Micro Cap,Manufacturing & Services,Diversified,142.99,0.0,42.75,0.0,-0.09,0.21,-0.32,23.0,0.5,4.1
4039,ARC Finance,540135,Micro Cap,Banking & Financial Services,BFSI,0.49,56.18,42.7,0.0,0.17,1.84,1.28,24.0,0.5,4.1
4040,Faalcon Concepts,FAALCON,Micro Cap,Manufacturing & Services,Diversified,43.78,13.5,42.66,0.0,2.11,19.5,0.0,25.0,0.5,4.1
4041,Vedavaag Systems,VEDAVAAG,Micro Cap,Manufacturing & Services,Diversified,18.17,10.27,42.63,2.75,1.1,22.12,5.6,26.0,0.5,4.1
4042,We Win Ltd,WEWIN,Micro Cap,Manufacturing & Services,Diversified,41.91,9.55,42.58,0.0,0.91,30.77,10.9,27.0,0.5,4.1
4043,Vera Synthetic,VERA,Micro Cap,Manufacturing & Services,Diversified,86.25,12.06,42.56,0.0,1.54,24.52,19.12,28.0,0.5,4.1
4044,Amkay Products,544169,Micro Cap,Manufacturing & Services,Diversified,49.0,18.36,42.41,0.0,0.34,19.02,12.77,29.0,0.5,4.1
4045,Futuristic Solu,534063,Micro Cap,Manufacturing & Services,Diversified,40.47,15.81,42.37,0.0,1.88,2.62,7.04,30.0,0.5,4.1
4046,IFL Enterprises,540377,Micro Cap,Manufacturing & Services,Diversified,0.34,0.0,42.33,0.0,-9.19,29.17,-3.31,31.0,0.5,4.1
4047,Dhruv Consultanc,DHRUV,Micro Cap,Manufacturing & Services,Diversified,22.32,0.0,42.33,0.9,-4.74,15.55,-32.46,32.0,0.5,4.1
4048,Jain Irrigat-DVR,JISLDVREQS,Micro Cap,Manufacturing & Services,Diversified,21.93,0.0,42.31,0.0,20.42,1092.49,0.0,33.0,0.5,4.1
4049,Infonative Solu.,544393,Micro Cap,Manufacturing & Services,Diversified,35.71,14.85,42.31,0.0,1.34,10.95,13.82,34.0,0.5,4.1
4050,AD Manum Finance,511359,Micro Cap,Banking & Financial Services,BFSI,55.99,4.22,41.99,0.0,2.63,4.63,14.92,10.0,0.5,4.1
4051,PBM Polytex,PBMPOLY,Micro Cap,Manufacturing & Services,Diversified,61.0,22.8,41.96,0.0,1.95,38.85,-1.35,11.0,0.5,4.1
4052,Sunsky Logistics,544566,Micro Cap,Manufacturing & Services,Diversified,33.72,14.71,41.93,0.0,1.05,13.05,20.03,12.0,0.5,4.1
4053,Raj Television,RAJTV,Micro Cap,Manufacturing & Services,Diversified,8.07,0.0,41.89,0.0,-1.01,14.97,2.63,13.0,0.5,4.1
4054,Picturehouse,532355,Micro Cap,Manufacturing & Services,Diversified,8.01,68.61,41.85,0.0,0.05,0.1,11.0,14.0,0.5,4.1
4055,Synoptics Techno,SYNOPTICS,Micro Cap,IT & Software Services,IT & Software,49.35,10.23,41.85,0.0,0.69,27.41,7.22,60.0,1.0,8.4
4056,Spright Agro,531205,Micro Cap,Manufacturing & Services,Diversified,0.39,0.0,41.79,2.56,-0.01,0.0,-9.8,16.0,0.5,4.1
4057,Vivo Bio Tech,VIVOBIOT,Micro Cap,IT & Software Services,IT & Software,18.8,0.0,41.72,0.0,0.19,14.28,7.29,62.0,1.0,8.4
4058,CCL Internationa,531900,Micro Cap,Manufacturing & Services,Diversified,21.72,0.0,41.69,0.0,-0.46,6.28,4.3,18.0,0.5,4.1
4059,Sri Ramakr. Mill,521178,Micro Cap,Textiles & Apparel,Textiles,58.5,1.84,41.65,0.0,2.06,16.46,30.72,34.0,1.0,7.3
4060,Camex,524440,Micro Cap,Manufacturing & Services,Diversified,40.75,11.65,41.6,0.0,1.4,40.83,10.7,20.0,0.5,4.1
4061,Nova Iron &Steel,513566,Micro Cap,Metals & Mining,Metals & Mining,11.5,0.0,41.56,0.0,-1.06,108.04,-2.76,26.0,2.0,13.2
4062,Impex Ferro Tech,IMPEXFERRO,Micro Cap,IT & Software Services,IT & Software,4.72,0.0,41.5,0.0,-1.77,0.0,0.0,67.0,1.0,8.4
4063,Sanchay Finvest,511563,Micro Cap,Manufacturing & Services,Diversified,51.84,0.0,41.47,0.0,-0.36,-0.17,-31.89,23.0,0.5,4.1
4064,Shiva Global,SHIVAAGRO,Micro Cap,Manufacturing & Services,Diversified,41.39,0.0,41.36,0.0,2.52,91.44,4.41,24.0,0.5,4.1
4065,Aatmaj Health,AATMAJ,Micro Cap,Manufacturing & Services,Diversified,18.25,57.29,41.25,0.0,0.2,13.51,3.6,25.0,0.5,4.1
4066,Walchand People,501370,Micro Cap,Manufacturing & Services,Diversified,142.0,9.16,41.24,0.7,2.02,9.51,15.66,26.0,0.5,4.1
4067,Newmalayalam St.,NMSTEEL,Micro Cap,Metals & Mining,Metals & Mining,23.85,5.82,41.23,0.0,2.86,157.69,12.4,32.0,2.0,13.2
4068,Evans Electric,542668,Micro Cap,Manufacturing & Services,Diversified,75.0,0.0,41.16,2.0,-0.75,4.81,1.69,28.0,0.5,4.1
4069,Spectrum Foods,531982,Micro Cap,Manufacturing & Services,Diversified,17.11,51.4,41.12,0.0,1.97,8.97,1.06,29.0,0.5,4.1
4070,Pace E-Commerce,543637,Micro Cap,Manufacturing & Services,Diversified,18.19,10.87,40.99,0.0,1.58,57.92,7.53,30.0,0.5,4.1
4071,Alfavision Overs,531156,Micro Cap,Manufacturing & Services,Diversified,12.99,409.5,40.95,0.0,0.04,0.58,0.08,31.0,0.5,4.1
4072,Dhanlaxmi Crop,DHANLAXMI,Micro Cap,Manufacturing & Services,Diversified,25.0,0.0,40.82,0.0,-5.13,9.34,0.93,32.0,0.5,4.1
4073,Sita Enterprises,512589,Micro Cap,Manufacturing & Services,Diversified,136.0,15.4,40.8,0.0,0.11,0.27,29.59,33.0,0.5,4.1
4074,Netlink Solns(I),509040,Micro Cap,Manufacturing & Services,Diversified,161.2,56.62,40.77,0.0,0.43,0.0,6.09,34.0,0.5,4.1
4075,Prism Medico,512217,Micro Cap,Manufacturing & Services,Diversified,30.0,0.0,40.69,0.0,-0.06,0.0,2.82,10.0,0.5,4.1
4076,Star Housing Fin,539017,Micro Cap,Manufacturing & Services,Diversified,5.15,6.12,40.67,1.94,0.49,25.82,12.1,11.0,0.5,4.1
4077,Rajnish Wellness,541601,Micro Cap,Manufacturing & Services,Diversified,0.4,0.0,40.61,0.0,0.12,31.01,-8.99,12.0,0.5,4.1
4078,T N Telecom.,TNTELE,Micro Cap,Telecom & Data Centers,Telecom Infrastructure,8.88,0.0,40.56,0.0,-3.41,0.0,0.0,83.0,1.0,8.4
4079,Sainik Finance,530265,Micro Cap,Banking & Financial Services,BFSI,37.25,9.77,40.53,0.0,0.92,4.42,10.57,14.0,0.5,4.1
4080,Lak. Fin. & Indl,LFIC,Micro Cap,Manufacturing & Services,Diversified,134.64,29.48,40.39,2.23,4.04,6.13,-2.1,15.0,0.5,4.1
4081,SM Auto Stamping,543065,Micro Cap,Automotive & 2W/3W,Auto Ancillary & Components,29.5,11.88,40.38,5.08,2.56,37.19,16.12,56.0,1.0,7.3
4082,Anjani Synth.,531223,Micro Cap,Manufacturing & Services,Diversified,27.35,10.06,40.34,0.0,1.14,69.51,5.99,17.0,0.5,4.1
4083,Sagardeep Alloys,SAGARDEEP,Micro Cap,Manufacturing & Services,Diversified,23.62,14.09,40.29,0.0,0.74,57.08,10.59,18.0,0.5,4.1
4084,Gothi Plascon,531111,Micro Cap,Manufacturing & Services,Diversified,39.4,18.78,40.19,5.08,0.68,1.33,20.67,19.0,0.5,4.1
4085,Modern Engineer.,539762,Micro Cap,Manufacturing & Services,Diversified,26.01,5.46,40.19,0.0,0.68,12.82,15.09,20.0,0.5,4.1
4086,Galactico Corpo.,542802,Micro Cap,Manufacturing & Services,Diversified,2.19,18.33,40.14,0.0,1.1,8.05,6.24,21.0,0.5,4.1
4087,Archidply Decor,ADL,Micro Cap,Manufacturing & Services,Diversified,72.0,801.6,40.08,0.0,-0.25,11.05,2.7,22.0,0.5,4.1
4088,21st Cent. Mgmt.,21STCENMGM,Micro Cap,Manufacturing & Services,Diversified,38.13,0.0,40.04,0.0,9.14,9.66,-57.0,23.0,0.5,4.1
4089,Swati Projects,543914,Micro Cap,Manufacturing & Services,Diversified,39.62,5.71,40.02,0.0,0.85,1.69,62.36,24.0,0.5,4.1
4090,PCS Technology,517119,Micro Cap,IT & Software Services,IT & Software,19.0,22.49,39.81,0.0,0.49,0.1,4.98,55.0,1.0,8.4
4091,Welcast Steels,504988,Micro Cap,Metals & Mining,Metals & Mining,621.05,0.0,39.75,0.0,-0.72,1.22,-4.26,26.0,2.0,13.2
4092,Artefact Project,531297,Micro Cap,Manufacturing & Services,Diversified,54.5,7.52,39.65,0.92,0.94,3.17,10.22,27.0,0.5,4.1
4093,Crestchem,526269,Micro Cap,Chemicals & Petrochemicals,Chemicals,131.75,11.84,39.53,1.14,0.98,9.18,43.41,28.0,0.5,4.1
4094,Sundrex Oil,SOCL,Micro Cap,Manufacturing & Services,Diversified,29.5,7.43,39.51,0.0,2.9,67.25,21.24,29.0,0.5,4.1
4095,Ajcon Global,511692,Micro Cap,Manufacturing & Services,Diversified,6.45,157.8,39.45,0.0,0.22,2.98,2.93,30.0,0.5,4.1
4096,Medicamen Organ.,MEDIORG,Micro Cap,Manufacturing & Services,Diversified,26.5,0.0,39.43,0.0,-6.06,4.78,-10.66,31.0,0.5,4.1
4097,Skytech Infinite Platform,SKYTECH,Micro Cap,IT & Software Services,IT & Software,40.05,10.01,39.33,0.0,0.0,0.0,26.11,62.0,1.0,8.4
4098,HB Stockholdings,HBSL,Micro Cap,Manufacturing & Services,Diversified,54.91,0.0,39.19,1.82,7.95,10.09,-11.88,33.0,0.5,4.1
4099,TAVEXIA LIFECARE,539519,Micro Cap,Manufacturing & Services,Diversified,1.02,0.0,39.13,0.0,-0.16,0.64,0.59,34.0,0.5,4.1
4100,Oriental Trimex,ORIENTALTL,Micro Cap,Manufacturing & Services,Diversified,5.31,15.55,39.03,0.0,0.82,7.88,3.83,10.0,0.5,4.1
4101,B2B Soft.Tech.,531268,Micro Cap,IT & Software Services,IT & Software,22.46,12.55,39.03,2.97,0.92,7.39,15.84,66.0,1.0,8.4
4102,Bandaram Pharma,524602,Micro Cap,Pharmaceuticals & Healthcare,Pharma & Healthcare,21.7,39.39,39.0,0.46,0.68,23.95,4.42,12.0,0.5,4.1
4103,Baba Food,BABAFP,Micro Cap,Manufacturing & Services,Diversified,23.85,0.0,38.94,0.0,-2.74,104.35,1.31,13.0,0.5,4.1
4104,Roopa Industries,530991,Micro Cap,Manufacturing & Services,Diversified,49.45,9.22,38.9,0.0,0.33,33.32,15.03,14.0,0.5,4.1
4105,Solitaire Mach.,522152,Micro Cap,Manufacturing & Services,Diversified,85.57,24.9,38.85,1.75,0.26,3.84,8.26,15.0,0.5,4.1
4106,Amalgamated Elec,501622,Micro Cap,Manufacturing & Services,Diversified,139.9,0.0,38.84,0.0,-0.21,0.0,0.0,16.0,0.5,4.1
4107,Yug Decor,540550,Micro Cap,Manufacturing & Services,Diversified,24.0,485.5,38.84,0.0,0.15,19.24,5.72,17.0,0.5,4.1
4108,N G Industries,530897,Micro Cap,Manufacturing & Services,Diversified,115.8,20.1,38.8,3.02,0.39,4.21,5.88,18.0,0.5,4.1
4109,Metal Coatings,531810,Micro Cap,Metals & Mining,Metals & Mining,52.94,15.15,38.79,1.89,0.77,38.25,7.08,44.0,2.0,13.2
4110,Sh. Rajas. Synt.,503837,Micro Cap,Manufacturing & Services,Diversified,9.5,0.0,38.7,0.0,-0.7,3.76,-36.47,20.0,0.5,4.1
4111,Vista Pharma.,524711,Micro Cap,Pharmaceuticals & Healthcare,Pharma & Healthcare,6.28,0.0,38.65,0.0,-0.99,0.0,-30.33,21.0,0.5,4.1
4112,MSL Global,511000,Micro Cap,Manufacturing & Services,Diversified,18.04,19.42,38.64,0.0,-1.06,0.12,3.51,22.0,0.5,4.1
4113,Homre,523387,Micro Cap,Manufacturing & Services,Diversified,1.93,142.89,38.58,0.0,0.63,11.92,36.91,23.0,0.5,4.1
4114,Inland Printers,530787,Micro Cap,Manufacturing & Services,Diversified,77.91,0.0,38.52,0.0,-0.1,0.0,-8.82,24.0,0.5,4.1
4115,Rasi Electrodes,531233,Micro Cap,Manufacturing & Services,Diversified,12.37,10.73,38.51,1.62,1.33,17.64,12.86,25.0,0.5,4.1
4116,Panjon,526345,Micro Cap,Manufacturing & Services,Diversified,22.4,63.03,38.45,0.0,0.11,8.07,4.87,26.0,0.5,4.1
4117,Nanavati Venture,543522,Micro Cap,Manufacturing & Services,Diversified,82.3,549.0,38.43,0.0,0.03,1.79,0.71,27.0,0.5,4.1
4118,Dindigul Farm,544201,Micro Cap,Manufacturing & Services,Diversified,15.73,10.33,38.43,0.0,2.81,51.76,8.84,28.0,0.5,4.1
4119,Glance Finance,531199,Micro Cap,Banking & Financial Services,BFSI,170.0,13.79,38.35,0.0,5.8,8.93,13.25,29.0,0.5,4.1
4120,Sarup Industries,514412,Micro Cap,Manufacturing & Services,Diversified,118.0,76.7,38.35,0.0,0.05,3.1,4.14,30.0,0.5,4.1
4121,Super Spinning,SUPERSPIN,Micro Cap,Manufacturing & Services,Diversified,6.95,1274.33,38.23,0.0,0.56,1.5,2.96,31.0,0.5,4.1
4122,Sudal Industries,506003,Micro Cap,Manufacturing & Services,Diversified,45.54,21.29,38.11,0.0,3.13,53.12,14.83,32.0,0.5,4.1
4123,Relicab Cable,539760,Micro Cap,Banking & Financial Services,BFSI,37.71,21.39,38.07,0.0,0.42,17.19,17.82,33.0,0.5,4.1
4124,Spenta Intl.,526161,Micro Cap,Manufacturing & Services,Diversified,137.7,0.0,38.06,0.73,-0.82,9.9,0.88,34.0,0.5,4.1
4125,ARC Insulation,ARCIIL,Micro Cap,Manufacturing & Services,Diversified,36.95,20.46,38.05,0.0,1.0,10.85,6.5,10.0,0.5,4.1
4126,Relic Tech.,511712,Micro Cap,IT & Software Services,IT & Software,68.0,0.0,38.02,0.0,-1.03,0.35,-34.29,51.0,1.0,8.4
4127,Rolcon Engg. Co.,505807,Micro Cap,Manufacturing & Services,Diversified,499.8,12.37,37.98,0.5,0.74,12.6,13.29,12.0,0.5,4.1
4128,Duropack,526355,Micro Cap,Manufacturing & Services,Diversified,72.01,18.07,37.95,0.0,0.65,11.37,12.13,13.0,0.5,4.1
4129,H P Cotton Tex,502873,Micro Cap,Manufacturing & Services,Diversified,96.75,12.28,37.95,0.0,1.02,31.18,18.93,14.0,0.5,4.1
4130,Yaan Enterprises,538521,Micro Cap,Manufacturing & Services,Diversified,122.3,47.39,37.91,0.0,0.02,1.15,17.31,15.0,0.5,4.1
4131,Unilex Colour &C,UNILEX,Micro Cap,Manufacturing & Services,Diversified,27.75,4.61,37.79,0.0,6.7,78.63,0.0,16.0,0.5,4.1
4132,Sugal & Damani,511654,Micro Cap,Manufacturing & Services,Diversified,60.38,16.63,37.74,0.0,0.19,1.59,19.34,17.0,0.5,4.1
4133,Victory Ele.,VICTORYEV,Micro Cap,Manufacturing & Services,Diversified,15.65,17.53,37.7,0.0,0.53,15.27,10.52,18.0,0.5,4.1
4134,Eighty Jewellers,543518,Micro Cap,Manufacturing & Services,Diversified,36.92,3.87,37.66,0.27,6.54,73.6,25.12,19.0,0.5,4.1
4135,Jupiter Info.,534623,Micro Cap,Manufacturing & Services,Diversified,37.52,0.0,37.6,0.0,0.02,0.4,1.5,20.0,0.5,4.1
4136,Goldline Pharmaceutical,544759,Micro Cap,Pharmaceuticals & Healthcare,Pharma & Healthcare,39.16,9.12,37.59,0.0,2.76,17.31,30.64,21.0,0.5,4.1
4137,Gokak Textiles,532957,Micro Cap,Textiles & Apparel,Textiles,57.8,0.0,37.57,0.0,-4.4,25.39,-2.37,62.0,1.0,7.3
4138,Aro Granite Inds,AROGRANITE,Micro Cap,Manufacturing & Services,Diversified,24.55,0.0,37.56,0.0,-7.45,20.62,0.57,23.0,0.5,4.1
4139,Mohit Paper Mill,530169,Micro Cap,Textiles & Apparel,Textiles,26.74,5.49,37.44,0.0,1.22,63.16,11.83,64.0,1.0,7.3
4140,Jivial Industrie,544805,Micro Cap,Manufacturing & Services,Diversified,79.9,9.95,37.31,0.0,0.0,0.0,51.76,25.0,0.5,4.1
4141,Saven Tech.,532404,Micro Cap,IT & Software Services,IT & Software,34.2,13.2,37.21,4.39,0.75,4.86,21.0,66.0,1.0,8.4
4142,Orient Beverages,507690,Micro Cap,Manufacturing & Services,Diversified,172.1,8.75,37.17,0.0,2.11,53.49,12.17,27.0,0.5,4.1
4143,Burnpur Cement,BURNPUR,Micro Cap,Cement & Building Materials,Cement & Materials,21.56,0.0,37.14,0.0,-21.57,0.0,0.0,18.0,2.0,13.2
4144,EL Forge,531144,Micro Cap,Automotive & 2W/3W,Auto Ancillary & Components,18.26,11.71,37.11,0.0,1.17,21.83,11.08,69.0,1.0,7.3
4145,Dynamic Industri,524818,Micro Cap,Manufacturing & Services,Diversified,122.3,20.94,37.06,0.82,0.74,21.52,5.94,30.0,0.5,4.1
4146,K G Denim,500239,Micro Cap,Manufacturing & Services,Diversified,14.45,3.27,37.05,0.0,8.44,4.86,9.86,31.0,0.5,4.1
4147,Sandu Pharma.,524703,Micro Cap,Pharmaceuticals & Healthcare,Pharma & Healthcare,38.22,20.86,36.92,2.62,0.23,16.39,6.43,32.0,0.5,4.1
4148,Lerthai Finance,502250,Micro Cap,Banking & Financial Services,BFSI,525.5,0.0,36.79,0.0,-0.17,0.0,-3.94,33.0,0.5,4.1
4149,Kabsons Industri,524675,Micro Cap,Manufacturing & Services,Diversified,20.98,281.85,36.64,0.0,0.06,14.11,9.28,34.0,0.5,4.1
4150,Cubical Finan,511710,Micro Cap,Manufacturing & Services,Diversified,5.61,110.79,36.56,0.0,0.23,0.27,2.11,10.0,0.5,4.1
4151,Natl. Plastic,526616,Micro Cap,Manufacturing & Services,Diversified,40.02,11.28,36.54,0.0,0.63,15.52,12.35,11.0,0.5,4.1
4152,Uma Converter,UMA,Micro Cap,Manufacturing & Services,Diversified,18.0,11.51,36.49,0.0,1.05,129.03,7.19,12.0,0.5,4.1
4153,Containe Tech.,543606,Micro Cap,IT & Software Services,IT & Software,17.34,35.67,36.38,0.0,0.73,11.76,8.23,78.0,1.0,8.4
4154,Suryaamba Spinni,533101,Micro Cap,Manufacturing & Services,Diversified,124.05,18.94,36.37,0.81,-0.55,49.27,8.2,14.0,0.5,4.1
4155,Vinit Mobile,VMOBILE,Micro Cap,Manufacturing & Services,Diversified,58.85,6.33,36.31,0.0,2.34,31.77,69.41,15.0,0.5,4.1
4156,Poona Dal & Oil,519359,Micro Cap,Manufacturing & Services,Diversified,63.55,25.56,36.29,0.0,0.13,35.25,3.52,16.0,0.5,4.1
4157,Ansal Housing,507828,Micro Cap,Manufacturing & Services,Diversified,5.21,0.0,36.28,0.0,-3.12,46.7,-5.05,17.0,0.5,4.1
4158,Jainex Aamcol,505212,Micro Cap,Manufacturing & Services,Diversified,161.3,25.67,36.2,0.0,0.48,7.53,10.59,18.0,0.5,4.1
4159,Chandra Bhagat,542934,Micro Cap,Manufacturing & Services,Diversified,47.88,11.85,36.13,0.0,2.6,90.73,12.14,19.0,0.5,4.1
4160,Liotech Ind.,544796,Micro Cap,IT & Software Services,IT & Software,92.5,5.71,36.08,0.0,2.45,33.98,48.38,45.0,1.0,8.4
4161,PAN HR Solution,544698,Micro Cap,Manufacturing & Services,Diversified,49.99,4.81,36.05,0.0,4.32,125.92,29.61,21.0,0.5,4.1
4162,Alfa Ica (I),530973,Micro Cap,Manufacturing & Services,Diversified,89.0,16.57,35.96,0.0,0.77,29.72,11.0,22.0,0.5,4.1
4163,Homesfy Realty,HOMESFY,Micro Cap,Manufacturing & Services,Diversified,111.3,0.0,35.91,0.0,-11.93,20.79,-48.9,23.0,0.5,4.1
4164,Scan Projects,531797,Micro Cap,Manufacturing & Services,Diversified,124.8,51.97,35.86,0.0,0.13,2.16,17.54,24.0,0.5,4.1
4165,Chordia Food,519475,Micro Cap,Manufacturing & Services,Diversified,89.0,53.51,35.85,0.0,0.1,0.91,6.72,25.0,0.5,4.1
4166,M M Rubber,509196,Micro Cap,Manufacturing & Services,Diversified,57.17,178.1,35.62,0.0,0.92,11.24,-3.11,26.0,0.5,4.1
4167,LGT Global Hospitality,544489,Micro Cap,Manufacturing & Services,Diversified,38.0,7.76,35.62,0.0,0.9,64.88,21.08,27.0,0.5,4.1
4168,Q&T Foods,544872,Micro Cap,Manufacturing & Services,Diversified,50.32,6.85,35.61,0.0,0.0,0.0,38.87,28.0,0.5,4.1
4169,G G Dandekar,505250,Micro Cap,Manufacturing & Services,Diversified,74.65,394.89,35.54,0.0,-0.26,0.83,-0.55,29.0,0.5,4.1
4170,Mittal Life Styl,MITTAL,Micro Cap,Manufacturing & Services,Diversified,0.8,13.66,35.52,0.0,0.69,19.35,7.89,30.0,0.5,4.1
4171,Kalyan Capitals,538778,Micro Cap,Manufacturing & Services,Diversified,6.75,10.81,35.45,0.0,1.03,12.35,13.25,31.0,0.5,4.1
4172,Jay Kailash,544160,Micro Cap,Manufacturing & Services,Diversified,70.79,29.48,35.37,0.0,0.36,7.55,8.24,32.0,0.5,4.1
4173,Deem Roll-Tech,DEEM,Micro Cap,IT & Software Services,IT & Software,42.3,16.25,35.27,0.0,2.64,45.42,5.47,58.0,1.0,8.4
4174,Toyam Sports,TOYAMSL,Micro Cap,Manufacturing & Services,Diversified,0.61,0.0,35.25,0.0,-3.43,0.0,-6.5,34.0,0.5,4.1
4175,Morarjee Text.,MORARJEE,Micro Cap,Manufacturing & Services,Diversified,9.7,0.0,35.24,0.0,-105.59,13.22,-26.12,10.0,0.5,4.1
4176,Asia Capital,538777,Micro Cap,Manufacturing & Services,Diversified,113.95,220.19,35.23,0.0,0.04,0.09,3.02,11.0,0.5,4.1
4177,ABC India,520123,Micro Cap,Manufacturing & Services,Diversified,65.0,0.0,35.21,0.77,0.12,41.31,-0.31,12.0,0.5,4.1
4178,Healthy Life,543546,Micro Cap,Manufacturing & Services,Diversified,7.09,7.71,35.18,0.0,1.39,69.52,10.56,13.0,0.5,4.1
4179,Arnold Holdings,537069,Micro Cap,Manufacturing & Services,Diversified,14.79,8.37,35.16,0.0,3.51,70.81,9.5,14.0,0.5,4.1
4180,Anupam Finserv,530109,Micro Cap,Manufacturing & Services,Diversified,1.85,16.18,35.11,0.0,0.56,1.7,8.16,15.0,0.5,4.1
4181,Kay Power &Paper,530255,Micro Cap,Power Utilities & Cleantech,Renewable Energy & Power,10.05,32.81,35.11,0.0,0.13,5.89,1.54,26.0,2.0,13.2
4182,Swasti Vinayaka,510245,Micro Cap,Manufacturing & Services,Diversified,3.89,10.45,35.01,0.0,0.55,7.22,16.81,17.0,0.5,4.1
4183,Citadel Realty,502445,Micro Cap,Manufacturing & Services,Diversified,38.9,22.16,35.01,2.57,0.47,1.08,11.07,18.0,0.5,4.1
4184,Ram Info,530951,Micro Cap,Manufacturing & Services,Diversified,42.69,17.22,34.96,0.0,0.41,26.2,4.69,19.0,0.5,4.1
4185,JMJ Fintech,538834,Micro Cap,IT & Software Services,IT & Software,9.28,4.14,34.93,1.62,1.97,5.35,20.24,70.0,1.0,8.4
4186,BSEL ALGO,532123,Micro Cap,Manufacturing & Services,Diversified,4.03,0.0,34.91,0.0,1.29,1.47,-7.48,21.0,0.5,4.1
4187,Quadrant Tele.,511116,Micro Cap,Manufacturing & Services,Diversified,0.57,0.0,34.9,0.0,3.25,50.4,0.0,22.0,0.5,4.1
4188,Trident Texofab,540726,Micro Cap,Textiles & Apparel,Textiles,23.26,30.07,34.88,0.0,0.52,26.14,6.32,63.0,1.0,7.3
4189,Mahip Industries,542503,Micro Cap,Manufacturing & Services,Diversified,18.0,23.56,34.63,0.0,0.26,1.93,0.0,24.0,0.5,4.1
4190,Maris Spinners,531503,Micro Cap,Manufacturing & Services,Diversified,42.26,13.23,34.54,0.0,3.63,48.05,7.96,25.0,0.5,4.1
4191,Vertex Secur.,531950,Micro Cap,Manufacturing & Services,Diversified,3.18,0.0,34.49,0.0,-0.4,1.88,-12.04,26.0,0.5,4.1
4192,Rasandik Engg.,522207,Micro Cap,Manufacturing & Services,Diversified,57.7,0.0,34.48,0.0,-0.71,17.6,-3.44,27.0,0.5,4.1
4193,Keerthi Indus,518011,Micro Cap,Manufacturing & Services,Diversified,42.91,0.0,34.41,0.0,-7.14,19.11,-25.32,28.0,0.5,4.1
4194,Associated Cera.,531168,Micro Cap,Manufacturing & Services,Diversified,168.0,19.63,34.35,0.0,0.41,9.06,9.83,29.0,0.5,4.1
4195,Shreeshay Engi.,541112,Micro Cap,Manufacturing & Services,Diversified,26.0,1144.33,34.33,0.0,0.16,0.0,0.87,30.0,0.5,4.1
4196,N K Industries,NKIND,Micro Cap,Manufacturing & Services,Diversified,57.1,0.0,34.32,0.0,-0.65,2.27,0.0,31.0,0.5,4.1
4197,AccelerateBS Ind,543938,Micro Cap,Cement & Building Materials,Cement & Materials,99.75,52.75,34.29,0.3,0.65,6.92,0.0,42.0,2.0,13.2
4198,Blue Pebble,BLUEPEBBLE,Micro Cap,Manufacturing & Services,Diversified,84.0,69.94,34.27,0.6,-0.26,11.14,2.38,33.0,0.5,4.1
4199,Arigato Universe,530267,Micro Cap,Manufacturing & Services,Diversified,56.19,12.97,34.25,0.0,0.4,4.18,20.4,34.0,0.5,4.1
4200,Madhucon Project,MADHUCON,Micro Cap,Manufacturing & Services,Diversified,4.63,0.0,34.17,0.0,17.26,49.94,-34.01,10.0,0.5,4.1
4201,Bhanderi Infra.,538576,Micro Cap,Manufacturing & Services,Diversified,131.0,170.1,34.02,0.0,0.03,2.88,0.92,11.0,0.5,4.1
4202,Carnation Inds.,530609,Micro Cap,Manufacturing & Services,Diversified,98.26,0.0,33.97,0.0,-0.52,0.0,8.9,12.0,0.5,4.1
4203,Ashoka Metcast,ASHOKAMET,Micro Cap,Manufacturing & Services,Diversified,13.58,2.63,33.94,0.0,3.23,4.07,9.39,13.0,0.5,4.1
4204,Swojas Foods,530217,Micro Cap,Manufacturing & Services,Diversified,7.38,43.96,33.85,0.0,0.1,34.56,8.55,14.0,0.5,4.1
4205,Jaihind Industries,514312,Micro Cap,Manufacturing & Services,Diversified,39.58,483.29,33.83,0.0,0.07,0.17,0.12,15.0,0.5,4.1
4206,Centenial Surgic,531380,Micro Cap,Manufacturing & Services,Diversified,92.5,0.0,33.75,0.0,0.74,15.34,2.52,16.0,0.5,4.1
4207,Mac Hotels,541973,Micro Cap,Manufacturing & Services,Diversified,53.1,102.27,33.75,0.0,-0.13,2.47,4.65,17.0,0.5,4.1
4208,Lasa Supergeneri,LASA,Micro Cap,Manufacturing & Services,Diversified,6.73,0.0,33.72,0.0,-3.58,1.23,-18.15,18.0,0.5,4.1
4209,Gini Silk Mills,531744,Micro Cap,Textiles & Apparel,Textiles,60.27,15.18,33.71,0.0,0.77,9.05,2.68,34.0,1.0,7.3
4210,Advance Petroch.,506947,Micro Cap,Manufacturing & Services,Diversified,374.6,16.44,33.71,0.0,2.04,18.9,7.25,20.0,0.5,4.1
4211,Rajnish Retail,530525,Micro Cap,Manufacturing & Services,Diversified,2.15,108.71,33.7,0.0,0.13,24.04,0.86,21.0,0.5,4.1
4212,Mohit Industries,MOHITIND,Micro Cap,Manufacturing & Services,Diversified,23.78,0.0,33.67,0.0,-0.29,24.83,1.65,22.0,0.5,4.1
4213,Innovative Tech,523840,Micro Cap,IT & Software Services,IT & Software,14.97,0.0,33.63,0.0,-0.78,35.95,11.54,58.0,1.0,8.4
4214,Sihora Indust.,544585,Micro Cap,Manufacturing & Services,Diversified,62.99,34.6,33.56,0.0,0.32,10.54,11.48,24.0,0.5,4.1
4215,Auro Impex,AUROIMPEX,Micro Cap,Manufacturing & Services,Diversified,27.5,8.06,33.55,0.0,2.54,115.35,9.75,25.0,0.5,4.1
4216,HRH Next,HRHNEXT,Micro Cap,Manufacturing & Services,Diversified,25.4,6.9,33.54,0.0,2.78,35.92,15.84,26.0,0.5,4.1
4217,Informed Techn.,504810,Micro Cap,IT & Software Services,IT & Software,80.28,29.11,33.48,0.0,1.17,0.3,-0.32,62.0,1.0,8.4
4218,Cian Healthcare,542678,Micro Cap,Manufacturing & Services,Diversified,13.39,0.0,33.48,0.0,-17.97,16.98,-15.51,28.0,0.5,4.1
4219,Sunrest Lifescie,SUNREST,Micro Cap,Manufacturing & Services,Diversified,39.0,8.12,33.47,0.0,6.57,36.82,28.55,29.0,0.5,4.1
4220,Falcon,FALCONTECH,Micro Cap,IT & Software Services,IT & Software,12.45,11.01,33.35,0.0,2.64,43.35,11.21,65.0,1.0,8.4
4221,Sri Chakra Cem.,518053,Micro Cap,Manufacturing & Services,Diversified,37.03,0.0,33.33,0.0,0.28,26.26,-79.12,31.0,0.5,4.1
4222,Shyamkamal Inv,505515,Micro Cap,Manufacturing & Services,Diversified,12.61,52.05,33.31,0.79,0.39,0.75,5.15,32.0,0.5,4.1
4223,TCM,524156,Micro Cap,Manufacturing & Services,Diversified,44.5,0.0,33.28,0.0,-1.6,4.88,-9.3,33.0,0.5,4.1
4224,Spinaroo Comm.,544392,Micro Cap,Manufacturing & Services,Diversified,47.45,61.46,33.19,0.0,0.09,19.9,6.27,34.0,0.5,4.1
4225,USG Tech,532402,Micro Cap,IT & Software Services,IT & Software,8.41,0.0,33.15,0.0,-0.12,0.0,-0.48,70.0,1.0,8.4
4226,Akshar Spintex,AKSHAR,Micro Cap,Manufacturing & Services,Diversified,0.42,0.0,33.07,0.0,0.6,29.93,-8.54,11.0,0.5,4.1
4227,Surbhi Industrie,514260,Micro Cap,Manufacturing & Services,Diversified,96.01,17.65,33.0,0.0,0.36,6.68,10.63,12.0,0.5,4.1
4228,Tatia Global,521228,Micro Cap,Manufacturing & Services,Diversified,2.17,5.75,32.9,0.0,0.22,0.21,16.62,13.0,0.5,4.1
4229,Sampat Aluminium,544520,Micro Cap,Manufacturing & Services,Diversified,38.75,5.53,32.86,0.0,1.22,96.87,14.71,14.0,0.5,4.1
4230,Medi Caps,MEDICAPQ,Micro Cap,Manufacturing & Services,Diversified,26.29,0.0,32.78,0.0,-2.23,2.79,-9.19,15.0,0.5,4.1
4231,TeleCanor Global,530595,Micro Cap,Manufacturing & Services,Diversified,19.85,4.58,32.73,0.0,3.17,6.87,16.44,16.0,0.5,4.1
4232,Kontor Space,KONTOR,Micro Cap,Manufacturing & Services,Diversified,52.95,14.41,32.72,0.0,0.71,12.16,15.43,17.0,0.5,4.1
4233,Guj. Petrosynth.,506858,Micro Cap,Manufacturing & Services,Diversified,54.79,12.48,32.71,0.0,0.86,7.34,5.71,18.0,0.5,4.1
4234,GDL Leasing,530855,Micro Cap,Manufacturing & Services,Diversified,65.23,53.57,32.68,0.0,0.14,0.88,15.98,19.0,0.5,4.1
4235,Olatech Solution,543578,Micro Cap,IT & Software Services,IT & Software,73.4,19.33,32.67,0.0,-0.72,10.31,14.39,80.0,1.0,8.4
4236,Inter State Oil,530259,Micro Cap,Manufacturing & Services,Diversified,65.32,13.82,32.61,0.0,0.63,29.13,10.53,21.0,0.5,4.1
4237,Shakti Press,526841,Micro Cap,Manufacturing & Services,Diversified,11.58,16.06,32.61,0.0,0.43,27.66,8.88,22.0,0.5,4.1
4238,Yamini Invest,511012,Micro Cap,Manufacturing & Services,Diversified,0.62,652.0,32.6,0.0,0.03,0.37,0.36,23.0,0.5,4.1
4239,Cerebra Integr.,CEREBRAINT,Micro Cap,Manufacturing & Services,Diversified,2.69,0.0,32.6,0.0,-6.46,0.32,-40.77,24.0,0.5,4.1
4240,Supra Trends,511539,Micro Cap,Manufacturing & Services,Diversified,13.78,0.0,32.6,0.0,-0.32,2.66,-7.17,25.0,0.5,4.1
4241,Bervin Invest.,531340,Micro Cap,Manufacturing & Services,Diversified,55.23,21.58,32.58,0.0,-0.11,0.0,-50.22,26.0,0.5,4.1
4242,Valson Industrie,530459,Micro Cap,Manufacturing & Services,Diversified,42.5,67.83,32.56,0.0,0.07,28.75,3.57,27.0,0.5,4.1
4243,Seya Industries,SEYAIND,Micro Cap,Manufacturing & Services,Diversified,12.25,0.0,32.55,0.0,-0.72,0.0,-0.32,28.0,0.5,4.1
4244,Medistep Health.,MEDISTEP,Micro Cap,Manufacturing & Services,Diversified,22.9,5.44,32.54,0.0,3.01,35.76,27.04,29.0,0.5,4.1
4245,JFL Life,JFLLIFE,Micro Cap,Manufacturing & Services,Diversified,9.85,4.81,32.5,0.0,1.11,11.1,18.19,30.0,0.5,4.1
4246,Shri Kanha Stain,SHRIKANHA,Micro Cap,Manufacturing & Services,Diversified,20.85,3.72,32.49,0.0,4.48,95.42,23.77,31.0,0.5,4.1
4247,Prolife Indust.,PROLIFE,Micro Cap,Manufacturing & Services,Diversified,79.0,7.61,32.34,0.38,2.76,25.77,12.17,32.0,0.5,4.1
4248,The Ravalgaon,507300,Micro Cap,Manufacturing & Services,Diversified,950.0,0.0,32.3,0.0,-0.63,0.0,-16.7,33.0,0.5,4.1
4249,MCON Rasayan,MCON,Micro Cap,Manufacturing & Services,Diversified,44.0,10.62,32.28,0.0,1.8,36.86,11.06,34.0,0.5,4.1
4250,GKB Ophthalmics,GKB,Micro Cap,Capital Goods & Engineering,Capital Goods,63.97,8.79,32.24,0.0,1.85,33.04,10.9,10.0,0.5,4.1
4251,Simbhaoli Sugar,SIMBHALS,Micro Cap,Capital Goods & Engineering,Capital Goods,7.8,0.0,32.2,0.0,-1.74,192.21,-6.48,11.0,0.5,4.1
4252,Rajnandini Fashion,544771,Micro Cap,Manufacturing & Services,Diversified,31.05,5.42,32.2,0.0,0.0,0.0,40.62,12.0,0.5,4.1
4253,Umiya Tubes,539798,Micro Cap,Manufacturing & Services,Diversified,24.81,6.78,32.15,0.0,1.75,13.59,14.19,13.0,0.5,4.1
4254,Fine Line Cir.,517264,Micro Cap,Manufacturing & Services,Diversified,66.65,60.49,32.06,0.0,0.17,10.72,5.25,14.0,0.5,4.1
4255,Marc Loire,544437,Micro Cap,Manufacturing & Services,Diversified,45.13,18.1,32.04,0.0,0.59,20.08,11.38,15.0,0.5,4.1
4256,Le Lavoir,539814,Micro Cap,Manufacturing & Services,Diversified,92.29,18.08,32.01,0.0,0.1,1.81,16.15,16.0,0.5,4.1
4257,Stanbik Agro,544659,Micro Cap,Manufacturing & Services,Diversified,24.0,7.33,31.98,0.0,2.14,50.35,19.11,17.0,0.5,4.1
4258,GSB Finance,511543,Micro Cap,Banking & Financial Services,BFSI,53.23,177.44,31.94,0.0,0.61,0.92,0.49,18.0,0.5,4.1
4259,Esha Media,531259,Micro Cap,Manufacturing & Services,Diversified,40.87,0.0,31.91,0.0,-0.65,0.48,0.0,19.0,0.5,4.1
4260,Amrapali Fincap,539265,Micro Cap,Manufacturing & Services,Diversified,23.7,40.83,31.85,0.0,0.55,16.0,0.41,20.0,0.5,4.1
4261,Shoora Designs,543970,Micro Cap,Manufacturing & Services,Diversified,68.6,793.0,31.72,0.0,0.02,9.88,0.24,21.0,0.5,4.1
4262,Guj. Terce Labs.,524314,Micro Cap,Pharmaceuticals & Healthcare,Pharma & Healthcare,40.69,14.28,31.7,0.0,-0.18,9.0,39.24,22.0,0.5,4.1
4263,Madhav Marbles,MADHAV,Micro Cap,Manufacturing & Services,Diversified,35.36,0.0,31.65,0.0,-0.8,7.91,-0.73,23.0,0.5,4.1
4264,Gogia Capital,531600,Micro Cap,Manufacturing & Services,Diversified,50.0,0.0,31.61,0.0,0.13,0.92,-15.94,24.0,0.5,4.1
4265,Avax Apparels,544337,Micro Cap,Manufacturing & Services,Diversified,37.95,10.62,31.55,0.0,1.77,21.33,41.89,25.0,0.5,4.1
4266,Sharma E I Hosp.,524548,Micro Cap,Manufacturing & Services,Diversified,96.0,26.46,31.49,0.0,0.26,10.76,11.58,26.0,0.5,4.1
4267,Kaiser Corporat.,531780,Micro Cap,Manufacturing & Services,Diversified,5.98,0.0,31.47,0.0,-0.74,1.31,-0.65,27.0,0.5,4.1
4268,Deccan Healthcar,542248,Micro Cap,Manufacturing & Services,Diversified,12.69,13.48,31.41,0.0,0.25,21.86,3.09,28.0,0.5,4.1
4269,Vadivarhe Speci.,VSCL,Micro Cap,Manufacturing & Services,Diversified,20.9,0.0,31.35,0.0,2.21,28.74,-2.05,29.0,0.5,4.1
4270,Roni Households,542145,Micro Cap,Manufacturing & Services,Diversified,27.25,0.0,31.32,0.0,-0.52,1.4,-2.34,30.0,0.5,4.1
4271,Alfa Transformer,517546,Micro Cap,Manufacturing & Services,Diversified,34.22,0.0,31.31,0.0,-0.66,5.55,-0.3,31.0,0.5,4.1
4272,S P Capital Fin.,530289,Micro Cap,Manufacturing & Services,Diversified,51.98,7.77,31.24,0.96,2.66,5.34,7.66,32.0,0.5,4.1
4273,Mittal Sections,544575,Micro Cap,Manufacturing & Services,Diversified,27.0,9.03,31.23,0.0,1.12,78.33,12.81,33.0,0.5,4.1
4274,Bodhtree Consul.,539122,Micro Cap,Manufacturing & Services,Diversified,14.25,0.0,31.16,0.0,-1.46,1.94,9.23,34.0,0.5,4.1
4275,Sumedha Fiscal,SUMEDHA,Micro Cap,Manufacturing & Services,Diversified,39.01,11.05,31.15,2.56,3.31,22.32,3.96,10.0,0.5,4.1
4276,Swasti Vin. Art,512257,Micro Cap,Manufacturing & Services,Diversified,3.46,6.32,31.14,0.0,0.58,4.11,22.91,11.0,0.5,4.1
4277,Prima Innovation,544855,Micro Cap,Manufacturing & Services,Diversified,28.31,0.0,31.14,0.0,0.46,15.3,-2.15,12.0,0.5,4.1
4278,Promax Power,543375,Micro Cap,Power Utilities & Cleantech,Renewable Energy & Power,12.45,36.2,31.13,0.0,-0.94,34.4,6.51,33.0,2.0,13.2
4279,Classic Filament,540310,Micro Cap,Manufacturing & Services,Diversified,50.92,100.42,31.13,0.0,0.55,10.38,0.0,14.0,0.5,4.1
4280,Pasupati Spinng.,503092,Micro Cap,Manufacturing & Services,Diversified,33.3,8.45,31.1,0.0,1.57,26.0,9.23,15.0,0.5,4.1
4281,Vertexplus Tech.,VERTEXPLUS,Micro Cap,IT & Software Services,IT & Software,56.7,0.0,31.07,0.0,-2.61,12.55,-12.77,46.0,1.0,8.4
4282,Diligent Media,DNAMEDIA,Micro Cap,Manufacturing & Services,Diversified,2.63,0.0,30.96,0.0,0.4,1.72,-1.17,17.0,0.5,4.1
4283,Benchmark Comp.,544052,Micro Cap,Manufacturing & Services,Diversified,45.1,9.13,30.96,0.0,1.87,37.38,14.5,18.0,0.5,4.1
4284,Contil India,531067,Micro Cap,Manufacturing & Services,Diversified,19.91,13.16,30.8,0.0,0.5,6.66,23.97,19.0,0.5,4.1
4285,Pearl Green Club,543540,Micro Cap,Power Utilities & Cleantech,Renewable Energy & Power,114.85,37.96,30.75,0.0,0.85,5.3,4.18,40.0,2.0,13.2
4286,Kanishk Alumin.,544693,Micro Cap,Manufacturing & Services,Diversified,22.8,7.44,30.64,0.0,1.69,44.64,13.79,21.0,0.5,4.1
4287,ESI,EASTSILK,Micro Cap,Manufacturing & Services,Diversified,61.0,0.0,30.5,0.0,-0.8,7.43,-5.78,22.0,0.5,4.1
4288,AKG Exim,AKG,Micro Cap,Manufacturing & Services,Diversified,9.59,82.35,30.47,0.0,0.09,20.72,1.99,23.0,0.5,4.1
4289,Cell Point,CELLPOINT,Micro Cap,Manufacturing & Services,Diversified,16.3,507.67,30.46,0.0,-0.13,190.99,5.47,24.0,0.5,4.1
4290,Vivo Collaborat.,VIVO,Micro Cap,Pharmaceuticals & Healthcare,Pharma & Healthcare,151.05,0.0,30.44,0.0,1.17,3.25,-8.06,25.0,0.5,4.1
4291,Datiware Mari.,519413,Micro Cap,Manufacturing & Services,Diversified,60.86,0.0,30.43,0.0,-0.05,0.1,0.96,26.0,0.5,4.1
4292,Pan India Corpor,511525,Micro Cap,Manufacturing & Services,Diversified,1.42,0.0,30.42,0.0,-0.11,0.0,-6.28,27.0,0.5,4.1
4293,Platinumone Bus.,543352,Micro Cap,Manufacturing & Services,Diversified,191.9,44.01,30.37,3.13,2.9,16.73,13.37,28.0,0.5,4.1
4294,Armour Security,ARMOUR,Micro Cap,Manufacturing & Services,Diversified,18.0,5.72,30.37,0.0,2.41,27.4,22.83,29.0,0.5,4.1
4295,Harig Crankshaft,500178,Micro Cap,Manufacturing & Services,Diversified,28.87,2.42,30.31,0.0,-0.03,1.53,128.37,30.0,0.5,4.1
4296,KJMC Financial,530235,Micro Cap,Manufacturing & Services,Diversified,63.14,12.7,30.22,0.0,1.79,3.38,2.56,31.0,0.5,4.1
4297,Toss The Coin,544303,Micro Cap,Manufacturing & Services,Diversified,159.9,11.19,30.22,4.69,1.27,7.81,27.03,32.0,0.5,4.1
4298,Mindpool Tech.,MINDPOOL,Micro Cap,IT & Software Services,IT & Software,71.1,120.52,30.13,0.0,0.14,27.35,4.32,63.0,1.0,8.4
4299,East WestFreight,EASTWEST,Micro Cap,Manufacturing & Services,Diversified,2.36,0.0,30.11,0.0,0.29,45.56,2.5,34.0,0.5,4.1
4300,Premier Energy,533100,Micro Cap,Power Utilities & Cleantech,Renewable Energy & Power,7.28,0.0,30.1,0.0,-0.76,0.0,-1.74,25.0,2.0,13.2
4301,Margo Finance,500206,Micro Cap,Banking & Financial Services,BFSI,65.81,24.66,30.08,0.0,0.17,0.36,1.28,11.0,0.5,4.1
4302,Kanani Industrie,KANANIIND,Micro Cap,Manufacturing & Services,Diversified,1.52,13.31,30.08,0.0,-0.04,64.29,3.92,12.0,0.5,4.1
4303,Khyati Global,544270,Micro Cap,Manufacturing & Services,Diversified,43.1,5.13,30.08,0.0,3.31,84.08,15.63,13.0,0.5,4.1
4304,Invigorated Bus.,511716,Micro Cap,Manufacturing & Services,Diversified,7.47,0.0,30.07,0.0,-0.05,0.0,0.0,14.0,0.5,4.1
4305,Morarka Finance,511549,Micro Cap,Banking & Financial Services,BFSI,66.5,17.92,29.93,2.26,0.38,0.58,1.58,15.0,0.5,4.1
4306,Ashirwad Steels,526847,Micro Cap,Metals & Mining,Metals & Mining,23.94,14.74,29.93,0.0,0.51,0.54,3.25,31.0,2.0,13.2
4307,Chandra Pr. Intl,530309,Micro Cap,Manufacturing & Services,Diversified,10.78,4.56,29.9,0.0,2.07,230.74,4.49,17.0,0.5,4.1
4308,Rishi Techtex,523021,Micro Cap,IT & Software Services,IT & Software,40.4,10.9,29.86,0.0,0.9,47.31,10.46,73.0,1.0,8.4
4309,G-Tec Janix,GTECJAINX,Micro Cap,Manufacturing & Services,Diversified,29.27,0.0,29.82,0.0,0.3,2.25,-36.32,19.0,0.5,4.1
4310,Natl. Oxygen,507813,Micro Cap,Manufacturing & Services,Diversified,59.1,0.0,29.8,0.0,-2.01,3.05,-21.54,20.0,0.5,4.1
4311,Kretto Syscon,531328,Micro Cap,Manufacturing & Services,Diversified,0.44,1490.0,29.8,0.0,0.1,0.0,4.0,21.0,0.5,4.1
4312,Agni Green,AGNI,Micro Cap,Power Utilities & Cleantech,Renewable Energy & Power,15.25,21.43,29.79,0.0,0.61,21.6,8.97,37.0,2.0,13.2
4313,BYLD Capital Finance,511730,Micro Cap,Banking & Financial Services,BFSI,19.8,0.0,29.71,0.0,0.06,0.16,-37.92,23.0,0.5,4.1
4314,ISL Consulting,511609,Micro Cap,Manufacturing & Services,Diversified,12.38,0.0,29.71,0.0,2.96,2.93,-17.01,24.0,0.5,4.1
4315,Amit Securities,531557,Micro Cap,Manufacturing & Services,Diversified,41.8,49.47,29.68,0.0,0.27,0.26,0.93,25.0,0.5,4.1
4316,Asian Petroprod.,524434,Micro Cap,Manufacturing & Services,Diversified,12.08,29.97,29.67,0.0,-0.1,37.7,11.52,26.0,0.5,4.1
4317,Tyroon Tea Co.,526945,Micro Cap,Manufacturing & Services,Diversified,87.21,0.0,29.65,0.0,1.16,8.98,-6.68,27.0,0.5,4.1
4318,Polyspin Exports,POLYSPIN,Micro Cap,Manufacturing & Services,Diversified,29.64,5.24,29.64,0.0,1.5,53.14,7.63,28.0,0.5,4.1
4319,Koura Fine Diamo,544139,Micro Cap,Manufacturing & Services,Diversified,49.1,39.0,29.64,0.0,0.4,31.78,7.59,29.0,0.5,4.1
4320,Munoth Fin.Serv.,531821,Micro Cap,Manufacturing & Services,Diversified,57.7,0.0,29.63,0.0,-0.14,0.08,-7.06,30.0,0.5,4.1
4321,Soni Medicare,539378,Micro Cap,Manufacturing & Services,Diversified,69.35,0.0,29.58,0.0,-1.2,4.78,-12.07,31.0,0.5,4.1
4322,Gita Renewable,539013,Micro Cap,Power Utilities & Cleantech,Renewable Energy & Power,71.89,0.0,29.56,0.0,-0.07,0.0,0.38,17.0,2.0,13.2
4323,Sunil Industries,521232,Micro Cap,Manufacturing & Services,Diversified,70.3,7.79,29.53,0.0,1.62,70.45,11.41,33.0,0.5,4.1
4324,Biogen Pharma,531752,Micro Cap,Pharmaceuticals & Healthcare,Pharma & Healthcare,0.28,0.0,29.49,0.0,0.22,0.44,1.01,34.0,0.5,4.1
4325,Sparkle GoldRock,530037,Micro Cap,Manufacturing & Services,Diversified,65.86,6.2,29.49,0.0,0.25,12.78,48.14,10.0,0.5,4.1
4326,RKD Agri,511169,Micro Cap,Manufacturing & Services,Diversified,5.04,0.0,29.46,0.0,0.07,0.07,-14.37,11.0,0.5,4.1
4327,Abhishek Finle.,538935,Micro Cap,Manufacturing & Services,Diversified,63.87,0.0,29.46,0.0,0.03,0.08,1.81,12.0,0.5,4.1
4328,Kaushalya Infra.,KAUSHALYA,Micro Cap,Capital Goods & Engineering,Capital Goods,850.0,0.0,29.44,0.0,-0.45,0.01,0.58,13.0,0.5,4.1
4329,Ruparel Food,511740,Micro Cap,Manufacturing & Services,Diversified,95.3,0.0,29.37,0.0,-0.08,0.19,-3.96,14.0,0.5,4.1
4330,Nagreeka Cap.,NAGREEKCAP,Micro Cap,Manufacturing & Services,Diversified,23.25,3.97,29.33,0.0,3.55,26.54,14.46,15.0,0.5,4.1
4331,ANS Industries,531406,Micro Cap,Manufacturing & Services,Diversified,31.63,20.05,29.28,0.0,-1.01,0.0,-11.43,16.0,0.5,4.1
4332,Parshwanath Corp,511176,Micro Cap,Manufacturing & Services,Diversified,93.4,0.0,29.25,0.0,-0.02,0.18,-0.99,17.0,0.5,4.1
4333,Neelkanth Rock,531049,Micro Cap,Manufacturing & Services,Diversified,58.0,97.43,29.23,0.0,0.04,0.0,3.92,18.0,0.5,4.1
4334,June Industries,531960,Micro Cap,Manufacturing & Services,Diversified,6.11,0.0,29.16,0.0,0.14,0.2,-112.2,19.0,0.5,4.1
4335,Gem Spinners,521133,Micro Cap,Manufacturing & Services,Diversified,4.75,0.0,29.16,0.0,-0.12,0.0,-20.76,20.0,0.5,4.1
4336,Switching Tech.,517201,Micro Cap,IT & Software Services,IT & Software,118.9,0.0,29.13,0.0,-1.69,0.93,0.0,61.0,1.0,8.4
4337,DSJ Keep Learn,KEEPLEARN,Micro Cap,Manufacturing & Services,Diversified,1.87,0.0,29.12,0.0,0.1,2.11,-11.06,22.0,0.5,4.1
4338,DMR Engineering,543410,Micro Cap,Manufacturing & Services,Diversified,27.99,20.78,29.09,0.5,-0.44,4.99,18.94,23.0,0.5,4.1
4339,Machhar Industri,543934,Micro Cap,Manufacturing & Services,Diversified,392.35,38.25,29.07,0.0,0.29,6.08,8.43,24.0,0.5,4.1
4340,Vaxtex Cotfab,VCL,Micro Cap,Manufacturing & Services,Diversified,1.58,5.52,29.03,0.0,-0.05,0.0,17.95,25.0,0.5,4.1
4341,Pratik Panels,526490,Micro Cap,Manufacturing & Services,Diversified,4.54,18.84,29.01,0.0,0.09,1.72,33.15,26.0,0.5,4.1
4342,Haryana Leather,524080,Micro Cap,Manufacturing & Services,Diversified,59.09,21.8,29.0,1.69,0.03,14.68,8.2,27.0,0.5,4.1
4343,Qgo Finance,538646,Micro Cap,Banking & Financial Services,BFSI,41.62,8.08,28.94,1.44,0.99,5.76,13.46,28.0,0.5,4.1
4344,Jai Mata Glass,523467,Micro Cap,Manufacturing & Services,Diversified,2.89,0.0,28.9,0.0,-0.06,0.02,-10.27,29.0,0.5,4.1
4345,3B Films,544412,Micro Cap,Manufacturing & Services,Diversified,11.66,15.7,28.88,0.0,2.79,34.3,4.9,30.0,0.5,4.1
4346,GSS Infotech,GSS,Micro Cap,IT & Software Services,IT & Software,11.03,8.61,28.85,0.0,0.15,23.5,0.72,71.0,1.0,8.4
4347,Silver Oak (I),531635,Micro Cap,Manufacturing & Services,Diversified,75.99,0.0,28.8,0.0,-0.15,0.0,-0.32,32.0,0.5,4.1
4348,Samsrita Labs,539267,Micro Cap,Pharmaceuticals & Healthcare,Pharma & Healthcare,12.65,0.0,28.78,0.0,-0.19,0.0,-62.42,33.0,0.5,4.1
4349,Kkalpana Plastic,523652,Micro Cap,Manufacturing & Services,Diversified,51.81,0.0,28.65,0.0,-0.08,0.0,1.11,34.0,0.5,4.1
4350,Reliable Ventur.,532124,Micro Cap,Manufacturing & Services,Diversified,26.0,0.0,28.63,0.0,-0.18,0.0,-2.82,10.0,0.5,4.1
4351,KK Shah Hospital,544013,Micro Cap,Manufacturing & Services,Diversified,42.0,0.0,28.6,0.0,-0.3,4.61,-5.49,11.0,0.5,4.1
4352,Sameera Agro,SAIFL,Micro Cap,Manufacturing & Services,Diversified,4.8,1.71,28.58,0.0,6.65,94.3,17.73,12.0,0.5,4.1
4353,Daikaffil Chem,530825,Micro Cap,Chemicals & Petrochemicals,Chemicals,47.6,0.0,28.56,0.0,-0.63,1.03,-27.84,13.0,0.5,4.1
4354,Katare Spinning,502933,Micro Cap,Manufacturing & Services,Diversified,100.0,0.0,28.5,0.0,-0.23,0.74,-1.0,14.0,0.5,4.1
4355,Vapi Enterprise,502589,Micro Cap,Manufacturing & Services,Diversified,124.95,19.65,28.49,0.0,0.36,0.58,5.32,15.0,0.5,4.1
4356,Welcure Drugs,524661,Micro Cap,Manufacturing & Services,Diversified,0.23,0.0,28.43,0.0,-49.86,0.0,-3.4,16.0,0.5,4.1
4357,Micropro Softwar,MICROPRO,Micro Cap,Manufacturing & Services,Diversified,19.85,0.0,28.38,0.0,0.82,10.72,-1.37,17.0,0.5,4.1
4358,Tejnaksh Health.,539428,Micro Cap,Manufacturing & Services,Diversified,13.94,22.84,28.32,0.0,0.26,2.65,6.28,18.0,0.5,4.1
4359,Nirav Commercial,512425,Micro Cap,Manufacturing & Services,Diversified,725.0,78.56,28.28,0.0,0.11,0.03,0.76,19.0,0.5,4.1
4360,Advance Meter.,534612,Micro Cap,Manufacturing & Services,Diversified,17.57,0.0,28.22,0.0,2.36,4.21,-8.22,20.0,0.5,4.1
4361,Abhishek Integr.,AILIMITED,Micro Cap,Manufacturing & Services,Diversified,22.25,35.25,28.2,0.0,0.48,14.28,10.76,21.0,0.5,4.1
4362,ACI Infocom,517356,Micro Cap,Manufacturing & Services,Diversified,2.55,352.25,28.18,0.0,-0.16,0.0,-11.14,22.0,0.5,4.1
4363,Aanchal Ispat,538812,Micro Cap,Capital Goods & Engineering,Capital Goods,66.51,11.17,28.16,0.0,0.55,24.76,41.26,23.0,0.5,4.1
4364,Lexus Granito,LEXUS,Micro Cap,Manufacturing & Services,Diversified,13.53,0.0,28.13,0.0,-2.67,3.56,6.89,24.0,0.5,4.1
4365,Kanco Tea,KANCOTEA,Micro Cap,Manufacturing & Services,Diversified,54.85,0.0,28.1,0.0,2.5,14.76,-2.93,25.0,0.5,4.1
4366,Khandwala Sec.,KHANDSE,Micro Cap,Manufacturing & Services,Diversified,18.38,0.0,28.04,0.0,0.08,2.27,-3.46,26.0,0.5,4.1
4367,Chennai Meena,523489,Micro Cap,Manufacturing & Services,Diversified,37.5,0.0,28.01,0.0,0.0,8.59,-3.07,27.0,0.5,4.1
4368,Parle Industries,532911,Micro Cap,Manufacturing & Services,Diversified,5.71,79.69,27.89,0.0,-6.3,6.05,0.14,28.0,0.5,4.1
4369,Nettlinx,511658,Micro Cap,Manufacturing & Services,Diversified,11.52,0.0,27.85,0.0,-0.11,3.82,0.7,29.0,0.5,4.1
4370,Williamson Magor,WILLAMAGOR,Micro Cap,Manufacturing & Services,Diversified,25.4,0.0,27.84,0.0,-12.54,0.0,0.43,30.0,0.5,4.1
4371,Yudiz Solutions,YUDIZ,Micro Cap,Manufacturing & Services,Diversified,26.95,42.78,27.81,0.0,0.93,11.44,2.54,31.0,0.5,4.1
4372,Stanrose Mafat.,506105,Micro Cap,Manufacturing & Services,Diversified,70.0,0.0,27.79,0.0,-0.91,0.73,-8.15,32.0,0.5,4.1
4373,Comrade Applian.,543921,Micro Cap,Manufacturing & Services,Diversified,35.7,0.0,27.77,0.0,-2.49,15.26,-23.19,33.0,0.5,4.1
4374,TGB Banquets,TGBHOTELS,Micro Cap,Manufacturing & Services,Diversified,9.48,19.28,27.76,0.0,0.19,8.33,3.7,34.0,0.5,4.1
4375,Vikram Aroma,544371,Micro Cap,Manufacturing & Services,Diversified,88.16,52.17,27.65,0.0,0.98,5.31,-0.79,10.0,0.5,4.1
4376,Disha Resources,531553,Micro Cap,Manufacturing & Services,Diversified,37.76,0.0,27.62,0.0,-0.07,0.73,-0.13,11.0,0.5,4.1
4377,Timescan Logist.,TIMESCAN,Micro Cap,Manufacturing & Services,Diversified,39.5,4.36,27.6,0.0,4.45,169.88,25.91,12.0,0.5,4.1
4378,STL Global,SGL,Micro Cap,Manufacturing & Services,Diversified,10.05,0.0,27.59,0.0,-1.25,20.31,1.56,13.0,0.5,4.1
4379,Phoenix Overseas,PHOGLOBAL,Micro Cap,Manufacturing & Services,Diversified,14.25,8.04,27.57,4.21,4.65,371.95,6.38,14.0,0.5,4.1
4380,Libas Consumer,LIBAS,Micro Cap,Manufacturing & Services,Diversified,10.46,14.51,27.56,0.0,0.05,12.7,3.97,15.0,0.5,4.1
4381,Chemiesynth(Vapi,539230,Micro Cap,Chemicals & Petrochemicals,Chemicals,89.54,0.0,27.49,0.0,-0.58,4.2,-0.23,16.0,0.5,4.1
4382,Narendra Prop.,531416,Micro Cap,Manufacturing & Services,Diversified,38.55,13.11,27.4,2.59,0.88,0.0,6.93,17.0,0.5,4.1
4383,Tirupati Sarjan,531814,Micro Cap,Manufacturing & Services,Diversified,8.3,5.45,27.39,0.0,1.36,32.9,7.76,18.0,0.5,4.1
4384,Sahara Housing,511533,Micro Cap,Manufacturing & Services,Diversified,39.07,91.17,27.35,0.0,0.17,1.66,2.87,19.0,0.5,4.1
4385,U. H. Zaveri,541338,Micro Cap,Manufacturing & Services,Diversified,8.94,455.67,27.34,0.0,0.02,6.54,0.25,20.0,0.5,4.1
4386,Vantage Knowledg,539761,Micro Cap,Manufacturing & Services,Diversified,0.8,0.0,27.32,4.17,0.1,0.46,0.62,21.0,0.5,4.1
4387,Tijaria Polypipe,TIJARIA,Micro Cap,Manufacturing & Services,Diversified,9.54,0.0,27.31,0.0,-0.36,0.0,-1.88,22.0,0.5,4.1
4388,MPIL Corporation,500450,Micro Cap,Manufacturing & Services,Diversified,479.1,0.0,27.31,0.09,-0.17,0.02,-21.6,23.0,0.5,4.1
4389,Salasar Exterior,SECL,Micro Cap,Manufacturing & Services,Diversified,2.65,0.0,27.28,0.0,-2.53,0.0,-6.39,24.0,0.5,4.1
4390,Hawa Engineers,539176,Micro Cap,Manufacturing & Services,Diversified,77.0,11.13,27.15,0.0,0.65,23.74,16.16,25.0,0.5,4.1
4391,Rex Sealing,543744,Micro Cap,Manufacturing & Services,Diversified,105.0,15.08,27.14,0.0,1.1,20.91,11.49,26.0,0.5,4.1
4392,ECS Biztech,540063,Micro Cap,IT & Software Services,IT & Software,13.2,0.0,27.13,0.0,-0.14,0.0,7.05,77.0,1.0,8.4
4393,Adarsh Plant,526711,Micro Cap,Manufacturing & Services,Diversified,27.37,0.0,27.12,0.0,-0.29,2.38,5.97,28.0,0.5,4.1
4394,Galaxy Medicare,GML,Micro Cap,Manufacturing & Services,Diversified,17.85,7.92,27.08,1.96,1.4,21.27,13.62,29.0,0.5,4.1
4395,Sprayking Ltd,540079,Micro Cap,Manufacturing & Services,Diversified,1.28,23.12,27.05,0.0,-0.13,16.93,7.99,30.0,0.5,4.1
4396,Thinkink Picture,539310,Micro Cap,Manufacturing & Services,Diversified,0.19,44.3,27.02,0.0,-0.21,0.0,1.16,31.0,0.5,4.1
4397,Swarna Securitie,531003,Micro Cap,Manufacturing & Services,Diversified,89.99,39.71,27.0,0.0,0.16,0.0,11.34,32.0,0.5,4.1
4398,Ranjeet Mechatr.,541945,Micro Cap,Manufacturing & Services,Diversified,6.75,81.82,27.0,0.0,-0.06,14.26,5.45,33.0,0.5,4.1
4399,Sharpline Broadc,543341,Micro Cap,Manufacturing & Services,Diversified,9.43,2.99,27.0,0.0,-0.66,13.02,25.74,34.0,0.5,4.1
4400,Sonal Adhesives,526901,Micro Cap,Automotive & 2W/3W,Auto Ancillary & Components,44.5,20.28,26.97,0.0,0.23,27.52,12.87,25.0,1.0,7.3
4401,Konark Synth,514128,Micro Cap,Manufacturing & Services,Diversified,46.38,0.0,26.95,0.0,0.07,11.14,4.99,11.0,0.5,4.1
4402,Tusaldah,531301,Micro Cap,Manufacturing & Services,Diversified,115.0,0.0,26.95,0.0,-0.15,1.56,-29.05,12.0,0.5,4.1
4403,Bohra Industries,BOHRAIND,Micro Cap,Manufacturing & Services,Diversified,12.7,0.0,26.89,0.0,-0.57,0.0,-4.93,13.0,0.5,4.1
4404,Infomedia Press,INFOMEDIA,Micro Cap,Manufacturing & Services,Diversified,5.35,0.0,26.85,0.0,-0.93,0.0,0.0,14.0,0.5,4.1
4405,Best Eastern Hot,508664,Micro Cap,Manufacturing & Services,Diversified,15.92,0.0,26.83,0.0,0.3,1.95,-5.53,15.0,0.5,4.1
4406,Polymechplast Ma,526043,Micro Cap,Manufacturing & Services,Diversified,47.8,11.07,26.78,2.09,-0.71,9.93,13.33,16.0,0.5,4.1
4407,Abril Paper,544500,Micro Cap,Manufacturing & Services,Diversified,33.55,17.85,26.78,0.0,0.43,27.05,12.34,17.0,0.5,4.1
4408,Epic Energy,530407,Micro Cap,Power Utilities & Cleantech,Renewable Energy & Power,32.88,41.18,26.77,0.0,0.02,2.49,6.35,43.0,2.0,13.2
4409,Newtrac Foods,514060,Micro Cap,Manufacturing & Services,Diversified,3.98,0.0,26.75,0.0,0.08,22.0,-69.48,19.0,0.5,4.1
4410,Sinnar Bidi Udy.,509887,Micro Cap,Manufacturing & Services,Diversified,668.8,0.0,26.75,0.0,-0.05,1.23,-3.24,20.0,0.5,4.1
4411,Challani Capital,530747,Micro Cap,Capital Goods & Engineering,Capital Goods,17.8,56.81,26.7,0.0,0.17,0.34,9.5,21.0,0.5,4.1
4412,Inducto Steel,532001,Micro Cap,Metals & Mining,Metals & Mining,66.44,12.89,26.69,0.0,1.29,79.38,5.94,17.0,2.0,13.2
4413,Tree House Edu.,TREEHOUSE,Micro Cap,Manufacturing & Services,Diversified,6.29,0.0,26.61,0.0,-2.13,1.15,-7.02,23.0,0.5,4.1
4414,Virtual Global,VIRTUALG,Micro Cap,Manufacturing & Services,Diversified,0.47,0.0,26.61,0.0,0.07,0.03,-0.46,24.0,0.5,4.1
4415,Nalin Lease Fin.,531212,Micro Cap,Manufacturing & Services,Diversified,40.54,7.91,26.59,0.0,1.11,2.14,10.96,25.0,0.5,4.1
4416,Shalimar Prod.,512499,Micro Cap,Capital Goods & Engineering,Capital Goods,0.27,0.0,26.58,0.0,-0.02,0.75,-1.15,26.0,0.5,4.1
4417,Rathi Bars,532918,Micro Cap,Manufacturing & Services,Diversified,16.27,0.0,26.57,0.0,-15.62,0.0,-3.53,27.0,0.5,4.1
4418,Samtel (India),500371,Micro Cap,Manufacturing & Services,Diversified,37.45,44.98,26.54,0.0,-0.05,0.0,-20.83,28.0,0.5,4.1
4419,Deep Health AI,539559,Micro Cap,Manufacturing & Services,Diversified,1.84,5.67,26.52,5.43,-2.15,0.45,19.81,29.0,0.5,4.1
4420,Chambal Brewer,512301,Micro Cap,Manufacturing & Services,Diversified,35.21,0.0,26.37,0.0,-0.08,0.0,-18.54,30.0,0.5,4.1
4421,Amin Tannery,541771,Micro Cap,Manufacturing & Services,Diversified,2.44,109.79,26.35,0.0,0.09,11.99,5.28,31.0,0.5,4.1
4422,Amco India,530133,Micro Cap,Manufacturing & Services,Diversified,64.04,18.8,26.32,0.0,0.94,32.18,3.11,32.0,0.5,4.1
4423,Gujarat Cotex,514386,Micro Cap,Manufacturing & Services,Diversified,2.77,0.0,26.3,0.0,0.16,6.39,2.54,33.0,0.5,4.1
4424,Medico Intercon.,539938,Micro Cap,Manufacturing & Services,Diversified,26.27,0.0,26.27,0.0,-4.05,20.71,-1.43,34.0,0.5,4.1
4425,Paos Industries,530291,Micro Cap,Manufacturing & Services,Diversified,43.0,0.0,26.25,0.0,1.15,23.9,1.87,10.0,0.5,4.1
4426,Angel Fibers,541006,Micro Cap,Manufacturing & Services,Diversified,10.5,20.51,26.25,0.0,-0.45,101.04,10.4,11.0,0.5,4.1
4427,TCFC Finance,532284,Micro Cap,Banking & Financial Services,BFSI,25.04,45.24,26.24,0.0,4.14,9.37,-3.17,12.0,0.5,4.1
4428,Orosil Smiths,531626,Micro Cap,Manufacturing & Services,Diversified,6.35,1.11,26.24,0.0,0.73,0.44,6.11,13.0,0.5,4.1
4429,Natl. Gen. Inds.,531651,Micro Cap,Manufacturing & Services,Diversified,58.5,0.0,26.22,0.0,0.72,3.21,-1.02,14.0,0.5,4.1
4430,Libord Finance,511593,Micro Cap,Banking & Financial Services,BFSI,16.66,186.86,26.16,0.0,-0.46,0.23,3.92,15.0,0.5,4.1
4431,Harshil Agrotech,505336,Micro Cap,IT & Software Services,IT & Software,0.28,0.0,26.14,0.0,-5.36,7.25,17.39,76.0,1.0,8.4
4432,ERP Soft Systems,530909,Micro Cap,Manufacturing & Services,Diversified,66.0,163.38,26.14,0.0,0.03,1.68,1.21,17.0,0.5,4.1
4433,Intec Capital,526871,Micro Cap,Manufacturing & Services,Diversified,14.21,8.76,26.1,0.0,-0.95,0.61,20.12,18.0,0.5,4.1
4434,LWS Knitwear,531402,Micro Cap,Manufacturing & Services,Diversified,17.83,11.39,26.09,0.0,0.18,12.38,11.25,19.0,0.5,4.1
4435,Mudunuru,538743,Micro Cap,Manufacturing & Services,Diversified,8.24,0.0,26.04,0.0,-0.82,0.45,-41.6,20.0,0.5,4.1
4436,NFP Sampoorna,NFPSAMPOOR,Micro Cap,Manufacturing & Services,Diversified,20.6,5.75,26.03,0.0,2.55,22.17,24.14,21.0,0.5,4.1
4437,Next Mediaworks,NEXTMEDIA,Micro Cap,Manufacturing & Services,Diversified,3.89,0.0,26.02,0.0,-0.88,0.0,-0.62,22.0,0.5,4.1
4438,Misquita Engg.,542801,Micro Cap,Manufacturing & Services,Diversified,55.34,112.78,25.94,0.0,0.08,9.15,3.07,23.0,0.5,4.1
4439,NAPS Global,544373,Micro Cap,Manufacturing & Services,Diversified,58.5,16.72,25.92,0.0,0.28,54.78,13.72,24.0,0.5,4.1
4440,Sylph Industries,511447,Micro Cap,Manufacturing & Services,Diversified,0.21,3.74,25.89,0.0,0.39,6.12,7.41,25.0,0.5,4.1
4441,QVC Exports,QVCEL,Micro Cap,Manufacturing & Services,Diversified,24.75,7.75,25.87,4.04,1.25,232.38,9.19,26.0,0.5,4.1
4442,Johnson Pharma,532154,Micro Cap,Pharmaceuticals & Healthcare,Pharma & Healthcare,0.47,0.0,25.85,0.0,-1.1,0.0,-104.81,27.0,0.5,4.1
4443,Gorani Industrie,531608,Micro Cap,Manufacturing & Services,Diversified,48.2,184.64,25.85,0.0,-0.23,5.17,7.95,28.0,0.5,4.1
4444,Future Enterp.,FEL,Micro Cap,Manufacturing & Services,Diversified,0.38,0.0,25.83,0.0,-1422.11,7.89,-10.84,29.0,0.5,4.1
4445,Transvoy Logist.,543754,Micro Cap,Manufacturing & Services,Diversified,96.99,14.76,25.83,0.0,0.55,34.82,10.97,30.0,0.5,4.1
4446,IndiaNivesh,501700,Micro Cap,Manufacturing & Services,Diversified,6.83,0.0,25.78,0.0,0.08,0.08,1.77,31.0,0.5,4.1
4447,Chennai Ferrous,539011,Micro Cap,Manufacturing & Services,Diversified,71.46,44.41,25.76,0.0,-0.5,0.94,3.67,32.0,0.5,4.1
4448,Nacdac Infra.,544313,Micro Cap,Manufacturing & Services,Diversified,24.39,5.79,25.67,0.0,2.36,39.4,20.53,33.0,0.5,4.1
4449,Longspur Intl,504340,Micro Cap,Manufacturing & Services,Diversified,8.29,51.24,25.62,0.0,0.16,0.75,2.26,34.0,0.5,4.1
4450,Aritas Vinyl,544683,Micro Cap,Manufacturing & Services,Diversified,13.01,5.39,25.61,0.0,1.87,51.73,11.65,10.0,0.5,4.1
4451,Paramount Dye,PARAMOUNT,Micro Cap,Manufacturing & Services,Diversified,36.85,3.94,25.58,0.0,-0.02,42.89,9.54,11.0,0.5,4.1
4452,AGS Transact,AGSTRA,Micro Cap,Manufacturing & Services,Diversified,1.99,0.0,25.56,0.0,-194.26,209.6,1.26,12.0,0.5,4.1
4453,Riddhi Display,544640,Micro Cap,Manufacturing & Services,Diversified,29.5,5.98,25.49,0.0,1.14,14.61,20.65,13.0,0.5,4.1
4454,Subhash Silk,530231,Micro Cap,Manufacturing & Services,Diversified,60.03,0.0,25.46,0.0,0.08,0.01,-6.91,14.0,0.5,4.1
4455,Shricon Indus.,508961,Micro Cap,Manufacturing & Services,Diversified,205.0,12.34,25.42,0.0,0.07,0.83,45.89,15.0,0.5,4.1
4456,Takyon Networks,544471,Micro Cap,Manufacturing & Services,Diversified,17.75,6.96,25.42,0.0,0.44,28.97,11.66,16.0,0.5,4.1
4457,Tarapur Trans,TARAPUR,Micro Cap,Manufacturing & Services,Diversified,13.03,0.0,25.41,0.0,-0.44,0.0,5.72,17.0,0.5,4.1
4458,Pearl Polymers,PEARLPOLY,Micro Cap,Manufacturing & Services,Diversified,15.08,0.0,25.38,0.0,2.35,5.04,-17.25,18.0,0.5,4.1
4459,Arunaya Organics,ARUNAYA,Micro Cap,Manufacturing & Services,Diversified,14.45,6.81,25.34,0.0,1.79,48.9,15.24,19.0,0.5,4.1
4460,Identical Brains,IDENTICAL,Micro Cap,Manufacturing & Services,Diversified,18.05,16.03,25.32,0.0,0.21,9.61,5.41,20.0,0.5,4.1
4461,Jhandewala Foods,540850,Micro Cap,Manufacturing & Services,Diversified,16.59,4.2,25.31,0.0,3.13,74.94,14.54,21.0,0.5,4.1
4462,Siti Networks,SITINET,Micro Cap,Manufacturing & Services,Diversified,0.29,0.0,25.29,0.0,-43.57,296.1,0.0,22.0,0.5,4.1
4463,Ramsons Projects,530925,Micro Cap,Manufacturing & Services,Diversified,84.0,5.03,25.28,0.0,0.54,0.0,12.47,23.0,0.5,4.1
4464,Impera Worldwide,514177,Micro Cap,Manufacturing & Services,Diversified,70.99,0.0,25.28,0.0,-0.07,0.0,-16.07,24.0,0.5,4.1
4465,Easun Capital Ma,542906,Micro Cap,Manufacturing & Services,Diversified,48.25,38.23,25.23,0.0,0.19,0.42,1.32,25.0,0.5,4.1
4466,Future Lifestyle,FLFL,Micro Cap,Manufacturing & Services,Diversified,1.25,0.0,25.22,0.0,-7.53,177.61,-72.64,26.0,0.5,4.1
4467,Cochin Malabar,508571,Micro Cap,Pharmaceuticals & Healthcare,Pharma & Healthcare,142.4,0.0,25.2,0.0,-0.12,0.0,-11.67,27.0,0.5,4.1
4468,Unison Metals,538610,Micro Cap,Metals & Mining,Metals & Mining,0.85,3.05,25.18,0.0,1.92,132.14,13.06,43.0,2.0,13.2
4469,MPDL Ltd,MPDL,Micro Cap,Manufacturing & Services,Diversified,33.98,0.0,25.18,0.0,-4.2,5.29,-6.14,29.0,0.5,4.1
4470,Smart Finsec,539494,Micro Cap,Manufacturing & Services,Diversified,8.39,22.27,25.17,0.0,0.43,0.69,8.41,30.0,0.5,4.1
4471,A G Universal,AGUL,Micro Cap,Manufacturing & Services,Diversified,45.9,314.62,25.17,0.0,-0.41,41.4,5.13,31.0,0.5,4.1
4472,Cargosol Logist.,543621,Micro Cap,Manufacturing & Services,Diversified,24.61,0.0,25.1,0.0,-0.5,64.09,7.35,32.0,0.5,4.1
4473,Sunil Agro Foods,530953,Micro Cap,Manufacturing & Services,Diversified,83.5,43.98,25.07,0.0,0.1,40.51,8.95,33.0,0.5,4.1
4474,Shreenath Paper,544372,Micro Cap,Manufacturing & Services,Diversified,12.75,8.76,25.06,0.0,2.08,59.28,8.97,34.0,0.5,4.1
4475,Southern Latex,514454,Micro Cap,Manufacturing & Services,Diversified,33.95,86.17,24.99,0.0,0.01,0.0,4.78,10.0,0.5,4.1
4476,Aditya Spinners,521141,Micro Cap,Manufacturing & Services,Diversified,14.9,43.75,24.94,0.0,-0.7,13.16,0.49,11.0,0.5,4.1
4477,Vani Commercials,538918,Micro Cap,Manufacturing & Services,Diversified,8.48,60.83,24.94,0.0,0.25,1.58,4.51,12.0,0.5,4.1
4478,Sulabh Engineers,508969,Micro Cap,Pharmaceuticals & Healthcare,Pharma & Healthcare,2.48,14.75,24.92,0.0,0.97,1.82,4.69,13.0,0.5,4.1
4479,Martin Burn,523566,Micro Cap,Manufacturing & Services,Diversified,48.3,7.19,24.87,0.0,2.41,0.62,2.47,14.0,0.5,4.1
4480,KJMC Corporate,532304,Micro Cap,Manufacturing & Services,Diversified,63.3,12.24,24.85,0.0,0.77,3.76,5.87,15.0,0.5,4.1
4481,IITL Projects,531968,Micro Cap,Manufacturing & Services,Diversified,49.7,0.0,24.8,0.0,-3.79,0.0,9.25,16.0,0.5,4.1
4482,CMX Holdings,532217,Micro Cap,Manufacturing & Services,Diversified,21.85,0.0,24.79,0.0,-0.26,0.0,-50.75,17.0,0.5,4.1
4483,Boss Packaging,BOSS,Micro Cap,Manufacturing & Services,Diversified,55.7,14.92,24.77,0.0,0.81,10.04,15.72,18.0,0.5,4.1
4484,Jaipan Industrie,505840,Micro Cap,Manufacturing & Services,Diversified,40.57,7.32,24.75,0.0,0.1,5.2,5.68,19.0,0.5,4.1
4485,Franklin Indust.,540190,Micro Cap,Manufacturing & Services,Diversified,0.32,0.0,24.68,0.0,0.03,6.11,-23.27,20.0,0.5,4.1
4486,Innovative Ideal,541983,Micro Cap,Manufacturing & Services,Diversified,21.66,0.0,24.65,0.0,-4.81,0.01,-44.43,21.0,0.5,4.1
4487,Kalana Ispat,KALANA,Micro Cap,Manufacturing & Services,Diversified,18.8,25.27,24.51,0.0,0.96,26.97,3.49,22.0,0.5,4.1
4488,Megri Soft,539012,Micro Cap,Manufacturing & Services,Diversified,78.0,37.12,24.5,0.0,0.19,1.05,3.75,23.0,0.5,4.1
4489,United Cotfab,544195,Micro Cap,Manufacturing & Services,Diversified,14.22,6.53,24.44,0.0,1.34,80.01,8.84,24.0,0.5,4.1
4490,Aruna Hotels,500016,Micro Cap,Manufacturing & Services,Diversified,7.19,30.46,24.37,0.0,-1.31,5.76,12.36,25.0,0.5,4.1
4491,Jindal Capital,530405,Micro Cap,Metals & Mining,Metals & Mining,33.77,19.47,24.34,0.0,0.32,1.08,11.16,36.0,2.0,13.2
4492,Ashirwad Cap.,512247,Micro Cap,Manufacturing & Services,Diversified,2.7,18.55,24.3,0.0,0.29,0.44,6.7,27.0,0.5,4.1
4493,Shreevatsaa Fin.,532007,Micro Cap,Manufacturing & Services,Diversified,24.05,41.88,24.29,0.0,0.21,0.25,2.05,28.0,0.5,4.1
4494,Asian Tea & Exp,ASIANTNE,Micro Cap,Manufacturing & Services,Diversified,9.74,73.61,24.29,0.0,0.04,10.7,2.04,29.0,0.5,4.1
4495,Purshottam Inves,538647,Micro Cap,Manufacturing & Services,Diversified,32.64,25.51,24.23,0.0,4.07,7.76,-0.78,30.0,0.5,4.1
4496,Naturewings Hol.,544245,Micro Cap,Manufacturing & Services,Diversified,68.0,15.61,24.2,2.35,0.3,12.53,18.38,31.0,0.5,4.1
4497,Prit Nandy Comm.,PNC,Micro Cap,Manufacturing & Services,Diversified,16.72,6.74,24.19,0.0,-0.77,1.58,-0.13,32.0,0.5,4.1
4498,Globtier Infotec,544494,Micro Cap,Manufacturing & Services,Diversified,16.0,23.04,24.19,0.0,-2.23,32.97,7.37,33.0,0.5,4.1
4499,Sarthak Industri,531930,Micro Cap,Manufacturing & Services,Diversified,26.0,8.45,24.16,0.0,0.51,82.32,6.67,34.0,0.5,4.1
4500,Prismx Global,PRISMX,Micro Cap,Manufacturing & Services,Diversified,0.55,4.79,24.15,0.0,0.37,0.23,4.38,10.0,0.5,4.1
4501,SRM Energy Ltd,523222,Micro Cap,Power Utilities & Cleantech,Renewable Energy & Power,26.66,4.51,24.15,0.0,3.51,0.0,108.16,16.0,2.0,13.2
4502,Kenvi Jewels,540953,Micro Cap,Manufacturing & Services,Diversified,1.91,24.63,24.14,0.0,0.32,19.06,7.74,12.0,0.5,4.1
4503,Hipolin,530853,Micro Cap,Manufacturing & Services,Diversified,76.69,0.0,24.0,0.0,0.02,5.2,-1.69,13.0,0.5,4.1
4504,Ankit Met.Power,ANKITMETAL,Micro Cap,Power Utilities & Cleantech,Renewable Energy & Power,1.7,0.0,23.99,0.0,-76.06,146.87,-34.2,19.0,2.0,13.2
4505,Bluechip Tex Ind,506981,Micro Cap,Manufacturing & Services,Diversified,121.5,478.8,23.94,0.0,-0.75,59.06,1.28,15.0,0.5,4.1
4506,TGIF Agribusines,544175,Micro Cap,Manufacturing & Services,Diversified,92.5,11.85,23.94,0.0,0.96,1.59,17.93,16.0,0.5,4.1
4507,Deco-Mica,531227,Micro Cap,Manufacturing & Services,Diversified,56.81,34.09,23.86,0.0,0.45,15.8,6.99,17.0,0.5,4.1
4508,Sangal Papers,516096,Micro Cap,Manufacturing & Services,Diversified,182.15,5.61,23.86,0.0,2.68,55.91,7.37,18.0,0.5,4.1
4509,Vivanta Indust.,541735,Micro Cap,Manufacturing & Services,Diversified,1.85,22.91,23.83,0.0,0.98,80.22,2.56,19.0,0.5,4.1
4510,Remedium Life,539561,Micro Cap,Manufacturing & Services,Diversified,0.27,11.18,23.81,0.0,8.62,111.06,0.0,20.0,0.5,4.1
4511,Valencia India,544433,Micro Cap,Manufacturing & Services,Diversified,18.3,10.81,23.79,0.0,1.23,5.05,9.23,21.0,0.5,4.1
4512,Unick Fix-A-Form,541503,Micro Cap,Manufacturing & Services,Diversified,43.34,28.64,23.77,0.0,1.11,18.68,6.35,22.0,0.5,4.1
4513,Skybiotech Healthcare,512036,Micro Cap,IT & Software Services,IT & Software,124.0,0.0,23.75,0.0,-0.57,0.49,-9.32,78.0,1.0,8.4
4514,Mewar Hi-Tech,540150,Micro Cap,IT & Software Services,IT & Software,60.8,26.97,23.73,0.0,0.62,31.49,10.94,79.0,1.0,8.4
4515,Prabhhans Inds,530361,Micro Cap,Manufacturing & Services,Diversified,37.9,17.8,23.68,0.0,0.11,10.38,14.05,25.0,0.5,4.1
4516,Indo Cotspin,538838,Micro Cap,Manufacturing & Services,Diversified,33.0,0.0,23.56,0.0,0.0,2.0,1.18,26.0,0.5,4.1
4517,Laxmi Cotspin,LAXMICOT,Micro Cap,Manufacturing & Services,Diversified,13.73,0.0,23.54,0.0,-0.44,18.27,1.87,27.0,0.5,4.1
4518,Bazel Internatio,539946,Micro Cap,Manufacturing & Services,Diversified,23.96,23.06,23.52,0.0,0.58,1.21,2.36,28.0,0.5,4.1
4519,Adeshwar Meditex,543309,Micro Cap,Manufacturing & Services,Diversified,16.3,18.67,23.52,0.0,0.53,26.05,5.21,29.0,0.5,4.1
4520,Ahasolar Technol,543941,Micro Cap,Power Utilities & Cleantech,Renewable Energy & Power,76.01,111.57,23.43,0.0,0.32,55.69,2.87,35.0,2.0,13.2
4521,Balurghat Tech,520127,Micro Cap,IT & Software Services,IT & Software,12.87,15.41,23.42,0.0,0.31,30.07,7.16,46.0,1.0,8.4
4522,Jindal Leasefin,539947,Micro Cap,Metals & Mining,Metals & Mining,77.83,25.74,23.42,0.0,-0.05,0.0,24.97,37.0,2.0,13.2
4523,Ajwa Fun World,526628,Micro Cap,Manufacturing & Services,Diversified,36.6,0.43,23.39,0.0,-0.04,0.16,-0.92,33.0,0.5,4.1
4524,Kamanwala Housin,KAMANWALA,Micro Cap,Manufacturing & Services,Diversified,16.59,0.0,23.38,0.0,0.24,0.0,-2.26,34.0,0.5,4.1
4525,Om Metallogic,544559,Micro Cap,Metals & Mining,Metals & Mining,29.72,4.89,23.37,0.0,3.77,53.07,22.78,40.0,2.0,13.2
4526,Milestone Furn.,541337,Micro Cap,Manufacturing & Services,Diversified,25.08,0.0,23.32,0.0,-0.17,0.0,-1.91,11.0,0.5,4.1
4527,Prospect Consum.,543814,Micro Cap,Manufacturing & Services,Diversified,37.99,9.48,23.31,0.0,0.4,27.9,13.27,12.0,0.5,4.1
4528,Niraj Ispat Ind.,NIRAJISPAT,Micro Cap,Manufacturing & Services,Diversified,387.8,15.31,23.27,0.0,0.3,0.89,11.28,13.0,0.5,4.1
4529,Accedere,531533,Micro Cap,Cement & Building Materials,Cement & Materials,47.1,31.0,23.25,0.21,0.07,1.01,15.72,44.0,2.0,13.2
4530,Logiciel Soluti.,544625,Micro Cap,Manufacturing & Services,Diversified,31.1,9.89,23.23,0.0,-1.21,8.01,8.48,15.0,0.5,4.1
4531,Hindoo. Mills,509895,Micro Cap,Textiles & Apparel,Textiles,139.6,0.0,23.17,0.0,-0.58,2.02,-3.68,56.0,1.0,7.3
4532,Vinyoflex,530401,Micro Cap,Manufacturing & Services,Diversified,53.49,6.73,23.1,0.0,0.84,9.41,12.46,17.0,0.5,4.1
4533,Triliance Poly,509046,Micro Cap,Manufacturing & Services,Diversified,45.18,85.52,23.09,0.0,0.05,0.0,6.39,18.0,0.5,4.1
4534,Khoobsurat Ltd,535730,Micro Cap,Manufacturing & Services,Diversified,0.49,13.55,23.04,0.0,3.42,0.3,-1.63,19.0,0.5,4.1
4535,Gulf Lloyds (India),544834,Micro Cap,Manufacturing & Services,Diversified,34.23,5.36,23.03,0.0,0.0,0.0,0.0,20.0,0.5,4.1
4536,Iykot Hitech,522245,Micro Cap,IT & Software Services,IT & Software,22.16,0.0,23.0,0.0,-0.45,0.11,-39.38,61.0,1.0,8.4
4537,KKV Agro Powers,KKVAPOW,Micro Cap,Power Utilities & Cleantech,Renewable Energy & Power,368.0,7.02,22.95,1.24,-1.38,615.67,16.37,22.0,2.0,13.2
4538,Prime Urban,521149,Micro Cap,Manufacturing & Services,Diversified,8.58,0.0,22.86,0.0,-0.16,0.88,0.0,23.0,0.5,4.1
4539,Landmark Global,544341,Micro Cap,Manufacturing & Services,Diversified,11.09,0.0,22.86,0.0,-9.36,2.71,-8.35,24.0,0.5,4.1
4540,Lake Shore,519612,Micro Cap,Manufacturing & Services,Diversified,65.21,126.78,22.82,0.0,0.19,0.0,1.13,25.0,0.5,4.1
4541,Paragon Finance,531255,Micro Cap,Banking & Financial Services,BFSI,53.69,26.85,22.82,0.0,3.37,0.89,-3.78,26.0,0.5,4.1
4542,Safecure Service,544596,Micro Cap,Manufacturing & Services,Diversified,22.7,4.26,22.79,0.0,2.38,26.97,16.36,27.0,0.5,4.1
4543,Step Two Corp.,531509,Micro Cap,Manufacturing & Services,Diversified,30.8,0.0,22.78,0.0,0.58,2.44,-32.17,28.0,0.5,4.1
4544,Vivid Global,524576,Micro Cap,Manufacturing & Services,Diversified,24.88,29.88,22.71,0.0,0.13,15.16,11.91,29.0,0.5,4.1
4545,Salora Intl.,500370,Micro Cap,Manufacturing & Services,Diversified,25.75,0.0,22.69,0.0,-0.99,3.38,-1.02,30.0,0.5,4.1
4546,South. Magnesium,513498,Micro Cap,Manufacturing & Services,Diversified,75.58,0.0,22.67,0.0,-0.5,0.32,3.65,31.0,0.5,4.1
4547,Nirman Agri,NIRMAN,Micro Cap,Manufacturing & Services,Diversified,28.3,1.29,22.67,7.07,3.03,50.34,15.24,32.0,0.5,4.1
4548,Prakash Woollen,531437,Micro Cap,Manufacturing & Services,Diversified,22.08,0.0,22.65,0.0,2.57,23.76,2.29,33.0,0.5,4.1
4549,Kridhan Infra,KRIDHANINF,Micro Cap,Manufacturing & Services,Diversified,2.03,31.9,22.65,0.0,0.04,0.82,0.0,34.0,0.5,4.1
4550,Padam Cotton,531395,Micro Cap,Manufacturing & Services,Diversified,1.03,2.28,22.61,12.62,1.02,13.13,47.07,10.0,0.5,4.1
4551,Harish Textile,542682,Micro Cap,Textiles & Apparel,Textiles,67.74,4.28,22.6,0.0,0.9,39.44,26.48,26.0,1.0,7.3
4552,Hamps Bio,544312,Micro Cap,Manufacturing & Services,Diversified,25.9,0.0,22.56,0.0,-0.46,4.53,-2.81,12.0,0.5,4.1
4553,Seemax Resources,544813,Micro Cap,Manufacturing & Services,Diversified,51.15,12.86,22.51,0.0,1.88,8.29,23.28,13.0,0.5,4.1
4554,R G F Capital,539669,Micro Cap,Manufacturing & Services,Diversified,1.5,125.0,22.5,0.0,0.06,0.2,2.67,14.0,0.5,4.1
4555,Span Divergent,524727,Micro Cap,Manufacturing & Services,Diversified,30.93,0.0,22.47,0.0,-1.19,1.02,-29.96,15.0,0.5,4.1
4556,Silly Monks,SILLYMONKS,Micro Cap,Manufacturing & Services,Diversified,16.19,0.0,22.4,0.0,-1.12,5.07,-17.68,16.0,0.5,4.1
4557,Venlon Enterpris,524038,Micro Cap,Manufacturing & Services,Diversified,4.28,0.0,22.36,0.0,-0.19,1.1,-12.14,17.0,0.5,4.1
4558,Walpar Nutrition,WALPAR,Micro Cap,Manufacturing & Services,Diversified,23.75,9.03,22.3,0.0,1.5,42.3,14.84,18.0,0.5,4.1
4559,Mansi Fin.(Chen),511758,Micro Cap,Manufacturing & Services,Diversified,63.01,6.32,22.24,0.0,1.47,2.54,10.7,19.0,0.5,4.1
4560,Guj. Raffia Inds,GUJRAFFIA,Micro Cap,Manufacturing & Services,Diversified,41.0,18.78,22.16,0.0,0.47,9.39,6.36,20.0,0.5,4.1
4561,Bombay Wire,504648,Micro Cap,Manufacturing & Services,Diversified,41.41,7.62,22.11,0.0,2.95,0.0,-0.9,21.0,0.5,4.1
4562,Sungold Media,541799,Micro Cap,Manufacturing & Services,Diversified,20.1,1105.5,22.11,0.0,0.01,0.39,0.34,22.0,0.5,4.1
4563,K K Silk Mills,544624,Micro Cap,Textiles & Apparel,Textiles,9.82,4.59,22.04,0.0,1.56,135.11,11.27,38.0,1.0,7.3
4564,Caprolactam Chem,507486,Micro Cap,Chemicals & Petrochemicals,Chemicals,47.9,52.45,22.03,0.0,-0.99,0.47,19.69,24.0,0.5,4.1
4565,Neo Infracon,514332,Micro Cap,Manufacturing & Services,Diversified,41.49,44.96,22.03,0.0,-0.23,0.82,9.61,25.0,0.5,4.1
4566,West Leisure,538382,Micro Cap,Manufacturing & Services,Diversified,72.0,0.0,21.98,0.14,0.01,0.04,0.51,26.0,0.5,4.1
4567,Bacil Pharma,524516,Micro Cap,Pharmaceuticals & Healthcare,Pharma & Healthcare,15.3,33.78,21.96,0.0,-0.02,0.0,3.93,27.0,0.5,4.1
4568,UHM Vacation,544779,Micro Cap,Manufacturing & Services,Diversified,33.01,3.49,21.94,0.0,2.66,26.69,29.68,28.0,0.5,4.1
4569,Utique Enterp.,500014,Micro Cap,Manufacturing & Services,Diversified,3.93,7.32,21.88,0.0,2.32,5.31,3.98,29.0,0.5,4.1
4570,Roselabs Finance,531324,Micro Cap,Pharmaceuticals & Healthcare,Pharma & Healthcare,21.85,0.0,21.85,0.0,-0.05,0.0,-166.67,30.0,0.5,4.1
4571,Ishita Drugs,524400,Micro Cap,Manufacturing & Services,Diversified,72.9,30.7,21.8,0.0,0.23,3.15,8.66,31.0,0.5,4.1
4572,Ras Resorts,507966,Micro Cap,Manufacturing & Services,Diversified,54.75,38.12,21.73,0.0,0.16,3.64,4.71,32.0,0.5,4.1
4573,Darshan Orna,539884,Micro Cap,Manufacturing & Services,Diversified,2.17,44.31,21.71,0.0,0.05,12.47,3.62,33.0,0.5,4.1
4574,Teerth Gopicon,TGL,Micro Cap,Manufacturing & Services,Diversified,18.05,0.0,21.66,0.0,-19.13,0.84,27.59,34.0,0.5,4.1
4575,Sri Havisha,HAVISHA,Micro Cap,Manufacturing & Services,Diversified,1.41,0.0,21.65,0.0,-1.82,2.88,-1.34,10.0,0.5,4.1
4576,South Asian Ent.,526477,Micro Cap,Manufacturing & Services,Diversified,53.97,0.0,21.59,0.0,-0.07,0.08,-3.29,11.0,0.5,4.1
4577,Samyak Internati,530025,Micro Cap,Manufacturing & Services,Diversified,17.98,0.0,21.57,0.0,0.93,11.93,1.53,12.0,0.5,4.1
4578,Goel Food,543538,Micro Cap,Manufacturing & Services,Diversified,11.44,7.65,21.57,0.0,2.39,13.2,10.93,13.0,0.5,4.1
4579,Shree Bhavya,521131,Micro Cap,Manufacturing & Services,Diversified,22.6,9.63,21.47,0.0,0.69,36.25,9.15,14.0,0.5,4.1
4580,Cyber Media Res.,CMRSL,Micro Cap,Manufacturing & Services,Diversified,73.15,5.37,21.42,2.73,1.43,46.29,21.98,15.0,0.5,4.1
4581,Venmax Drugs,531015,Micro Cap,Manufacturing & Services,Diversified,14.75,76.29,21.36,0.0,0.12,2.48,2.96,16.0,0.5,4.1
4582,Jet Knitwears,JETKNIT,Micro Cap,Manufacturing & Services,Diversified,48.45,355.83,21.35,0.0,0.01,10.87,3.41,17.0,0.5,4.1
4583,Lesha Industries,533602,Micro Cap,Manufacturing & Services,Diversified,0.75,152.43,21.34,0.0,0.02,0.0,0.28,18.0,0.5,4.1
4584,Octaware Tech.,540416,Micro Cap,IT & Software Services,IT & Software,59.37,0.0,21.32,0.0,-4.97,10.46,-28.77,69.0,1.0,8.4
4585,Standard Battery,504180,Micro Cap,Manufacturing & Services,Diversified,41.19,0.0,21.3,0.0,-0.14,0.0,-41.32,20.0,0.5,4.1
4586,Veejay Lak. Eng.,522267,Micro Cap,Manufacturing & Services,Diversified,42.0,0.0,21.29,0.0,-0.34,15.81,-6.75,21.0,0.5,4.1
4587,Northlink Fiscal,539110,Micro Cap,Manufacturing & Services,Diversified,40.5,531.5,21.26,0.0,-0.12,0.16,3.76,22.0,0.5,4.1
4588,Senthil Infotek,531980,Micro Cap,Manufacturing & Services,Diversified,41.97,0.0,21.19,0.0,-0.02,0.03,0.38,23.0,0.5,4.1
4589,Helpage Finlease,539174,Micro Cap,Manufacturing & Services,Diversified,21.3,7.06,21.19,0.0,0.84,3.33,12.69,24.0,0.5,4.1
4590,DJS Stock,511636,Micro Cap,Manufacturing & Services,Diversified,2.8,0.0,21.13,0.0,-0.04,0.0,0.61,25.0,0.5,4.1
4591,Lynx Machinery,505320,Micro Cap,Manufacturing & Services,Diversified,205.7,0.0,21.1,0.0,-0.39,0.0,-4.45,26.0,0.5,4.1
4592,Monotype India,505343,Micro Cap,Manufacturing & Services,Diversified,0.3,0.0,21.09,0.0,-0.39,0.0,-4.91,27.0,0.5,4.1
4593,Tapi Fruit,TAPIFRUIT,Micro Cap,Manufacturing & Services,Diversified,49.0,0.0,21.07,0.0,-0.82,13.35,-5.97,28.0,0.5,4.1
4594,Salguti Industri,526554,Micro Cap,Manufacturing & Services,Diversified,27.9,0.0,21.04,0.0,0.02,31.11,5.38,29.0,0.5,4.1
4595,Vrundavan Planta,544011,Micro Cap,Manufacturing & Services,Diversified,34.0,11.89,21.04,0.0,0.52,25.54,9.06,30.0,0.5,4.1
4596,Darjeeling Industriies,539770,Micro Cap,Manufacturing & Services,Diversified,26.7,9.67,20.99,0.0,0.3,1.46,22.21,31.0,0.5,4.1
4597,Zenith Fibres,514266,Micro Cap,Manufacturing & Services,Diversified,53.14,5.7,20.96,1.88,1.14,15.45,6.81,32.0,0.5,4.1
4598,Uniroyal Ind,521226,Micro Cap,Manufacturing & Services,Diversified,25.3,90.96,20.92,0.0,0.12,35.29,1.59,33.0,0.5,4.1
4599,Yuranus Infrast.,536846,Micro Cap,Manufacturing & Services,Diversified,59.74,28.64,20.91,0.0,0.08,7.96,13.04,34.0,0.5,4.1
4600,Mediaone Global,503685,Micro Cap,Manufacturing & Services,Diversified,14.2,0.0,20.9,0.0,-0.51,0.58,-58.94,10.0,0.5,4.1
4601,Neeraj Paper Mkt,539409,Micro Cap,Manufacturing & Services,Diversified,19.0,36.03,20.9,0.0,0.16,46.75,3.72,11.0,0.5,4.1
4602,Manglam Infra,MIEL,Micro Cap,Manufacturing & Services,Diversified,11.85,6.64,20.85,0.0,1.6,21.86,9.5,12.0,0.5,4.1
4603,Containerway Int,540597,Micro Cap,Manufacturing & Services,Diversified,17.97,0.0,20.8,0.0,0.09,7.06,-19.91,13.0,0.5,4.1
4604,Laffans Petroch,524522,Micro Cap,Manufacturing & Services,Diversified,25.99,0.0,20.79,0.0,4.97,1.12,-2.85,14.0,0.5,4.1
4605,Aik Pipes & Poly,544072,Micro Cap,Manufacturing & Services,Diversified,32.65,230.89,20.78,0.0,0.83,7.56,2.94,15.0,0.5,4.1
4606,Zenlabs Ethica,530697,Micro Cap,Pharmaceuticals & Healthcare,Pharma & Healthcare,31.89,0.0,20.76,0.0,-0.57,14.18,5.07,16.0,0.5,4.1
4607,Agarwal Float,AGARWALFT,Micro Cap,Manufacturing & Services,Diversified,28.6,14.1,20.72,0.0,0.02,26.85,10.06,17.0,0.5,4.1
4608,Ambo Agritec,543678,Micro Cap,Manufacturing & Services,Diversified,10.44,38.37,20.72,0.0,-0.89,68.69,5.16,18.0,0.5,4.1
4609,Shree Metalloys,531962,Micro Cap,Metals & Mining,Metals & Mining,39.31,11.54,20.66,0.0,0.47,46.03,17.88,34.0,2.0,13.2
4610,Transgene Biotek,526139,Micro Cap,Manufacturing & Services,Diversified,2.72,0.0,20.61,0.0,-0.39,0.06,-2.36,20.0,0.5,4.1
4611,Mandeep Auto,MANDEEP,Micro Cap,Automotive & 2W/3W,Auto Ancillary & Components,18.0,17.9,20.59,0.0,0.82,20.09,4.35,36.0,1.0,7.3
4612,Crystal Business,540821,Micro Cap,Manufacturing & Services,Diversified,2.05,0.0,20.55,0.0,-0.89,0.98,2.59,22.0,0.5,4.1
4613,Veer Energy,503657,Micro Cap,Power Utilities & Cleantech,Renewable Energy & Power,13.71,51.28,20.51,0.0,0.51,1.75,0.39,38.0,2.0,13.2
4614,Quicktouch Tech,QUICKTOUCH,Micro Cap,IT & Software Services,IT & Software,16.0,0.0,20.51,0.0,-22.35,-1.35,-2.84,59.0,1.0,8.4
4615,Marinetrans Indi,MARINETRAN,Micro Cap,Manufacturing & Services,Diversified,16.1,34.15,20.49,0.0,0.29,70.44,5.31,25.0,0.5,4.1
4616,Greencrest Finan,531737,Micro Cap,Power Utilities & Cleantech,Renewable Energy & Power,0.56,15.87,20.47,0.0,0.86,6.49,5.08,41.0,2.0,13.2
4617,Vandan Foods,544436,Micro Cap,Manufacturing & Services,Diversified,24.38,15.48,20.44,0.0,-2.86,160.9,6.71,27.0,0.5,4.1
4618,Aten Papers,544417,Micro Cap,Manufacturing & Services,Diversified,19.8,2.76,20.39,0.0,5.12,119.9,24.68,28.0,0.5,4.1
4619,Pentokey Organy,524210,Micro Cap,Manufacturing & Services,Diversified,32.5,75.48,20.38,0.0,0.22,0.0,2.61,29.0,0.5,4.1
4620,Modern Steels,513303,Micro Cap,Metals & Mining,Metals & Mining,14.81,16.98,20.38,0.0,0.36,0.0,5.71,15.0,2.0,13.2
4621,Envair Electrody,500246,Micro Cap,Manufacturing & Services,Diversified,43.77,2031.0,20.31,0.0,0.03,0.0,1.47,31.0,0.5,4.1
4622,Abram Food,544422,Micro Cap,Manufacturing & Services,Diversified,39.37,8.63,20.29,0.0,0.6,56.2,14.17,32.0,0.5,4.1
4623,IND Renewable,536709,Micro Cap,Power Utilities & Cleantech,Renewable Energy & Power,14.56,0.0,20.28,0.0,-0.02,0.0,-4.58,18.0,2.0,13.2
4624,Bloom Industries,513422,Micro Cap,Manufacturing & Services,Diversified,30.5,16.74,20.25,0.0,0.2,3.35,11.25,34.0,0.5,4.1
4625,Radiowalla,RADIOWALLA,Micro Cap,Manufacturing & Services,Diversified,28.7,155.62,20.23,0.0,0.4,10.07,1.87,10.0,0.5,4.1
4626,O.P Chains,539116,Micro Cap,Manufacturing & Services,Diversified,29.5,19.62,20.21,0.0,1.11,1.93,3.71,11.0,0.5,4.1
4627,IMEC Services,513295,Micro Cap,Manufacturing & Services,Diversified,106.15,3.21,20.17,0.0,-0.48,0.01,-7.09,12.0,0.5,4.1
4628,Thinking Hats,THESL,Micro Cap,Manufacturing & Services,Diversified,16.15,16.27,20.17,0.0,0.51,15.16,5.96,13.0,0.5,4.1
4629,Labelkraft Tech.,543830,Micro Cap,IT & Software Services,IT & Software,62.0,15.71,20.11,0.0,0.75,14.76,12.96,74.0,1.0,8.4
4630,Aspire & Innovat,ASPIRE,Micro Cap,Manufacturing & Services,Diversified,13.25,7.92,20.11,0.0,1.66,116.24,7.11,15.0,0.5,4.1
4631,JMD Ventures,511092,Micro Cap,Manufacturing & Services,Diversified,6.95,37.15,20.06,0.0,0.24,0.08,1.61,16.0,0.5,4.1
4632,Meyer Apparel,531613,Micro Cap,Manufacturing & Services,Diversified,2.49,0.0,20.04,0.0,-0.7,0.0,0.0,17.0,0.5,4.1
4633,Sonalis Consumer,543924,Micro Cap,Automotive & 2W/3W,Auto Ancillary & Components,42.0,2.3,19.95,0.0,6.07,62.08,47.07,58.0,1.0,7.3
4634,Shashijit Infra.,540147,Micro Cap,Manufacturing & Services,Diversified,2.73,0.0,19.84,0.0,-0.33,5.72,4.01,19.0,0.5,4.1
4635,Rapid Invest.,501351,Micro Cap,Manufacturing & Services,Diversified,92.0,131.87,19.78,0.0,0.15,0.69,6.07,20.0,0.5,4.1
4636,Rap Corp,531583,Micro Cap,Manufacturing & Services,Diversified,33.61,0.45,19.77,0.0,0.06,0.0,133.49,21.0,0.5,4.1
4637,Kairosoft AI,506122,Micro Cap,Manufacturing & Services,Diversified,167.1,14.22,19.77,0.0,0.08,0.33,-1.05,22.0,0.5,4.1
4638,DRA Consultants,540144,Micro Cap,Manufacturing & Services,Diversified,18.0,7.57,19.75,0.0,1.93,16.14,10.97,23.0,0.5,4.1
4639,Mahalaxmi Fab.,MFML,Micro Cap,Capital Goods & Engineering,Capital Goods,18.59,6.17,19.74,0.0,0.04,30.81,6.64,24.0,0.5,4.1
4640,Command Polymers,543843,Micro Cap,Manufacturing & Services,Diversified,21.0,37.87,19.69,0.0,3.83,8.63,3.48,25.0,0.5,4.1
4641,Trans India,523752,Micro Cap,Manufacturing & Services,Diversified,2.77,12.0,19.68,0.0,-0.12,2.0,6.17,26.0,0.5,4.1
4642,Paramount Cosmet,507970,Micro Cap,Manufacturing & Services,Diversified,40.5,85.48,19.66,0.0,0.12,3.36,7.94,27.0,0.5,4.1
4643,Patspin India,514326,Micro Cap,Manufacturing & Services,Diversified,6.35,0.0,19.63,0.0,-2.54,11.01,-8.85,28.0,0.5,4.1
4644,Shubhlaxmi Jewel,SHUBHLAXMI,Micro Cap,Manufacturing & Services,Diversified,18.5,18.51,19.62,0.0,-1.57,40.27,6.86,29.0,0.5,4.1
4645,Popular Estate,531870,Micro Cap,Manufacturing & Services,Diversified,14.01,0.0,19.61,0.0,-0.12,0.0,-0.58,30.0,0.5,4.1
4646,Nidan Laborator.,NIDAN,Micro Cap,Pharmaceuticals & Healthcare,Pharma & Healthcare,14.1,11.14,19.6,0.0,0.07,12.42,5.99,31.0,0.5,4.1
4647,7NR Retail Ltd,540615,Micro Cap,Manufacturing & Services,Diversified,6.99,14.19,19.58,0.0,1.13,2.85,0.62,32.0,0.5,4.1
4648,Centuple Global,531099,Micro Cap,Chemicals & Petrochemicals,Chemicals,35.72,15.89,19.54,0.0,-0.18,0.0,15.0,33.0,0.5,4.1
4649,Gallops Enterp.,531902,Micro Cap,Manufacturing & Services,Diversified,39.0,977.0,19.54,0.0,0.0,0.0,3.73,34.0,0.5,4.1
4650,Shree Ganesh Bio,539470,Micro Cap,Manufacturing & Services,Diversified,0.49,0.0,19.53,0.0,-0.57,1.43,0.8,10.0,0.5,4.1
4651,Enbee Trade,512441,Micro Cap,Manufacturing & Services,Diversified,0.28,1.39,19.52,3.57,4.05,8.22,16.04,11.0,0.5,4.1
4652,TCI Finance,TCIFINANCE,Micro Cap,Banking & Financial Services,BFSI,15.1,0.0,19.43,0.0,-0.35,0.0,0.0,12.0,0.5,4.1
4653,K-Lifestyle,514221,Micro Cap,Manufacturing & Services,Diversified,0.19,0.0,19.43,0.0,-1.13,0.92,-5.85,13.0,0.5,4.1
4654,Madhusudan Inds.,515059,Micro Cap,Manufacturing & Services,Diversified,36.1,35.31,19.42,0.0,3.23,0.34,4.38,14.0,0.5,4.1
4655,D S Kulkarni Dev,DSKULKARNI,Micro Cap,Manufacturing & Services,Diversified,19.42,0.0,19.42,0.0,-1.23,0.0,13.85,15.0,0.5,4.1
4656,Novateor Resear.,542771,Micro Cap,Manufacturing & Services,Diversified,32.0,193.7,19.37,0.0,0.12,1.36,1.67,16.0,0.5,4.1
4657,Kapil Raj Financ,539679,Micro Cap,Manufacturing & Services,Diversified,1.77,29.33,19.36,0.0,0.13,0.2,3.98,17.0,0.5,4.1
4658,Taparia Tools,505685,Micro Cap,Manufacturing & Services,Diversified,12.74,0.12,19.34,529.83,47.76,275.99,49.99,18.0,0.5,4.1
4659,SBEC Systems,517360,Micro Cap,Manufacturing & Services,Diversified,19.31,13.05,19.31,0.0,0.19,0.7,19.92,19.0,0.5,4.1
4660,GB Logistics,544348,Micro Cap,Manufacturing & Services,Diversified,23.55,2.14,19.3,0.0,1.93,62.65,17.64,20.0,0.5,4.1
4661,Sati Poly,SATIPOLY,Micro Cap,Manufacturing & Services,Diversified,38.9,5.58,19.24,0.0,2.63,106.9,20.33,21.0,0.5,4.1
4662,Arshiya,ARSHIYA,Micro Cap,Manufacturing & Services,Diversified,0.73,0.0,19.23,0.0,-0.06,4.5,0.0,22.0,0.5,4.1
4663,Globesecure Tech,GSTL,Micro Cap,IT & Software Services,IT & Software,12.0,0.0,19.13,0.0,0.62,12.82,1.18,68.0,1.0,8.4
4664,SPP Polymer,SPPPOLY,Micro Cap,Manufacturing & Services,Diversified,12.35,0.0,19.01,4.05,-3.2,56.96,-5.5,24.0,0.5,4.1
4665,Vedant Asset,543623,Micro Cap,Manufacturing & Services,Diversified,68.77,47.48,18.99,0.0,0.18,2.68,9.23,25.0,0.5,4.1
4666,Response Info.,538273,Micro Cap,Manufacturing & Services,Diversified,22.48,7.66,18.99,0.0,0.22,6.69,11.92,26.0,0.5,4.1
4667,Madhya Prad. Tod,MPTODAY,Micro Cap,Manufacturing & Services,Diversified,41.55,6.39,18.98,0.0,1.54,12.58,9.15,27.0,0.5,4.1
4668,Mukat Pipes,523832,Micro Cap,Manufacturing & Services,Diversified,15.99,0.0,18.92,0.0,-0.13,1.6,0.0,28.0,0.5,4.1
4669,Colorchips New,540023,Micro Cap,Manufacturing & Services,Diversified,11.12,0.0,18.92,0.0,-0.36,0.02,-8.65,29.0,0.5,4.1
4670,Cil Securities,530829,Micro Cap,Manufacturing & Services,Diversified,37.81,10.99,18.91,0.0,2.17,2.39,7.02,30.0,0.5,4.1
4671,S I Cap. & Fin.,530907,Micro Cap,Manufacturing & Services,Diversified,14.97,70.0,18.9,0.0,0.14,1.09,8.68,31.0,0.5,4.1
4672,Cedaar Textile,CEDAAR,Micro Cap,Textiles & Apparel,Textiles,13.6,0.0,18.87,0.0,-75.2,81.83,-50.96,47.0,1.0,7.3
4673,Pulsar Intl.,512591,Micro Cap,Manufacturing & Services,Diversified,0.44,0.0,18.85,0.0,-0.07,22.99,0.47,33.0,0.5,4.1
4674,Galada Power,504697,Micro Cap,Power Utilities & Cleantech,Renewable Energy & Power,21.23,0.0,18.82,0.0,-0.14,0.0,-18.37,39.0,2.0,13.2
4675,Vama Industries,512175,Micro Cap,Manufacturing & Services,Diversified,3.58,0.0,18.81,0.0,-1.54,0.45,7.32,10.0,0.5,4.1
4676,Prima Industries,531246,Micro Cap,Manufacturing & Services,Diversified,17.42,376.0,18.8,0.0,0.28,2.16,1.01,11.0,0.5,4.1
4677,Abirami Fin.,511756,Micro Cap,Manufacturing & Services,Diversified,34.77,38.33,18.78,4.31,0.1,0.0,3.45,12.0,0.5,4.1
4678,Rish.Digh.Steel,531539,Micro Cap,Metals & Mining,Metals & Mining,34.2,89.33,18.76,0.0,0.14,0.0,3.4,43.0,2.0,13.2
4679,Solvex Edibles,544539,Micro Cap,Manufacturing & Services,Diversified,20.95,267.86,18.75,0.0,-0.72,112.38,6.76,14.0,0.5,4.1
4680,Kinetic Trust,531274,Micro Cap,Manufacturing & Services,Diversified,55.78,144.15,18.74,0.0,0.04,0.2,5.72,15.0,0.5,4.1
4681,Richfield Fin,539435,Micro Cap,Manufacturing & Services,Diversified,19.41,30.72,18.74,0.0,0.34,4.9,9.08,16.0,0.5,4.1
4682,Global Cap.Mkt.,530263,Micro Cap,Manufacturing & Services,Diversified,0.47,0.0,18.72,0.0,0.55,1.08,-0.76,17.0,0.5,4.1
4683,Saffron Industri,531436,Micro Cap,Manufacturing & Services,Diversified,26.04,10.94,18.71,0.0,0.12,1.06,0.0,18.0,0.5,4.1
4684,Cindrella Hotels,526373,Micro Cap,Manufacturing & Services,Diversified,51.8,77.71,18.65,1.93,0.14,3.3,3.65,19.0,0.5,4.1
4685,Mah. Corporation,505523,Micro Cap,Manufacturing & Services,Diversified,0.3,0.0,18.63,0.0,-0.23,0.0,-0.58,20.0,0.5,4.1
4686,N D Metal Inds.,512024,Micro Cap,Metals & Mining,Metals & Mining,75.0,77.5,18.6,0.0,0.15,0.08,4.49,21.0,2.0,13.2
4687,Regent Enterp.,512624,Micro Cap,Manufacturing & Services,Diversified,5.56,4.89,18.6,0.0,2.53,138.27,10.9,22.0,0.5,4.1
4688,Howard Hotels,526761,Micro Cap,Manufacturing & Services,Diversified,20.4,168.91,18.58,0.0,-0.69,2.68,5.07,23.0,0.5,4.1
4689,TECIL Chemical,TECILCHEM,Micro Cap,Chemicals & Petrochemicals,Chemicals,9.72,0.0,18.43,0.0,-0.21,0.0,0.0,24.0,0.5,4.1
4690,KCL Infra,531784,Micro Cap,Manufacturing & Services,Diversified,1.09,11.09,18.41,0.0,0.67,19.43,5.11,25.0,0.5,4.1
4691,Vikas Wsp,VIKASWSP,Micro Cap,Manufacturing & Services,Diversified,0.9,0.0,18.4,0.0,-0.3,0.0,-10.14,26.0,0.5,4.1
4692,Dalmia Industria,539900,Micro Cap,Cement & Building Materials,Cement & Materials,9.07,229.5,18.36,0.0,0.0,0.2,3.08,27.0,2.0,13.2
4693,SP Refractories,SPRL,Micro Cap,Manufacturing & Services,Diversified,102.5,5.2,18.34,0.0,1.33,11.85,28.59,28.0,0.5,4.1
4694,Thakral Services,509015,Micro Cap,Manufacturing & Services,Diversified,15.62,611.0,18.33,0.0,-0.01,0.17,0.0,29.0,0.5,4.1
4695,TTI Enterprise,538597,Micro Cap,Manufacturing & Services,Diversified,7.2,0.0,18.29,0.0,0.32,0.61,-3.79,30.0,0.5,4.1
4696,Ace Integrated,ACEINTEG,Micro Cap,Manufacturing & Services,Diversified,17.83,0.0,18.19,0.0,-0.2,0.13,-6.79,31.0,0.5,4.1
4697,Sabar Flex India,SABAR,Micro Cap,Manufacturing & Services,Diversified,9.5,69.85,18.16,0.0,0.13,82.42,1.02,32.0,0.5,4.1
4698,Mid East Port.,526251,Micro Cap,Manufacturing & Services,Diversified,36.0,0.0,18.11,0.0,0.23,0.3,22.66,33.0,0.5,4.1
4699,Tacent Projects,531887,Micro Cap,Manufacturing & Services,Diversified,51.59,258.71,18.11,0.0,0.04,3.42,11.11,34.0,0.5,4.1
4700,Rama Petrochem,500358,Micro Cap,Chemicals & Petrochemicals,Chemicals,11.74,0.0,18.1,0.0,-1.54,0.68,-44.12,10.0,0.5,4.1
4701,SSPDL Ltd,530821,Micro Cap,Manufacturing & Services,Diversified,14.0,2.1,18.1,0.0,-0.43,1.62,31.49,11.0,0.5,4.1
4702,Davin Sons Reta,544331,Micro Cap,Manufacturing & Services,Diversified,27.35,23.49,18.09,0.0,0.2,4.12,6.14,12.0,0.5,4.1
4703,Maruti Global Industries,531319,Micro Cap,Manufacturing & Services,Diversified,36.1,16.87,18.05,0.0,0.4,14.58,69.57,13.0,0.5,4.1
4704,MSR India,508922,Micro Cap,Manufacturing & Services,Diversified,2.87,0.0,18.05,0.0,-0.07,0.0,0.0,14.0,0.5,4.1
4705,Shashwat Furnis.,543519,Micro Cap,Manufacturing & Services,Diversified,86.41,0.0,18.04,0.0,-0.18,14.99,-2.99,15.0,0.5,4.1
4706,Poojawes. Metal.,540727,Micro Cap,Metals & Mining,Metals & Mining,17.74,13.04,17.99,5.64,0.42,16.55,10.12,41.0,2.0,13.2
4707,SKIL Infrastr,SKIL,Micro Cap,Manufacturing & Services,Diversified,0.83,2.33,17.98,0.0,8.12,0.0,-0.1,17.0,0.5,4.1
4708,Quality Foils,QFIL,Micro Cap,Manufacturing & Services,Diversified,63.0,12.23,17.98,0.0,0.65,89.75,7.0,18.0,0.5,4.1
4709,Velan Hotels,526755,Micro Cap,Manufacturing & Services,Diversified,5.61,0.0,17.93,0.0,-0.71,0.0,-2.24,19.0,0.5,4.1
4710,Shahi Shipping,526508,Micro Cap,Manufacturing & Services,Diversified,12.37,0.0,17.92,0.0,-0.75,0.88,-16.67,20.0,0.5,4.1
4711,Travels & Rent.,544242,Micro Cap,Manufacturing & Services,Diversified,8.39,5.89,17.92,0.0,1.56,4.65,24.13,21.0,0.5,4.1
4712,Krupalu Metals,544509,Micro Cap,Metals & Mining,Metals & Mining,30.5,6.47,17.91,0.0,3.05,42.77,19.06,17.0,2.0,13.2
4713,Premier Cap Serv,511016,Micro Cap,Manufacturing & Services,Diversified,4.82,26.66,17.86,0.0,0.25,0.15,-1.19,23.0,0.5,4.1
4714,Gilada Finance,538788,Micro Cap,Banking & Financial Services,BFSI,12.67,8.56,17.8,0.0,0.45,1.78,13.27,24.0,0.5,4.1
4715,H. S. India,532145,Micro Cap,Manufacturing & Services,Diversified,10.94,9.92,17.76,0.0,0.3,8.42,7.08,25.0,0.5,4.1
4716,Shrenik,SHRENIK,Micro Cap,Manufacturing & Services,Diversified,0.29,295.83,17.75,0.0,-0.2,6.26,0.0,26.0,0.5,4.1
4717,SRG Fingrow Fin,536710,Micro Cap,Manufacturing & Services,Diversified,32.99,84.43,17.73,0.0,0.06,0.59,1.9,27.0,0.5,4.1
4718,Advance Lifes.,521048,Micro Cap,Manufacturing & Services,Diversified,28.4,2.81,17.68,0.0,1.94,15.21,9.94,28.0,0.5,4.1
4719,COSYN,538922,Micro Cap,Manufacturing & Services,Diversified,23.5,146.92,17.63,0.0,0.04,1.06,2.27,29.0,0.5,4.1
4720,Benara Bearings,541178,Micro Cap,Manufacturing & Services,Diversified,9.93,0.0,17.58,0.0,-9.81,1.42,-36.7,30.0,0.5,4.1
4721,Visagar Finan.,531025,Micro Cap,Manufacturing & Services,Diversified,0.3,27.38,17.52,0.0,-0.06,1.12,1.06,31.0,0.5,4.1
4722,NCC Blue Water,519506,Micro Cap,Manufacturing & Services,Diversified,22.57,56.42,17.49,0.0,0.08,0.0,2.88,32.0,0.5,4.1
4723,Rajas. Petro Syn,RAJASPETRO,Micro Cap,Manufacturing & Services,Diversified,10.8,874.0,17.48,0.0,0.0,0.07,0.0,33.0,0.5,4.1
4724,Moongipa Capital,530167,Micro Cap,Manufacturing & Services,Diversified,19.0,28.54,17.41,0.0,0.83,4.31,4.97,34.0,0.5,4.1
4725,Add-Shop E-Reta.,541865,Micro Cap,Manufacturing & Services,Diversified,6.15,15.54,17.41,0.0,0.27,45.64,1.98,10.0,0.5,4.1
4726,Kuber Udyog,539408,Micro Cap,Manufacturing & Services,Diversified,50.62,28.03,17.38,0.0,0.22,0.34,8.77,11.0,0.5,4.1
4727,FGP,500142,Micro Cap,Manufacturing & Services,Diversified,14.57,433.25,17.33,0.0,0.24,0.53,2.07,12.0,0.5,4.1
4728,AVI Products,523896,Micro Cap,Manufacturing & Services,Diversified,52.4,0.0,17.33,0.0,-0.18,0.0,-20.63,13.0,0.5,4.1
4729,Inani Marbles,531129,Micro Cap,Manufacturing & Services,Diversified,9.3,115.33,17.3,0.43,0.14,10.5,2.46,14.0,0.5,4.1
4730,Alchemist Corp.,531409,Micro Cap,Chemicals & Petrochemicals,Chemicals,35.21,0.0,17.29,0.0,-0.01,4.2,-6.64,15.0,0.5,4.1
4731,Frontier Capital,508980,Micro Cap,Manufacturing & Services,Diversified,10.28,344.6,17.23,0.0,0.08,0.15,5.4,16.0,0.5,4.1
4732,UR Sugar,539097,Micro Cap,Manufacturing & Services,Diversified,3.28,39.14,17.22,0.0,0.13,0.0,3.27,17.0,0.5,4.1
4733,York Exports,530675,Micro Cap,Manufacturing & Services,Diversified,51.08,4.26,17.18,0.0,-1.52,3.22,14.22,18.0,0.5,4.1
4734,Jayshree Chem.,506520,Micro Cap,Chemicals & Petrochemicals,Chemicals,5.85,39.91,17.16,0.0,0.07,6.56,2.19,19.0,0.5,4.1
4735,Kizi Apparels,544221,Micro Cap,Manufacturing & Services,Diversified,16.9,16.94,17.11,0.0,0.44,28.73,11.33,20.0,0.5,4.1
4736,Zenith Health,530665,Micro Cap,Manufacturing & Services,Diversified,3.18,106.81,17.09,0.0,0.14,3.43,0.27,21.0,0.5,4.1
4737,Kotia Enterprise,539599,Micro Cap,Manufacturing & Services,Diversified,24.33,6.94,17.08,0.0,0.05,0.0,4.2,22.0,0.5,4.1
4738,SMVD Poly Pack,SMVD,Micro Cap,Manufacturing & Services,Diversified,17.0,0.0,17.05,0.0,-1.56,0.05,5.29,23.0,0.5,4.1
4739,Max Heights,534338,Micro Cap,Manufacturing & Services,Diversified,10.9,15.46,17.01,0.0,-0.04,0.19,3.96,24.0,0.5,4.1
4740,Khandelwal Extra,519064,Micro Cap,Manufacturing & Services,Diversified,200.0,68.0,17.0,0.0,0.08,0.2,9.59,25.0,0.5,4.1
4741,Manraj Hsg.Fin.,530537,Micro Cap,Manufacturing & Services,Diversified,34.0,0.0,17.0,0.0,-0.04,0.0,-2.49,26.0,0.5,4.1
4742,Frontline Corp.,532042,Micro Cap,Manufacturing & Services,Diversified,33.9,6.44,16.95,0.0,0.79,28.34,4.94,27.0,0.5,4.1
4743,AMS Polymers,540066,Micro Cap,Manufacturing & Services,Diversified,51.29,35.29,16.94,0.0,0.28,36.34,10.38,28.0,0.5,4.1
4744,Gajanan Sec.Serv,538609,Micro Cap,Manufacturing & Services,Diversified,54.58,17.82,16.93,0.0,0.23,0.05,0.71,29.0,0.5,4.1
4745,Hisar Spg. Mills,521068,Micro Cap,Textiles & Apparel,Textiles,45.25,4.89,16.92,0.0,1.08,12.31,14.51,70.0,1.0,7.3
4746,Mayur Leather,531680,Micro Cap,Manufacturing & Services,Diversified,35.02,38.43,16.91,0.0,-0.09,0.0,7.49,31.0,0.5,4.1
4747,Hindustan Agrig.,519574,Micro Cap,Manufacturing & Services,Diversified,38.4,0.0,16.9,0.0,0.3,0.0,1.24,32.0,0.5,4.1
4748,Rajeshwari Cans,543285,Micro Cap,Manufacturing & Services,Diversified,16.11,7.54,16.9,0.0,0.94,20.22,17.5,33.0,0.5,4.1
4749,Steel Strips Inf,STLSTRINF,Micro Cap,Metals & Mining,Metals & Mining,19.55,0.0,16.89,0.0,23.37,2.22,-5.01,24.0,2.0,13.2
4750,Miven Mach. Tool,522036,Micro Cap,Manufacturing & Services,Diversified,56.05,0.0,16.83,0.0,-0.16,0.03,0.0,10.0,0.5,4.1
4751,Simplex Mills,533018,Micro Cap,Textiles & Apparel,Textiles,5599.55,0.0,16.8,0.0,-0.04,0.0,0.0,26.0,1.0,7.3
4752,Tridhya Tech,TRIDHYA,Micro Cap,IT & Software Services,IT & Software,7.2,24.66,16.77,0.0,2.64,14.18,5.65,77.0,1.0,8.4
4753,Bombay Talkies,511246,Micro Cap,Manufacturing & Services,Diversified,3.1,0.0,16.74,0.0,-0.06,0.07,-3.68,13.0,0.5,4.1
4754,Dynamic Portfol,530779,Micro Cap,Manufacturing & Services,Diversified,14.25,30.29,16.66,0.0,0.16,0.38,4.81,14.0,0.5,4.1
4755,Maitri Enterp.,513430,Micro Cap,Manufacturing & Services,Diversified,37.73,19.76,16.6,0.0,-0.46,5.2,15.04,15.0,0.5,4.1
4756,Yasons Chemex,YCCL,Micro Cap,Chemicals & Petrochemicals,Chemicals,8.6,17.66,16.6,0.0,-0.08,47.55,5.26,16.0,0.5,4.1
4757,Sawaca Enterpri.,531893,Micro Cap,Manufacturing & Services,Diversified,0.29,36.87,16.59,0.0,0.91,3.13,0.56,17.0,0.5,4.1
4758,Goblin India,542850,Micro Cap,Manufacturing & Services,Diversified,12.0,7.18,16.58,0.0,0.77,30.46,7.86,18.0,0.5,4.1
4759,Kandagiri Spinng,521242,Micro Cap,Manufacturing & Services,Diversified,42.95,0.0,16.54,0.0,-0.66,0.16,-11.56,19.0,0.5,4.1
4760,Rander Corpn.,531228,Micro Cap,Manufacturing & Services,Diversified,13.4,0.0,16.53,0.0,0.36,1.63,-8.35,20.0,0.5,4.1
4761,Ontic Finserve,540386,Micro Cap,Manufacturing & Services,Diversified,1.81,0.0,16.29,0.0,-2.87,0.0,19.26,21.0,0.5,4.1
4762,Vamshi Rubber,530369,Micro Cap,Manufacturing & Services,Diversified,38.68,0.0,16.28,0.0,-0.74,15.97,7.72,22.0,0.5,4.1
4763,Square Four Pro.,526532,Micro Cap,Manufacturing & Services,Diversified,8.28,0.0,16.24,0.0,-0.07,0.0,-1.2,23.0,0.5,4.1
4764,OTCO Intl,523151,Micro Cap,Manufacturing & Services,Diversified,12.5,0.0,16.21,0.0,-0.04,0.0,0.27,24.0,0.5,4.1
4765,CLIO Infotech,530839,Micro Cap,IT & Software Services,IT & Software,14.68,21.84,16.16,0.0,0.08,0.23,2.87,50.0,1.0,8.4
4766,Orient Tradelink,531512,Micro Cap,Manufacturing & Services,Diversified,4.16,16.94,16.09,0.0,0.08,3.25,4.25,26.0,0.5,4.1
4767,Radaan Media.,RADAAN,Micro Cap,Manufacturing & Services,Diversified,2.97,0.0,16.09,0.0,-0.44,1.5,-38.0,27.0,0.5,4.1
4768,Ranjit Securitie,531572,Micro Cap,Manufacturing & Services,Diversified,59.78,804.0,16.08,0.0,0.04,0.36,1.71,28.0,0.5,4.1
4769,Natura Hue Chem,531834,Micro Cap,Chemicals & Petrochemicals,Chemicals,38.74,0.0,16.06,0.0,-0.04,0.0,-11.34,29.0,0.5,4.1
4770,NDA Securities,511535,Micro Cap,Manufacturing & Services,Diversified,27.0,0.0,16.06,0.0,-0.66,1.12,1.84,30.0,0.5,4.1
4771,Eastern Treads,531346,Micro Cap,Manufacturing & Services,Diversified,30.68,0.0,16.05,0.0,-0.16,14.05,1.9,31.0,0.5,4.1
4772,Tulasee Bio-Eth.,524514,Micro Cap,Manufacturing & Services,Diversified,27.22,0.0,16.04,0.0,-0.06,0.0,-2.23,32.0,0.5,4.1
4773,Market Creators,526891,Micro Cap,Manufacturing & Services,Diversified,15.22,0.0,15.98,0.0,-0.02,1.7,5.58,33.0,0.5,4.1
4774,Shree Securities,538975,Micro Cap,Manufacturing & Services,Diversified,0.2,133.0,15.96,0.0,-27.39,0.67,1.53,34.0,0.5,4.1
4775,Heads UP Venture,HEADSUP,Micro Cap,Manufacturing & Services,Diversified,7.21,0.0,15.92,0.0,-0.02,0.0,1.57,10.0,0.5,4.1
4776,Earthstahl &All.,543765,Micro Cap,Manufacturing & Services,Diversified,13.0,0.0,15.91,0.0,-1.71,27.67,-9.85,11.0,0.5,4.1
4777,Shree Marutinand,544083,Micro Cap,Manufacturing & Services,Diversified,45.99,4.41,15.91,0.0,2.54,71.32,16.77,12.0,0.5,4.1
4778,Yash Mgmt & Sat.,511601,Micro Cap,Manufacturing & Services,Diversified,9.34,17.08,15.88,0.0,1.25,9.08,1.48,13.0,0.5,4.1
4779,Bharat Textiles,531029,Micro Cap,Textiles & Apparel,Textiles,27.08,34.48,15.86,0.0,0.04,2.11,10.47,54.0,1.0,7.3
4780,Gajanand Inter.,GAJANAND,Micro Cap,Manufacturing & Services,Diversified,8.4,395.5,15.82,0.0,-0.05,57.2,1.82,15.0,0.5,4.1
4781,Mono Pharmacare,MONOPHARMA,Micro Cap,Pharmaceuticals & Healthcare,Pharma & Healthcare,8.95,45.17,15.81,0.0,0.33,99.4,4.51,16.0,0.5,4.1
4782,Kahan Packaging,543979,Micro Cap,Manufacturing & Services,Diversified,14.51,13.5,15.79,0.0,0.6,15.45,13.86,17.0,0.5,4.1
4783,Humming Bird Edu,542592,Micro Cap,Manufacturing & Services,Diversified,25.75,28.69,15.78,0.0,-0.12,2.67,34.77,18.0,0.5,4.1
4784,Gyan Developers,530141,Micro Cap,Manufacturing & Services,Diversified,52.5,0.0,15.75,0.0,-0.06,0.0,-0.84,19.0,0.5,4.1
4785,Regal Entertain.,531033,Micro Cap,Manufacturing & Services,Diversified,17.67,82.84,15.74,0.0,-0.06,0.13,1.48,20.0,0.5,4.1
4786,Onesource Indus.,530805,Micro Cap,Manufacturing & Services,Diversified,5.12,11.41,15.74,0.0,-0.29,0.52,43.89,21.0,0.5,4.1
4787,Guj. Lease Fin.,GLFL,Micro Cap,Manufacturing & Services,Diversified,5.8,524.33,15.73,0.0,-0.08,0.0,0.84,22.0,0.5,4.1
4788,Saroja Pharma In,SAROJA,Micro Cap,Pharmaceuticals & Healthcare,Pharma & Healthcare,38.95,9.67,15.66,0.0,1.04,31.47,13.02,23.0,0.5,4.1
4789,Adinath Textiles,514113,Micro Cap,Textiles & Apparel,Textiles,22.96,0.0,15.64,0.0,0.05,0.0,1.33,64.0,1.0,7.3
4790,RTCL,531552,Micro Cap,Manufacturing & Services,Diversified,13.03,15.33,15.64,0.0,0.21,0.0,4.59,25.0,0.5,4.1
4791,Sover. Diamonds,523826,Micro Cap,Manufacturing & Services,Diversified,26.9,0.0,15.58,0.0,-0.57,1.49,-22.78,26.0,0.5,4.1
4792,Cityman,521210,Micro Cap,Manufacturing & Services,Diversified,13.3,0.0,15.56,0.0,-0.08,0.0,-4.47,27.0,0.5,4.1
4793,Raw Edge Indust.,541634,Micro Cap,Manufacturing & Services,Diversified,15.47,38.9,15.56,0.0,0.25,10.83,1.97,28.0,0.5,4.1
4794,Prag Bosimi Syn.,500192,Micro Cap,Manufacturing & Services,Diversified,2.09,0.0,15.55,0.0,-1.48,0.0,-3.41,29.0,0.5,4.1
4795,Bharat Bhushan,511501,Micro Cap,Manufacturing & Services,Diversified,22.99,51.8,15.54,1.74,0.62,0.82,0.76,30.0,0.5,4.1
4796,Rajvi Logitrade,511185,Micro Cap,Manufacturing & Services,Diversified,24.55,5.47,15.53,0.0,0.46,21.62,32.35,31.0,0.5,4.1
4797,Shiva Granito,540072,Micro Cap,Manufacturing & Services,Diversified,9.69,0.0,15.52,0.0,-0.06,9.58,1.59,32.0,0.5,4.1
4798,Palm Jewels,541444,Micro Cap,Manufacturing & Services,Diversified,15.44,16.15,15.5,0.0,0.22,40.36,7.63,33.0,0.5,4.1
4799,Ventura Textiles,516098,Micro Cap,Textiles & Apparel,Textiles,7.96,0.0,15.48,0.0,-0.07,0.02,0.0,74.0,1.0,7.3
4800,Krishna Capital,539384,Micro Cap,Manufacturing & Services,Diversified,49.0,0.0,15.48,0.0,0.0,0.25,-1.92,10.0,0.5,4.1
4801,Continental Seed,CONTI,Micro Cap,Manufacturing & Services,Diversified,11.1,15.18,15.48,0.0,0.81,40.95,5.05,11.0,0.5,4.1
4802,Gujarat Hy-Spin,540938,Micro Cap,Manufacturing & Services,Diversified,9.22,308.8,15.44,0.0,0.35,46.13,4.69,12.0,0.5,4.1
4803,G K P Printing,542666,Micro Cap,Manufacturing & Services,Diversified,7.02,64.33,15.44,0.0,-0.2,7.02,4.4,13.0,0.5,4.1
4804,Kachchh Minerals,531778,Micro Cap,Manufacturing & Services,Diversified,29.09,0.0,15.42,0.0,-0.12,0.0,-57.3,14.0,0.5,4.1
4805,Sterling Powerg.,513575,Micro Cap,Power Utilities & Cleantech,Renewable Energy & Power,29.3,14.41,15.42,0.0,-0.09,0.68,32.46,20.0,2.0,13.2
4806,Adhbhut Infra.,539189,Micro Cap,Manufacturing & Services,Diversified,13.95,0.0,15.35,0.0,-0.4,0.15,0.0,16.0,0.5,4.1
4807,Pro CLB,540703,Micro Cap,Manufacturing & Services,Diversified,30.07,12.17,15.34,0.0,0.23,0.3,9.56,17.0,0.5,4.1
4808,Desh Rakshak,531521,Micro Cap,Manufacturing & Services,Diversified,26.9,27.87,15.33,0.0,0.08,0.83,6.53,18.0,0.5,4.1
4809,Natraj Proteins,530119,Micro Cap,Manufacturing & Services,Diversified,40.84,3.43,15.32,0.0,2.11,31.42,5.63,19.0,0.5,4.1
4810,Vashishtha Lux.,544508,Micro Cap,Manufacturing & Services,Diversified,64.99,8.24,15.32,0.0,0.83,7.45,24.9,20.0,0.5,4.1
4811,Piotex Indus.,544178,Micro Cap,Manufacturing & Services,Diversified,30.0,23.2,15.31,0.0,0.58,23.51,4.23,21.0,0.5,4.1
4812,Frontline Fin.,531685,Micro Cap,Manufacturing & Services,Diversified,25.94,1530.0,15.3,0.0,-0.01,0.29,0.3,22.0,0.5,4.1
4813,Infronics Sys.,537985,Micro Cap,Manufacturing & Services,Diversified,19.24,0.0,15.25,0.0,-0.16,0.0,-24.79,23.0,0.5,4.1
4814,Niks Technology,543282,Micro Cap,IT & Software Services,IT & Software,304.5,76.15,15.23,0.0,0.07,1.59,4.42,59.0,1.0,8.4
4815,Visagar Polytex,VIVIDHA,Micro Cap,Manufacturing & Services,Diversified,0.52,0.0,15.22,0.0,-0.39,0.23,-17.81,25.0,0.5,4.1
4816,Neelkanth,512565,Micro Cap,Manufacturing & Services,Diversified,34.9,33.09,15.22,0.0,0.07,1.16,4.76,26.0,0.5,4.1
4817,GSL Securities,530469,Micro Cap,Manufacturing & Services,Diversified,35.57,0.0,15.21,0.0,-0.08,0.0,-3.98,27.0,0.5,4.1
4818,PDP Shipping,544378,Micro Cap,Manufacturing & Services,Diversified,51.1,12.06,15.2,1.96,0.34,15.14,9.51,28.0,0.5,4.1
4819,Organic Coatings,531157,Micro Cap,Manufacturing & Services,Diversified,15.23,0.0,15.19,0.0,-0.36,11.22,-24.06,29.0,0.5,4.1
4820,Olympia Industri,521105,Micro Cap,Manufacturing & Services,Diversified,25.13,7.11,15.14,0.0,0.62,99.01,6.83,30.0,0.5,4.1
4821,EP Biocomposites,543595,Micro Cap,Manufacturing & Services,Diversified,90.0,10.36,15.13,0.0,1.37,9.57,16.27,31.0,0.5,4.1
4822,Rama Paper Mills,500357,Micro Cap,Textiles & Apparel,Textiles,15.6,0.0,15.08,0.0,-1.41,0.0,-180.12,47.0,1.0,7.3
4823,Fruition Venture,538568,Micro Cap,Manufacturing & Services,Diversified,32.75,0.0,15.07,0.0,-0.05,1.25,6.36,33.0,0.5,4.1
4824,SW Investments,503659,Micro Cap,Manufacturing & Services,Diversified,166.95,53.68,15.03,0.0,0.08,0.14,3.98,34.0,0.5,4.1
4825,Associated Coat.,544183,Micro Cap,Manufacturing & Services,Diversified,111.0,13.05,15.01,0.0,0.61,5.16,20.27,10.0,0.5,4.1
4826,Astron,544628,Micro Cap,Manufacturing & Services,Diversified,17.43,4.34,14.99,0.0,1.86,34.34,21.61,11.0,0.5,4.1
4827,Stellar Capital,536738,Micro Cap,Manufacturing & Services,Diversified,6.0,0.0,14.98,0.0,-0.77,0.65,-0.19,12.0,0.5,4.1
4828,Trio Merc. Trad.,534755,Micro Cap,Manufacturing & Services,Diversified,2.2,747.5,14.95,0.0,0.06,0.85,0.53,13.0,0.5,4.1
4829,S.M. Gold,542034,Micro Cap,Manufacturing & Services,Diversified,11.29,7.67,14.95,0.0,0.53,22.5,5.84,14.0,0.5,4.1
4830,P.M. Telelinnks,513403,Micro Cap,Manufacturing & Services,Diversified,14.82,0.0,14.94,0.0,-0.01,0.0,-1.94,15.0,0.5,4.1
4831,KBS India,530357,Micro Cap,Manufacturing & Services,Diversified,1.38,0.0,14.93,0.0,0.12,0.43,0.39,16.0,0.5,4.1
4832,Precision Metal.,PRECISION,Micro Cap,Metals & Mining,Metals & Mining,6.5,0.0,14.92,0.0,-3.34,0.0,-5.68,17.0,2.0,13.2
4833,CitiPort Fin.,531235,Micro Cap,Manufacturing & Services,Diversified,48.0,45.09,14.88,0.0,0.09,0.21,16.41,18.0,0.5,4.1
4834,L.K.Mehta Poly.,544366,Micro Cap,Manufacturing & Services,Diversified,38.3,23.35,14.71,0.0,0.33,13.92,7.98,19.0,0.5,4.1
4835,BKV Industries,519500,Micro Cap,Manufacturing & Services,Diversified,9.5,0.0,14.68,0.0,-0.02,0.2,-1.83,20.0,0.5,4.1
4836,Comfort Comtrade,534691,Micro Cap,Manufacturing & Services,Diversified,14.65,0.0,14.68,3.41,0.62,3.25,-27.07,21.0,0.5,4.1
4837,Golech.Glob.Fin.,531360,Micro Cap,Manufacturing & Services,Diversified,26.46,0.0,14.55,0.0,0.36,3.31,-5.17,22.0,0.5,4.1
4838,Sanghvi Brands,540782,Micro Cap,Manufacturing & Services,Diversified,13.97,9.21,14.55,0.0,0.47,6.08,30.51,23.0,0.5,4.1
4839,Octavius Plant.,542938,Micro Cap,Manufacturing & Services,Diversified,48.5,21.4,14.55,0.0,0.13,12.9,7.32,24.0,0.5,4.1
4840,Daulat Securitie,530171,Micro Cap,Manufacturing & Services,Diversified,29.06,0.0,14.53,0.0,2.27,2.51,-9.59,25.0,0.5,4.1
4841,Solid Stone Co,513699,Micro Cap,Manufacturing & Services,Diversified,27.0,29.06,14.53,0.0,0.04,5.03,7.22,26.0,0.5,4.1
4842,Asia Pack,530899,Micro Cap,Manufacturing & Services,Diversified,55.0,103.64,14.51,0.0,0.13,0.02,1.28,27.0,0.5,4.1
4843,Kiran Print Pack,531413,Micro Cap,Manufacturing & Services,Diversified,29.0,120.92,14.51,0.0,0.02,0.35,4.81,28.0,0.5,4.1
4844,Mehta Integrat.,511377,Micro Cap,Manufacturing & Services,Diversified,29.0,0.0,14.5,0.0,-0.08,0.07,0.5,29.0,0.5,4.1
4845,Kalyani Commerc.,KALYANI,Micro Cap,Manufacturing & Services,Diversified,144.99,5.75,14.5,0.0,0.41,84.93,11.89,30.0,0.5,4.1
4846,Dipna Pharmachem,543594,Micro Cap,Chemicals & Petrochemicals,Chemicals,5.51,5.51,14.49,0.0,0.18,2.05,7.64,31.0,0.5,4.1
4847,Raunaq Intl.,537840,Micro Cap,Manufacturing & Services,Diversified,43.3,0.0,14.48,0.0,-0.34,9.75,0.45,32.0,0.5,4.1
4848,S K Internation.,542728,Micro Cap,Manufacturing & Services,Diversified,19.7,0.0,14.44,0.0,-0.12,0.14,-2.49,33.0,0.5,4.1
4849,Arrowhead Sepera,544025,Micro Cap,Manufacturing & Services,Diversified,77.0,110.85,14.41,0.0,-0.03,14.32,3.4,34.0,0.5,4.1
4850,T N Steel Tubes,513540,Micro Cap,Metals & Mining,Metals & Mining,28.08,479.67,14.39,0.0,0.02,21.36,5.12,35.0,2.0,13.2
4851,Tai Industries,519483,Micro Cap,Manufacturing & Services,Diversified,23.97,0.0,14.38,0.0,-0.43,35.44,1.53,11.0,0.5,4.1
4852,Trans Freight,513063,Micro Cap,Manufacturing & Services,Diversified,19.75,10.06,14.38,0.0,0.37,0.0,3.66,12.0,0.5,4.1
4853,Kunststoff Inds.,523594,Micro Cap,Manufacturing & Services,Diversified,20.85,9.21,14.37,0.0,0.29,4.18,17.11,13.0,0.5,4.1
4854,Bhagawati Gas,500051,Micro Cap,Manufacturing & Services,Diversified,8.55,14.17,14.31,0.0,-0.26,0.01,6.1,14.0,0.5,4.1
4855,Inani Securities,531672,Micro Cap,Manufacturing & Services,Diversified,31.35,285.8,14.29,0.0,0.02,0.28,1.44,15.0,0.5,4.1
4856,AURUS GEM,AURUS,Micro Cap,Manufacturing & Services,Diversified,4.84,8.02,14.27,0.0,0.07,2.37,7.18,16.0,0.5,4.1
4857,S & T Corporatio,514197,Micro Cap,Manufacturing & Services,Diversified,4.48,0.0,14.26,0.0,-0.14,0.05,0.06,17.0,0.5,4.1
4858,Astron Paper,ASTRON,Micro Cap,Manufacturing & Services,Diversified,3.06,0.0,14.23,0.0,-5.55,0.07,-4.91,18.0,0.5,4.1
4859,Tradewell Hold,531203,Micro Cap,Manufacturing & Services,Diversified,47.28,13.9,14.18,0.0,0.27,0.1,12.05,19.0,0.5,4.1
4860,Julien Agro,536073,Micro Cap,Manufacturing & Services,Diversified,1.19,0.0,14.18,1.68,0.98,12.69,1.14,20.0,0.5,4.1
4861,Equilateral Ent.,531262,Micro Cap,Manufacturing & Services,Diversified,11.47,108.77,14.14,0.0,0.05,10.22,2.03,21.0,0.5,4.1
4862,Sanblue Corp.,521222,Micro Cap,Manufacturing & Services,Diversified,28.27,67.33,14.14,0.0,-0.05,1.54,0.41,22.0,0.5,4.1
4863,JHS Svend.Retail,RETAIL,Micro Cap,Manufacturing & Services,Diversified,17.24,0.0,14.14,0.0,0.14,4.02,0.0,23.0,0.5,4.1
4864,Super Fine Knit.,540269,Micro Cap,Manufacturing & Services,Diversified,11.4,13.85,14.13,0.0,0.56,12.75,3.78,24.0,0.5,4.1
4865,Brisk Technovisi,544101,Micro Cap,IT & Software Services,IT & Software,70.65,13.99,14.13,4.81,0.59,14.2,17.97,70.0,1.0,8.4
4866,Rajkamal Synth.,514028,Micro Cap,Manufacturing & Services,Diversified,21.38,108.62,14.12,0.0,-0.09,1.06,3.2,26.0,0.5,4.1
4867,Ahimsa Industrie,AHIMSA,Micro Cap,Manufacturing & Services,Diversified,25.75,0.0,14.1,0.0,-0.27,0.0,-5.87,27.0,0.5,4.1
4868,Manipal Fin. Cor,507938,Micro Cap,Manufacturing & Services,Diversified,16.81,0.0,14.09,0.0,-0.07,0.04,0.0,28.0,0.5,4.1
4869,Shamrock Indl.,531240,Micro Cap,Manufacturing & Services,Diversified,25.96,0.0,14.09,0.0,-0.1,0.0,-102.35,29.0,0.5,4.1
4870,Sh. Karthik Pap.,516106,Micro Cap,Manufacturing & Services,Diversified,7.32,0.0,13.99,0.0,0.19,18.56,2.16,30.0,0.5,4.1
4871,Vanta Bioscience,540729,Micro Cap,Manufacturing & Services,Diversified,19.64,127.0,13.97,0.0,1.93,1.51,1.19,31.0,0.5,4.1
4872,Nexus Surgical,538874,Micro Cap,Manufacturing & Services,Diversified,25.5,17.88,13.95,0.0,0.2,2.55,69.23,32.0,0.5,4.1
4873,Seasons Textiles,514264,Micro Cap,Textiles & Apparel,Textiles,18.49,106.54,13.85,0.0,0.13,5.76,3.94,48.0,1.0,7.3
4874,Western Overseas,544636,Micro Cap,Manufacturing & Services,Diversified,23.01,5.07,13.83,0.0,0.54,4.94,26.7,34.0,0.5,4.1
4875,Annvrridhhi Ven,538539,Micro Cap,Manufacturing & Services,Diversified,8.49,16.57,13.75,0.0,-0.16,31.92,5.83,10.0,0.5,4.1
4876,Unjha Formul.,531762,Micro Cap,Manufacturing & Services,Diversified,30.64,28.6,13.73,0.0,0.16,3.31,27.79,11.0,0.5,4.1
4877,R J Shah & Co,509845,Micro Cap,Manufacturing & Services,Diversified,490.0,5.67,13.72,0.51,0.19,0.0,7.81,12.0,0.5,4.1
4878,V R Films & Stud,542654,Micro Cap,Manufacturing & Services,Diversified,12.5,0.0,13.72,0.0,-1.14,1.29,12.72,13.0,0.5,4.1
4879,Beryl Securities,531582,Micro Cap,Manufacturing & Services,Diversified,28.26,24.93,13.71,0.0,0.38,1.8,9.3,14.0,0.5,4.1
4880,Shivamshree Busi,538520,Micro Cap,Manufacturing & Services,Diversified,1.81,20.43,13.69,0.0,0.04,2.65,4.8,15.0,0.5,4.1
4881,P B A Infra.,532676,Micro Cap,Manufacturing & Services,Diversified,10.13,0.0,13.68,0.0,-1.18,0.0,-23.43,16.0,0.5,4.1
4882,Vishvprabha Ven.,512064,Micro Cap,Manufacturing & Services,Diversified,43.85,0.0,13.67,0.0,0.12,3.04,-0.77,17.0,0.5,4.1
4883,Norris Medicines,524414,Micro Cap,Manufacturing & Services,Diversified,13.65,0.0,13.65,0.0,-0.4,0.92,3.36,18.0,0.5,4.1
4884,Indong Tea Co,543769,Micro Cap,Manufacturing & Services,Diversified,7.0,0.0,13.59,0.0,-1.45,8.27,-0.31,19.0,0.5,4.1
4885,Karnavati Financ,538928,Micro Cap,Manufacturing & Services,Diversified,1.35,18.59,13.57,0.0,6.25,1.86,-4.37,20.0,0.5,4.1
4886,Jonjua Overseas,542446,Micro Cap,Manufacturing & Services,Diversified,3.84,1.68,13.53,1.79,1.24,4.35,19.64,21.0,0.5,4.1
4887,Sarvottam Finve.,539124,Micro Cap,Manufacturing & Services,Diversified,17.97,0.0,13.48,0.0,0.05,0.67,-0.69,22.0,0.5,4.1
4888,Cont. Chemicals,506935,Micro Cap,Chemicals & Petrochemicals,Chemicals,59.9,27.49,13.47,0.0,0.12,0.06,12.03,23.0,0.5,4.1
4889,Amiable Logistic,AMIABLE,Micro Cap,Manufacturing & Services,Diversified,77.0,14.02,13.46,0.0,0.47,10.45,12.81,24.0,0.5,4.1
4890,Kenrik Indust.,544398,Micro Cap,Manufacturing & Services,Diversified,10.77,0.0,13.46,0.0,-0.59,58.06,0.27,25.0,0.5,4.1
4891,Usha Mart. Edu.,UMESLTD,Micro Cap,Manufacturing & Services,Diversified,5.09,32.8,13.45,0.0,0.02,0.12,5.23,26.0,0.5,4.1
4892,Panther Indl. Pr,524055,Micro Cap,Manufacturing & Services,Diversified,96.0,0.0,13.44,0.0,-0.08,0.0,-4.67,27.0,0.5,4.1
4893,Neelam Linens,NEELAM,Micro Cap,Manufacturing & Services,Diversified,6.65,8.67,13.44,0.0,0.12,64.21,7.82,28.0,0.5,4.1
4894,HB Leasing &Fin.,508956,Micro Cap,Manufacturing & Services,Diversified,10.44,0.0,13.43,0.0,-0.25,0.04,-4.98,29.0,0.5,4.1
4895,Decillion Financ,539190,Micro Cap,Manufacturing & Services,Diversified,38.3,0.0,13.41,0.0,0.08,0.23,0.08,30.0,0.5,4.1
4896,G K Consultants,531758,Micro Cap,Manufacturing & Services,Diversified,11.85,121.82,13.4,0.0,0.17,0.28,0.8,31.0,0.5,4.1
4897,Diggi Multitrade,540811,Micro Cap,Manufacturing & Services,Diversified,13.85,0.0,13.4,0.0,0.0,0.0,-1.19,32.0,0.5,4.1
4898,Neil Industries,539016,Micro Cap,Manufacturing & Services,Diversified,6.85,8.53,13.39,0.0,0.41,1.0,4.39,33.0,0.5,4.1
4899,Vikas Proppant,VIKASPROP,Micro Cap,Manufacturing & Services,Diversified,0.26,0.0,13.38,0.0,-0.06,0.0,0.09,34.0,0.5,4.1
4900,HCKK Ventures,539224,Micro Cap,Manufacturing & Services,Diversified,36.0,0.0,13.36,0.0,-0.03,0.0,-27.26,10.0,0.5,4.1
4901,MFL India,526622,Micro Cap,Manufacturing & Services,Diversified,0.37,3.06,13.33,0.0,0.2,13.2,-9.96,11.0,0.5,4.1
4902,Raj Packaging,530111,Micro Cap,Manufacturing & Services,Diversified,29.01,13.0,13.26,0.0,0.79,13.84,4.96,12.0,0.5,4.1
4903,Sanwaria Consum.,SANWARIA,Micro Cap,Manufacturing & Services,Diversified,0.18,0.0,13.25,0.0,-0.89,0.27,-1.63,13.0,0.5,4.1
4904,Shrydus Indust.,511493,Micro Cap,Manufacturing & Services,Diversified,4.13,0.0,13.22,0.0,-2.88,0.8,-0.12,14.0,0.5,4.1
4905,Indo-City Info.,532100,Micro Cap,Manufacturing & Services,Diversified,12.7,34.76,13.21,0.0,0.53,1.76,3.69,15.0,0.5,4.1
4906,Sabrimala Indus.,540132,Micro Cap,Manufacturing & Services,Diversified,15.11,42.48,13.17,0.0,0.12,0.0,6.62,16.0,0.5,4.1
4907,Hit Kit Global,532359,Micro Cap,Manufacturing & Services,Diversified,2.44,146.11,13.15,0.0,0.02,0.39,0.65,17.0,0.5,4.1
4908,JMG Corporation,523712,Micro Cap,Manufacturing & Services,Diversified,5.67,0.0,13.13,0.0,-0.08,0.01,-13.43,18.0,0.5,4.1
4909,Muller & Phipps,501477,Micro Cap,Manufacturing & Services,Diversified,209.95,0.0,13.12,0.0,0.11,1.48,0.0,19.0,0.5,4.1
4910,TV Vision,TVVISION,Micro Cap,Manufacturing & Services,Diversified,3.38,0.0,13.1,0.0,-3.64,0.24,0.0,20.0,0.5,4.1
4911,Shyam Telecom,SHYAMTEL,Micro Cap,Telecom & Data Centers,Telecom Infrastructure,11.6,0.0,13.07,0.0,-1.99,0.0,0.0,76.0,1.0,8.4
4912,C J Gelatine,507515,Micro Cap,Manufacturing & Services,Diversified,27.09,28.33,13.03,0.0,0.14,10.65,6.53,22.0,0.5,4.1
4913,MEP Infrast.,MEP,Micro Cap,Manufacturing & Services,Diversified,0.71,0.0,13.02,0.0,-604.9,20.49,-401.21,23.0,0.5,4.1
4914,J J Finance Corp,523062,Micro Cap,Banking & Financial Services,BFSI,46.0,0.0,12.97,0.0,-0.09,0.02,0.3,24.0,0.5,4.1
4915,Integ. Capital,539149,Micro Cap,Manufacturing & Services,Diversified,3.64,0.0,12.95,0.0,-0.05,0.1,3.01,25.0,0.5,4.1
4916,Tuni Text. Mills,531411,Micro Cap,Textiles & Apparel,Textiles,0.99,12.93,12.93,0.0,0.27,23.43,10.61,41.0,1.0,7.3
4917,Univa Foods,UNIVAFOODS,Micro Cap,Manufacturing & Services,Diversified,9.03,184.71,12.93,0.0,-0.05,0.0,-260.0,27.0,0.5,4.1
4918,Triumph Intl.,532131,Micro Cap,Manufacturing & Services,Diversified,17.22,3.15,12.92,0.0,1.18,0.0,8.58,28.0,0.5,4.1
4919,Global Longlife,543520,Micro Cap,Manufacturing & Services,Diversified,12.27,0.0,12.88,0.0,-0.4,0.0,-3.92,29.0,0.5,4.1
4920,Sibar Auto Parts,520141,Micro Cap,Automotive & 2W/3W,Auto Ancillary & Components,7.79,0.0,12.87,0.0,-0.94,5.33,-16.58,45.0,1.0,7.3
4921,Mitshi India,523782,Micro Cap,Manufacturing & Services,Diversified,14.61,116.91,12.86,0.0,0.0,0.2,4.34,31.0,0.5,4.1
4922,Global Infratech,531463,Micro Cap,IT & Software Services,IT & Software,90.61,0.0,12.82,0.0,0.15,0.0,-3.95,47.0,1.0,8.4
4923,Bindal Exports L,540148,Micro Cap,Manufacturing & Services,Diversified,27.8,45.68,12.79,0.0,0.04,9.73,3.85,33.0,0.5,4.1
4924,MT Educare,MTEDUCARE,Micro Cap,Manufacturing & Services,Diversified,1.77,0.0,12.78,0.0,2.6,9.88,2.1,34.0,0.5,4.1
4925,Santosh Fin Fab,530035,Micro Cap,Manufacturing & Services,Diversified,36.2,0.0,12.76,0.0,-0.14,3.57,4.59,10.0,0.5,4.1
4926,Groarc Industrie,532315,Micro Cap,Manufacturing & Services,Diversified,6.23,5.9,12.75,0.0,-0.06,21.05,1.17,11.0,0.5,4.1
4927,Ortin Global,ORTINGLOBE,Micro Cap,Manufacturing & Services,Diversified,15.67,0.0,12.74,0.0,-0.34,0.01,-32.14,12.0,0.5,4.1
4928,Suryo Foods,519604,Micro Cap,Manufacturing & Services,Diversified,18.36,0.0,12.72,0.0,-0.02,0.0,-111.54,13.0,0.5,4.1
4929,BIL Vyapar,BILVYAPAR,Micro Cap,Manufacturing & Services,Diversified,4.04,0.0,12.67,0.0,1.41,0.0,0.0,14.0,0.5,4.1
4930,DAPS Advertising,543651,Micro Cap,Manufacturing & Services,Diversified,24.49,9.39,12.67,1.02,0.91,12.33,10.35,15.0,0.5,4.1
4931,Gautam Gems,540936,Micro Cap,Manufacturing & Services,Diversified,3.1,16.66,12.66,0.0,0.12,29.23,2.08,16.0,0.5,4.1
4932,Goenka Business,538787,Micro Cap,Manufacturing & Services,Diversified,9.73,2.5,12.65,0.0,0.11,24.41,83.14,17.0,0.5,4.1
4933,Quadpro ITeS,QUADPRO,Micro Cap,Manufacturing & Services,Diversified,2.5,60.19,12.64,0.0,-0.02,3.29,2.05,18.0,0.5,4.1
4934,New Light Industries,540243,Micro Cap,Manufacturing & Services,Diversified,1.44,60.05,12.61,0.0,0.06,2.74,3.89,19.0,0.5,4.1
4935,Neopolitan Pizza,544269,Micro Cap,Manufacturing & Services,Diversified,7.35,62.5,12.5,0.0,0.15,16.41,1.21,20.0,0.5,4.1
4936,Beryl Drugs,524606,Micro Cap,Manufacturing & Services,Diversified,24.59,20.11,12.47,0.0,0.22,7.57,7.18,21.0,0.5,4.1
4937,Perfect-Octave,521062,Micro Cap,Manufacturing & Services,Diversified,3.59,0.0,12.46,0.0,-0.19,0.04,-11.67,22.0,0.5,4.1
4938,United Interacti,502893,Micro Cap,Manufacturing & Services,Diversified,68.0,26.47,12.44,0.0,0.38,0.0,2.07,23.0,0.5,4.1
4939,Creative Eye,CREATIVEYE,Micro Cap,Manufacturing & Services,Diversified,6.19,0.0,12.42,0.0,-0.1,0.3,-4.54,24.0,0.5,4.1
4940,Mish Designs,544015,Micro Cap,Manufacturing & Services,Diversified,36.0,0.0,12.41,0.0,-1.21,2.32,-3.46,25.0,0.5,4.1
4941,Varyaa Creations,544168,Micro Cap,Manufacturing & Services,Diversified,25.9,23.87,12.41,0.0,-0.14,25.39,5.07,26.0,0.5,4.1
4942,Zodiac Vent.,503641,Micro Cap,Manufacturing & Services,Diversified,1.5,8.92,12.4,6.67,0.15,1.11,6.95,27.0,0.5,4.1
4943,GCM Securit.,535431,Micro Cap,Manufacturing & Services,Diversified,0.65,0.0,12.35,0.0,0.45,0.0,-6.09,28.0,0.5,4.1
4944,BLT Logi.,544474,Micro Cap,Manufacturing & Services,Diversified,25.7,3.21,12.33,0.0,2.18,30.56,22.82,29.0,0.5,4.1
4945,Raconteur Global,541703,Micro Cap,Manufacturing & Services,Diversified,9.24,0.0,12.27,0.0,-20.54,3.72,-5.55,30.0,0.5,4.1
4946,Shangar Decor,540259,Micro Cap,Manufacturing & Services,Diversified,0.25,6.0,12.24,0.0,0.69,5.28,3.47,31.0,0.5,4.1
4947,NPR Finance,530127,Micro Cap,Banking & Financial Services,BFSI,20.4,47.0,12.22,0.0,0.2,1.05,0.58,32.0,0.5,4.1
4948,Tokyo Finance,531644,Micro Cap,Banking & Financial Services,BFSI,17.51,61.0,12.2,0.0,0.06,0.22,1.46,33.0,0.5,4.1
4949,Dhyaani Trade,543516,Micro Cap,Manufacturing & Services,Diversified,7.15,173.86,12.17,0.0,-0.13,4.8,0.45,34.0,0.5,4.1
4950,Kobo Biotech,531541,Micro Cap,IT & Software Services,IT & Software,5.1,0.0,12.15,0.0,-1.33,0.0,-125.57,75.0,1.0,8.4
4951,B.C. Power,BCP,Micro Cap,Power Utilities & Cleantech,Renewable Energy & Power,1.74,17.36,12.15,0.0,0.08,49.42,2.61,16.0,2.0,13.2
4952,Dhillon Freight,544556,Micro Cap,Manufacturing & Services,Diversified,31.0,9.0,12.15,0.0,0.72,11.54,16.42,12.0,0.5,4.1
4953,Globale Tessile,GLOBALE,Micro Cap,Manufacturing & Services,Diversified,11.39,0.0,12.1,0.0,-0.12,11.22,-3.65,13.0,0.5,4.1
4954,SVS Ventures,543745,Micro Cap,Manufacturing & Services,Diversified,5.66,11.84,12.08,0.0,1.0,16.66,4.21,14.0,0.5,4.1
4955,Golden Legand Ls,509024,Micro Cap,Manufacturing & Services,Diversified,8.11,2.03,12.06,0.0,0.55,9.21,91.63,15.0,0.5,4.1
4956,Lords Ishwar,530065,Micro Cap,Manufacturing & Services,Diversified,16.14,100.5,12.06,0.0,0.13,2.32,3.73,16.0,0.5,4.1
4957,United Credit,531091,Micro Cap,Manufacturing & Services,Diversified,22.6,15.05,12.04,0.0,0.19,0.78,3.62,17.0,0.5,4.1
4958,Bothra Metals,535279,Micro Cap,Metals & Mining,Metals & Mining,6.5,44.59,12.04,0.0,0.27,17.29,3.11,23.0,2.0,13.2
4959,Econo Trade Indi,538708,Micro Cap,Manufacturing & Services,Diversified,6.45,5.4,12.04,0.0,0.59,1.5,7.21,19.0,0.5,4.1
4960,Shukra Jewellery,523790,Micro Cap,Manufacturing & Services,Diversified,8.85,0.0,12.01,0.0,-0.06,0.78,0.37,20.0,0.5,4.1
4961,Eurotex Industri,EUROTEXIND,Micro Cap,Manufacturing & Services,Diversified,13.73,0.0,12.01,0.0,-1.31,0.02,-39.76,21.0,0.5,4.1
4962,Polycon Intl.,531397,Micro Cap,Manufacturing & Services,Diversified,24.5,0.0,11.98,0.0,-0.47,4.25,-2.69,22.0,0.5,4.1
4963,Cemantic Infra,538596,Micro Cap,Manufacturing & Services,Diversified,4.78,0.0,11.98,0.0,-0.09,0.0,-6.65,23.0,0.5,4.1
4964,Hemang Resources,531178,Micro Cap,Manufacturing & Services,Diversified,9.07,0.0,11.97,0.0,-0.17,0.0,-2.03,24.0,0.5,4.1
4965,Hittco Tools,531661,Micro Cap,Manufacturing & Services,Diversified,18.11,0.0,11.96,0.0,-0.06,2.02,-5.86,25.0,0.5,4.1
4966,Anuroop Packagin,542865,Micro Cap,Manufacturing & Services,Diversified,10.82,4.46,11.96,0.0,0.36,1.96,11.15,26.0,0.5,4.1
4967,Starsource Multitrade,506365,Micro Cap,Manufacturing & Services,Diversified,79.66,0.0,11.95,0.0,0.02,0.07,-164.24,27.0,0.5,4.1
4968,Sword-Edge Comm.,512359,Micro Cap,Manufacturing & Services,Diversified,0.55,0.0,11.95,0.0,-0.07,2.25,-1.06,28.0,0.5,4.1
4969,Technopack Poly.,543656,Micro Cap,IT & Software Services,IT & Software,11.05,9.86,11.93,0.0,0.81,4.5,7.81,54.0,1.0,8.4
4970,Emmessar Biotech,524768,Micro Cap,IT & Software Services,IT & Software,23.77,30.49,11.89,0.0,0.13,0.06,7.33,55.0,1.0,8.4
4971,Ishan Internat.,ISHAN,Micro Cap,Manufacturing & Services,Diversified,0.55,29.72,11.89,0.0,0.31,13.5,3.43,31.0,0.5,4.1
4972,Kisaan Parivar,519230,Micro Cap,Manufacturing & Services,Diversified,13.5,14.85,11.88,0.0,-0.18,0.5,15.1,32.0,0.5,4.1
4973,Kallam Textiles,530201,Micro Cap,Textiles & Apparel,Textiles,2.25,0.0,11.88,0.0,-19.79,71.17,-4.5,48.0,1.0,7.3
4974,Titaanium Ten,539985,Micro Cap,Manufacturing & Services,Diversified,17.65,3.64,11.88,0.0,1.25,75.99,15.91,34.0,0.5,4.1
4975,Blue Chip India,BLUECHIP,Micro Cap,Manufacturing & Services,Diversified,2.14,0.0,11.84,0.0,-0.22,0.0,0.0,10.0,0.5,4.1
4976,Incon Engineers,531594,Micro Cap,Manufacturing & Services,Diversified,27.31,0.0,11.82,0.0,-0.14,0.0,-93.15,11.0,0.5,4.1
4977,Uniinfo Telecom,UNIINFO,Micro Cap,Telecom & Data Centers,Telecom Infrastructure,11.0,0.0,11.76,0.0,0.13,8.36,-0.99,62.0,1.0,8.4
4978,Ladam Affordab.,540026,Micro Cap,Manufacturing & Services,Diversified,6.4,0.0,11.71,0.0,-0.07,0.0,-0.38,13.0,0.5,4.1
4979,BNR Udyog,530809,Micro Cap,Manufacturing & Services,Diversified,38.97,0.0,11.69,0.0,0.59,0.97,-9.58,14.0,0.5,4.1
4980,White Organic,513713,Micro Cap,Manufacturing & Services,Diversified,3.34,14.99,11.69,0.0,0.54,6.54,2.5,15.0,0.5,4.1
4981,Link Pharma Chem,524748,Micro Cap,Chemicals & Petrochemicals,Chemicals,26.31,0.0,11.68,0.0,0.32,8.77,3.48,16.0,0.5,4.1
4982,Shukra Bullions,531506,Micro Cap,Manufacturing & Services,Diversified,23.28,166.86,11.68,0.0,-0.02,0.25,3.18,17.0,0.5,4.1
4983,Dalal Street Inv,501148,Micro Cap,Manufacturing & Services,Diversified,364.95,233.6,11.68,0.0,-0.18,0.0,0.48,18.0,0.5,4.1
4984,Shivagrico Impl.,522237,Micro Cap,Manufacturing & Services,Diversified,23.32,25.96,11.68,0.0,0.06,11.73,6.9,19.0,0.5,4.1
4985,NMS Global,522289,Micro Cap,Manufacturing & Services,Diversified,38.76,17.16,11.67,0.0,0.07,2.36,24.35,20.0,0.5,4.1
4986,Indergiri Fin.,531505,Micro Cap,Manufacturing & Services,Diversified,23.02,0.0,11.65,0.0,-0.73,0.27,-1.15,21.0,0.5,4.1
4987,Innokaiz India,543905,Micro Cap,Manufacturing & Services,Diversified,11.4,0.0,11.65,0.0,-1.74,5.76,-5.62,22.0,0.5,4.1
4988,Progrex Ventures,531265,Micro Cap,Manufacturing & Services,Diversified,32.3,0.0,11.64,0.0,-0.02,0.0,-1.93,23.0,0.5,4.1
4989,Getalong Enterp.,543372,Micro Cap,Manufacturing & Services,Diversified,5.5,17.37,11.64,0.0,0.55,0.5,6.04,24.0,0.5,4.1
4990,Quantum Digital,530281,Micro Cap,Manufacturing & Services,Diversified,38.3,0.0,11.62,0.0,-0.14,0.0,0.0,25.0,0.5,4.1
4991,Tirth Plastic,526675,Micro Cap,Manufacturing & Services,Diversified,26.0,18.97,11.57,0.0,0.2,5.23,17.69,26.0,0.5,4.1
4992,3C IT Solutions,544190,Micro Cap,Manufacturing & Services,Diversified,19.13,19.86,11.52,0.0,0.43,37.28,5.12,27.0,0.5,4.1
4993,DCM Financial,DCMFINSERV,Micro Cap,Manufacturing & Services,Diversified,5.2,0.0,11.51,0.0,-0.19,0.0,-4.86,28.0,0.5,4.1
4994,East Buildtech,507917,Micro Cap,IT & Software Services,IT & Software,61.25,76.67,11.5,0.0,0.11,0.46,-4.1,79.0,1.0,8.4
4995,Vardhan Capital,542931,Micro Cap,Manufacturing & Services,Diversified,23.0,0.0,11.5,0.0,-0.03,0.0,1.31,30.0,0.5,4.1
4996,Inspire Films,INSPIRE,Micro Cap,Manufacturing & Services,Diversified,8.45,31.08,11.5,0.0,2.1,3.22,2.92,31.0,0.5,4.1
4997,Zinema Media,538579,Micro Cap,Manufacturing & Services,Diversified,16.15,22.53,11.49,0.31,0.3,3.32,4.59,32.0,0.5,4.1
4998,Super Bakers (I),530735,Micro Cap,Manufacturing & Services,Diversified,38.0,23.92,11.48,0.0,0.1,0.0,10.65,33.0,0.5,4.1
4999,Vas Infra.,531574,Micro Cap,Manufacturing & Services,Diversified,7.59,31.03,11.48,0.0,-0.13,0.0,0.0,34.0,0.5,4.1
5000,Panabyte Tech,538742,Micro Cap,IT & Software Services,IT & Software,17.16,104.36,11.48,0.0,-0.21,0.85,7.39,45.0,1.0,8.4
5001,Asian Warehous.,543927,Micro Cap,Manufacturing & Services,Diversified,32.75,42.3,11.42,0.0,0.04,0.54,2.59,11.0,0.5,4.1
5002,Dhanvantri Jeev.,531043,Micro Cap,Manufacturing & Services,Diversified,27.69,22.25,11.35,0.0,0.18,7.8,3.97,12.0,0.5,4.1
5003,VCU Data Managem,536672,Micro Cap,Manufacturing & Services,Diversified,7.32,283.75,11.35,0.0,-0.02,0.0,0.27,13.0,0.5,4.1
5004,Jackson Invest,538422,Micro Cap,Manufacturing & Services,Diversified,0.39,4.74,11.34,0.0,0.04,0.13,5.33,14.0,0.5,4.1
5005,Antarctica,ANTGRAPHIC,Micro Cap,Manufacturing & Services,Diversified,0.73,10.39,11.32,0.0,0.55,40.41,6.51,15.0,0.5,4.1
5006,Epuja Spiritech,532092,Micro Cap,IT & Software Services,IT & Software,1.0,0.0,11.31,0.0,0.22,7.55,-55.59,51.0,1.0,8.4
5007,Haria Exports,512604,Micro Cap,Manufacturing & Services,Diversified,9.78,282.5,11.3,0.0,-0.01,0.0,0.7,17.0,0.5,4.1
5008,Southern Infocon,540174,Micro Cap,Manufacturing & Services,Diversified,22.5,0.0,11.3,0.0,-0.2,0.43,-2.03,18.0,0.5,4.1
5009,Ind-Agiv Commer.,517077,Micro Cap,Manufacturing & Services,Diversified,36.92,0.0,11.29,0.0,-0.83,0.0,0.0,19.0,0.5,4.1
5010,Yogi Infra Proj.,522209,Micro Cap,Manufacturing & Services,Diversified,6.7,0.0,11.29,0.0,-3.33,0.33,3.65,20.0,0.5,4.1
5011,Scarnose Inter.,543537,Micro Cap,Manufacturing & Services,Diversified,35.82,1128.0,11.28,0.0,-0.07,2.06,0.1,21.0,0.5,4.1
5012,India Lease Dev.,500202,Micro Cap,Manufacturing & Services,Diversified,7.66,281.5,11.26,0.0,-0.03,0.16,0.2,22.0,0.5,4.1
5013,Fone4 Communica.,543521,Micro Cap,Manufacturing & Services,Diversified,4.51,0.0,11.25,0.0,-1.98,36.08,-28.82,23.0,0.5,4.1
5014,Suncare Traders,539526,Micro Cap,Manufacturing & Services,Diversified,0.44,0.0,11.22,0.0,0.3,0.51,2.15,24.0,0.5,4.1
5015,Dolphin Kitchen Utensils,544170,Micro Cap,FMCG & Consumer Goods,FMCG,8.44,3.13,11.19,0.0,0.03,8.37,7.5,25.0,0.5,4.1
5016,Family Care,516110,Micro Cap,Manufacturing & Services,Diversified,2.06,0.0,11.13,0.0,-0.42,0.05,-25.62,26.0,0.5,4.1
5017,Shanthala FMCG,SHANTHALA,Micro Cap,Capital Goods & Engineering,Capital Goods,16.6,8.76,11.12,0.0,0.72,25.82,5.98,27.0,0.5,4.1
5018,Pion. Agro Extr.,519439,Micro Cap,Manufacturing & Services,Diversified,25.65,0.0,11.11,0.0,0.08,0.0,-18.42,28.0,0.5,4.1
5019,Garware Marine,509563,Micro Cap,Manufacturing & Services,Diversified,19.27,69.44,11.11,0.0,0.07,0.31,1.13,29.0,0.5,4.1
5020,Elegant Floricul,526473,Micro Cap,Manufacturing & Services,Diversified,4.84,48.17,11.08,0.0,0.14,2.57,10.02,30.0,0.5,4.1
5021,Anna Infrastruct,530799,Micro Cap,Manufacturing & Services,Diversified,28.99,19.0,11.02,0.0,0.11,0.17,8.43,31.0,0.5,4.1
5022,Educomp Sol.,EDUCOMP,Micro Cap,Manufacturing & Services,Diversified,0.9,0.0,11.02,0.0,-160.68,112.6,0.0,32.0,0.5,4.1
5023,Garware Synth,514400,Micro Cap,Manufacturing & Services,Diversified,18.95,61.17,11.01,0.0,-0.07,1.68,14.29,33.0,0.5,4.1
5024,Crimson Metal,526977,Micro Cap,Metals & Mining,Metals & Mining,24.84,73.33,11.0,0.0,0.03,1.99,7.92,29.0,2.0,13.2
5025,Sri Nacha. Cott.,521234,Micro Cap,Manufacturing & Services,Diversified,25.55,0.0,10.99,0.0,-0.15,12.91,-5.16,10.0,0.5,4.1
5026,Sharp Investment,538212,Micro Cap,Manufacturing & Services,Diversified,0.45,64.06,10.89,0.0,0.08,0.06,0.04,11.0,0.5,4.1
5027,Resourceful Auto,544236,Micro Cap,Automotive & 2W/3W,Auto Ancillary & Components,41.0,7.21,10.89,0.0,1.3,18.14,11.89,52.0,1.0,7.3
5028,Noble Polymers,539200,Micro Cap,Manufacturing & Services,Diversified,12.41,0.0,10.87,0.0,1.01,11.18,-26.44,13.0,0.5,4.1
5029,Shanti Guru Inds,534708,Micro Cap,Manufacturing & Services,Diversified,8.82,0.97,10.86,0.0,11.46,0.23,71.68,14.0,0.5,4.1
5030,Globe Commercial,540266,Micro Cap,Manufacturing & Services,Diversified,18.09,0.37,10.86,0.0,7.98,232.17,10.07,15.0,0.5,4.1
5031,Modern Shares,509760,Micro Cap,Manufacturing & Services,Diversified,36.97,98.55,10.84,0.0,0.06,0.87,2.62,16.0,0.5,4.1
5032,Sarthak Global,530993,Micro Cap,Manufacturing & Services,Diversified,36.1,0.0,10.83,0.0,-0.07,0.06,4.27,17.0,0.5,4.1
5033,Sumeru Industrie,530445,Micro Cap,Manufacturing & Services,Diversified,1.5,120.0,10.8,0.0,0.01,0.0,0.48,18.0,0.5,4.1
5034,Rajdarshan Inds,ARENTERP,Micro Cap,Manufacturing & Services,Diversified,34.65,0.0,10.78,0.0,0.36,0.3,0.19,19.0,0.5,4.1
5035,Mihika Industrie,538895,Micro Cap,Manufacturing & Services,Diversified,10.78,154.0,10.78,0.0,0.01,0.45,0.41,20.0,0.5,4.1
5036,V B Industries,539123,Micro Cap,Manufacturing & Services,Diversified,8.22,63.35,10.77,0.0,0.35,0.0,0.21,21.0,0.5,4.1
5037,Tarini Internat.,538496,Micro Cap,Manufacturing & Services,Diversified,8.25,6.5,10.72,0.0,0.66,1.25,1.57,22.0,0.5,4.1
5038,Svaraj Trading,503624,Micro Cap,Manufacturing & Services,Diversified,7.24,0.0,10.68,0.0,-0.19,0.0,1.07,23.0,0.5,4.1
5039,Jiwanram Sheo,JIWANRAM,Micro Cap,Manufacturing & Services,Diversified,4.3,10.53,10.64,0.0,0.36,42.77,2.77,24.0,0.5,4.1
5040,Catvision Ltd,531158,Micro Cap,Manufacturing & Services,Diversified,19.45,16.84,10.61,10.28,0.51,5.23,1.1,25.0,0.5,4.1
5041,Pan Electronics,517397,Micro Cap,Manufacturing & Services,Diversified,26.49,0.0,10.6,0.0,-0.41,0.79,-17.1,26.0,0.5,4.1
5042,Suvidha Infra.,531640,Micro Cap,Manufacturing & Services,Diversified,11.9,0.0,10.59,0.0,-0.05,0.0,-6.5,27.0,0.5,4.1
5043,Debock Industrie,DIL,Micro Cap,Manufacturing & Services,Diversified,0.65,0.0,10.58,0.0,-0.19,0.0,-0.77,28.0,0.5,4.1
5044,Oxford Industrie,514414,Micro Cap,Manufacturing & Services,Diversified,17.79,50.33,10.57,0.0,-0.03,0.0,38.0,29.0,0.5,4.1
5045,Universal Office,523519,Micro Cap,Manufacturing & Services,Diversified,7.2,1055.0,10.55,0.0,-0.01,0.0,-0.56,30.0,0.5,4.1
5046,Looks Health,534422,Micro Cap,Manufacturing & Services,Diversified,10.05,351.67,10.55,0.0,0.0,0.12,0.2,31.0,0.5,4.1
5047,Uniroyal Marine,526113,Micro Cap,Manufacturing & Services,Diversified,16.25,0.0,10.53,0.0,-1.22,3.2,10.98,32.0,0.5,4.1
5048,KCD Industries,540696,Micro Cap,Manufacturing & Services,Diversified,4.16,0.0,10.52,0.0,-0.19,0.0,0.72,33.0,0.5,4.1
5049,Sanathnagar Ent.,509423,Micro Cap,Manufacturing & Services,Diversified,33.35,131.38,10.51,0.0,-0.06,0.0,6.33,34.0,0.5,4.1
5050,Kaarya Facilit.,540756,Micro Cap,Manufacturing & Services,Diversified,10.9,3.76,10.49,0.0,1.56,19.13,39.55,10.0,0.5,4.1
5051,Rita Finance and,543256,Micro Cap,Banking & Financial Services,BFSI,10.48,16.9,10.48,0.0,0.15,0.43,5.33,11.0,0.5,4.1
5052,Computer Point,507833,Micro Cap,Manufacturing & Services,Diversified,3.49,0.0,10.47,0.0,-0.12,0.0,0.03,12.0,0.5,4.1
5053,Maks Energy,MAKS,Micro Cap,Power Utilities & Cleantech,Renewable Energy & Power,15.1,13.42,10.47,0.0,0.6,27.97,9.34,28.0,2.0,13.2
5054,Sh. Krish. Infr.,542146,Micro Cap,Manufacturing & Services,Diversified,9.48,115.89,10.43,0.0,1.19,-0.27,0.92,14.0,0.5,4.1
5055,Sri Lak.Sar.Arni,521161,Micro Cap,Manufacturing & Services,Diversified,31.2,0.0,10.39,0.0,-5.52,20.7,-13.53,15.0,0.5,4.1
5056,N2N Technologies,512279,Micro Cap,IT & Software Services,IT & Software,32.19,0.0,10.39,0.0,-0.12,0.15,-45.2,61.0,1.0,8.4
5057,Welterman Intl.,526431,Micro Cap,Manufacturing & Services,Diversified,23.37,0.0,10.38,0.0,-0.02,0.0,0.0,17.0,0.5,4.1
5058,Scintilla Comm,538857,Micro Cap,Manufacturing & Services,Diversified,10.35,0.0,10.38,0.0,0.04,0.16,-1.21,18.0,0.5,4.1
5059,AUDROC,530889,Micro Cap,Manufacturing & Services,Diversified,15.93,57.5,10.35,0.04,0.82,2.5,0.53,19.0,0.5,4.1
5060,Garbi Finvest,539492,Micro Cap,Manufacturing & Services,Diversified,8.79,0.0,10.31,0.0,-0.82,0.46,-8.81,20.0,0.5,4.1
5061,Eastcoast Steel,520081,Micro Cap,Metals & Mining,Metals & Mining,19.0,13.32,10.26,0.0,0.34,16.49,3.12,36.0,2.0,13.2
5062,Ashtasidhhi Ind,531341,Micro Cap,Manufacturing & Services,Diversified,13.65,68.33,10.25,0.0,0.08,2.45,1.65,22.0,0.5,4.1
5063,Docmode Health,DHTL,Micro Cap,Manufacturing & Services,Diversified,32.6,0.0,10.25,0.0,-0.07,7.67,6.12,23.0,0.5,4.1
5064,Union Qual. Pla.,526799,Micro Cap,Manufacturing & Services,Diversified,14.76,0.0,10.22,0.0,-1.04,0.0,-4.01,24.0,0.5,4.1
5065,Tasty Dairy,540955,Micro Cap,Manufacturing & Services,Diversified,5.0,0.0,10.22,0.0,-0.33,0.0,-5.36,25.0,0.5,4.1
5066,Libord Securitie,531027,Micro Cap,Manufacturing & Services,Diversified,20.3,0.0,10.15,0.0,-0.14,0.0,-1.37,26.0,0.5,4.1
5067,Jauss Polymers,526001,Micro Cap,Manufacturing & Services,Diversified,21.91,0.0,10.13,0.0,-0.05,0.0,-76.09,27.0,0.5,4.1
5068,Rajasthan Cylind,538707,Micro Cap,Manufacturing & Services,Diversified,29.99,0.0,10.08,0.0,-0.64,0.0,-9.07,28.0,0.5,4.1
5069,Sreechem Resins,514248,Micro Cap,Chemicals & Petrochemicals,Chemicals,24.0,252.0,10.08,0.0,0.11,8.87,-0.66,29.0,0.5,4.1
5070,Kumbhat Fin.,526869,Micro Cap,Manufacturing & Services,Diversified,18.86,12.41,10.05,0.0,0.1,1.97,11.73,30.0,0.5,4.1
5071,PS IT Infra,505502,Micro Cap,Manufacturing & Services,Diversified,1.87,0.0,10.05,0.0,-0.01,0.0,-3.68,31.0,0.5,4.1
5072,Dolphin Medical,526504,Micro Cap,Manufacturing & Services,Diversified,6.64,167.17,10.03,0.0,0.02,0.21,0.64,32.0,0.5,4.1
5073,Padmanabh Alloys,531779,Micro Cap,Manufacturing & Services,Diversified,18.45,10.41,9.99,0.0,0.54,15.74,4.52,33.0,0.5,4.1
5074,Coastal Roadways,520131,Micro Cap,Manufacturing & Services,Diversified,24.04,6.09,9.98,0.0,0.94,10.63,8.7,34.0,0.5,4.1
5075,Samtex Fashion,521206,Micro Cap,Manufacturing & Services,Diversified,1.34,0.0,9.98,0.0,-0.14,0.0,-0.11,10.0,0.5,4.1
5076,Sashwat Technoc,506313,Micro Cap,IT & Software Services,IT & Software,320.65,0.0,9.94,0.0,0.12,0.1,-11.02,81.0,1.0,8.4
5077,Lyons Corporate,531441,Micro Cap,Manufacturing & Services,Diversified,21.2,34.21,9.92,0.0,-0.03,0.26,5.85,12.0,0.5,4.1
5078,Sh. Rajiv. Oil,530295,Micro Cap,Manufacturing & Services,Diversified,24.2,198.2,9.91,0.0,0.01,0.0,1.68,13.0,0.5,4.1
5079,Mid India Inds.,500277,Micro Cap,Manufacturing & Services,Diversified,6.06,58.12,9.88,0.0,-0.11,2.0,0.0,14.0,0.5,4.1
5080,Arihant's Secur.,531017,Micro Cap,Manufacturing & Services,Diversified,19.53,44.41,9.77,0.0,0.09,0.29,0.83,15.0,0.5,4.1
5081,United Leasing,507808,Micro Cap,Manufacturing & Services,Diversified,32.5,0.0,9.75,0.0,-0.14,1.08,4.18,16.0,0.5,4.1
5082,Lime Chemicals,507759,Micro Cap,Chemicals & Petrochemicals,Chemicals,14.95,0.0,9.72,0.0,0.19,6.23,-2.05,17.0,0.5,4.1
5083,Kush Industries,514240,Micro Cap,Manufacturing & Services,Diversified,6.37,0.0,9.71,0.0,0.01,0.0,-5.22,18.0,0.5,4.1
5084,Cont. Controls,531460,Micro Cap,Manufacturing & Services,Diversified,15.7,25.39,9.65,0.0,0.52,0.55,-5.76,19.0,0.5,4.1
5085,Sheshadri Indus.,539111,Micro Cap,Manufacturing & Services,Diversified,19.45,2.52,9.65,0.0,0.73,5.78,51.26,20.0,0.5,4.1
5086,Net Avenue,CBAZAAR,Micro Cap,Manufacturing & Services,Diversified,4.5,0.0,9.65,0.0,-0.85,13.39,-32.63,21.0,0.5,4.1
5087,Shivansh Finserv,539593,Micro Cap,Manufacturing & Services,Diversified,15.45,17.21,9.64,0.0,0.08,0.0,7.0,22.0,0.5,4.1
5088,Interworld Digi.,532072,Micro Cap,Manufacturing & Services,Diversified,0.2,0.0,9.57,0.0,-0.19,0.0,-0.31,23.0,0.5,4.1
5089,Swasth Foodtech,544368,Micro Cap,IT & Software Services,IT & Software,16.3,0.0,9.55,0.0,1.22,111.01,0.29,54.0,1.0,8.4
5090,Adcon Capital,539506,Micro Cap,Manufacturing & Services,Diversified,0.48,0.0,9.52,0.0,0.55,1.62,-3.15,25.0,0.5,4.1
5091,GTN Textiles,532744,Micro Cap,Textiles & Apparel,Textiles,8.16,0.0,9.5,0.0,0.35,7.31,-15.78,66.0,1.0,7.3
5092,RLF,512618,Micro Cap,Manufacturing & Services,Diversified,8.67,0.0,9.49,0.0,0.03,0.03,0.03,27.0,0.5,4.1
5093,Ashish Polyplast,530429,Micro Cap,Manufacturing & Services,Diversified,27.82,22.0,9.46,0.0,0.69,3.43,3.53,28.0,0.5,4.1
5094,Octal Credit Cap,538894,Micro Cap,Manufacturing & Services,Diversified,18.85,0.0,9.43,0.0,1.42,0.08,-6.72,29.0,0.5,4.1
5095,Broach Lifecare,544231,Micro Cap,Manufacturing & Services,Diversified,15.5,104.56,9.41,0.0,-0.23,3.39,2.52,30.0,0.5,4.1
5096,Kuwer Industries,530421,Micro Cap,Manufacturing & Services,Diversified,10.35,2.66,9.39,0.0,0.15,19.55,8.84,31.0,0.5,4.1
5097,Indifra Ltd,INDIFRA,Micro Cap,Manufacturing & Services,Diversified,12.85,937.0,9.37,0.0,0.15,14.81,0.22,32.0,0.5,4.1
5098,Euro Leder Fash,526468,Micro Cap,Manufacturing & Services,Diversified,20.95,0.0,9.36,0.0,0.01,6.91,7.16,33.0,0.5,4.1
5099,MPL Plastics,526143,Micro Cap,Manufacturing & Services,Diversified,7.49,0.0,9.36,0.0,-0.13,0.0,-226.67,34.0,0.5,4.1
5100,Sh. Ganesh Elas.,530797,Micro Cap,Manufacturing & Services,Diversified,17.0,22.26,9.35,0.0,0.99,4.07,-10.84,10.0,0.5,4.1
5101,Compuage Info.,COMPINFO,Micro Cap,Manufacturing & Services,Diversified,1.09,0.0,9.35,0.0,-137.42,388.94,-2.12,11.0,0.5,4.1
5102,Omkar Pharmachem,532167,Micro Cap,Chemicals & Petrochemicals,Chemicals,9.26,103.78,9.34,0.0,-0.01,0.09,0.74,12.0,0.5,4.1
5103,SHRI NIWAS L& F.,538897,Micro Cap,Manufacturing & Services,Diversified,17.14,0.87,9.32,0.0,0.16,0.25,195.35,13.0,0.5,4.1
5104,Chothani Foods,540681,Micro Cap,Manufacturing & Services,Diversified,9.0,84.73,9.32,0.0,-0.01,4.38,2.23,14.0,0.5,4.1
5105,VK Global,530177,Micro Cap,Manufacturing & Services,Diversified,21.95,42.27,9.3,0.0,0.01,0.28,2.14,15.0,0.5,4.1
5106,Plada Infotech S,PLADAINFO,Micro Cap,IT & Software Services,IT & Software,10.85,5.38,9.3,0.0,0.79,37.93,12.1,71.0,1.0,8.4
5107,First Custodian,511122,Micro Cap,Manufacturing & Services,Diversified,61.92,0.0,9.29,1.61,-0.11,0.03,-1.63,17.0,0.5,4.1
5108,Jagjanani Text.,532825,Micro Cap,Manufacturing & Services,Diversified,5.95,0.0,9.28,0.0,-0.03,0.0,0.0,18.0,0.5,4.1
5109,Parker Agrochem,524628,Micro Cap,Chemicals & Petrochemicals,Chemicals,19.35,7.91,9.25,0.0,0.26,1.66,23.07,19.0,0.5,4.1
5110,Rajputana Invest,539090,Micro Cap,Manufacturing & Services,Diversified,30.0,132.0,9.24,0.0,0.01,1.43,1.47,20.0,0.5,4.1
5111,Mathew Easow Res,511688,Micro Cap,Manufacturing & Services,Diversified,13.88,115.38,9.23,0.0,0.02,0.79,4.24,21.0,0.5,4.1
5112,Natural Biocon,543207,Micro Cap,Pharmaceuticals & Healthcare,Pharma & Healthcare,3.58,0.0,9.23,0.0,-0.01,0.0,-0.13,22.0,0.5,4.1
5113,Mayur Floorings,531221,Micro Cap,Manufacturing & Services,Diversified,18.18,41.91,9.22,0.0,0.06,2.54,6.81,23.0,0.5,4.1
5114,Mukta Agricultur,535204,Micro Cap,Manufacturing & Services,Diversified,4.24,19.55,9.19,0.0,0.09,0.0,1.21,24.0,0.5,4.1
5115,Citichem India,544324,Micro Cap,Chemicals & Petrochemicals,Chemicals,13.5,9.18,9.18,0.0,0.32,4.68,7.18,25.0,0.5,4.1
5116,Galada Finance,538881,Micro Cap,Banking & Financial Services,BFSI,30.5,18.67,9.15,0.0,0.1,0.76,10.31,26.0,0.5,4.1
5117,Colinz Labs,531210,Micro Cap,Pharmaceuticals & Healthcare,Pharma & Healthcare,72.56,18.28,9.14,0.0,2.4,1.24,7.2,27.0,0.5,4.1
5118,I Power Solution,512405,Micro Cap,Power Utilities & Cleantech,Renewable Energy & Power,15.48,0.0,9.13,0.0,0.24,0.0,-20.83,33.0,2.0,13.2
5119,Genomic Valley,539206,Micro Cap,Manufacturing & Services,Diversified,29.88,913.0,9.13,0.0,0.01,0.04,1.02,29.0,0.5,4.1
5120,Ganesh Holdings,504397,Micro Cap,Manufacturing & Services,Diversified,102.37,41.45,9.12,0.0,-0.04,0.0,3.87,30.0,0.5,4.1
5121,Sterling Green,526500,Micro Cap,Power Utilities & Cleantech,Renewable Energy & Power,21.5,0.0,9.12,0.0,-0.33,0.02,-2.49,36.0,2.0,13.2
5122,Saptak Chem &,506906,Micro Cap,Chemicals & Petrochemicals,Chemicals,29.62,0.0,9.1,0.0,-0.05,0.0,-48.0,32.0,0.5,4.1
5123,GACM Tech-DVR,GATECHDVR,Micro Cap,IT & Software Services,IT & Software,0.48,1.32,9.1,0.0,1.52,4.5,11.27,48.0,1.0,8.4
5124,Dhanuka Infra Realty,DIRL,Micro Cap,Manufacturing & Services,Diversified,9.5,8.47,9.06,0.0,0.89,2.33,8.86,34.0,0.5,4.1
5125,Yunik Managing,533149,Micro Cap,Manufacturing & Services,Diversified,6.33,0.0,9.05,0.0,-0.02,0.05,-108.7,10.0,0.5,4.1
5126,Interactive Fin,539692,Micro Cap,Manufacturing & Services,Diversified,13.06,2.2,9.05,0.0,1.21,1.38,16.35,11.0,0.5,4.1
5127,Gagan Gases,524624,Micro Cap,Manufacturing & Services,Diversified,20.0,37.67,9.04,0.0,0.04,0.53,5.57,12.0,0.5,4.1
5128,Hathway Bhawani,509073,Micro Cap,Manufacturing & Services,Diversified,11.02,0.0,8.93,0.0,0.12,0.58,-9.33,13.0,0.5,4.1
5129,Mipco Seaml Ring,505797,Micro Cap,Manufacturing & Services,Diversified,24.82,35.6,8.9,0.0,0.06,1.31,37.04,14.0,0.5,4.1
5130,BCL Enterprises,539621,Micro Cap,Manufacturing & Services,Diversified,0.76,0.0,8.86,0.0,-4.09,0.93,-12.0,15.0,0.5,4.1
5131,Anjani Finance,531878,Micro Cap,Banking & Financial Services,BFSI,8.72,55.25,8.84,0.0,-0.01,0.11,1.45,16.0,0.5,4.1
5132,SRU Steels,540914,Micro Cap,Metals & Mining,Metals & Mining,1.47,5.03,8.81,0.0,-0.04,1.18,-1.25,17.0,2.0,13.2
5133,Millen. Online,511187,Micro Cap,Textiles & Apparel,Textiles,1.76,293.33,8.8,0.0,0.02,0.7,0.89,58.0,1.0,7.3
5134,KMF Builders,531578,Micro Cap,Manufacturing & Services,Diversified,7.21,0.0,8.78,0.0,-0.14,0.0,-3.47,19.0,0.5,4.1
5135,Pasari Spinning,521080,Micro Cap,Manufacturing & Services,Diversified,6.35,109.5,8.76,0.0,-0.04,0.01,16.28,20.0,0.5,4.1
5136,Grandma Trading,504369,Micro Cap,Manufacturing & Services,Diversified,0.67,875.0,8.75,0.0,0.02,0.13,-29.79,21.0,0.5,4.1
5137,Euphoria Infotec,544094,Micro Cap,Manufacturing & Services,Diversified,30.0,5.62,8.71,0.0,0.88,8.91,12.86,22.0,0.5,4.1
5138,Bhagawati Oxygen,509449,Micro Cap,Manufacturing & Services,Diversified,37.67,2.94,8.7,0.0,-0.33,0.13,48.88,23.0,0.5,4.1
5139,Milestone Global,531338,Micro Cap,Manufacturing & Services,Diversified,17.31,29.97,8.69,0.0,-0.03,4.57,9.79,24.0,0.5,4.1
5140,Hasti Finance,531387,Micro Cap,Banking & Financial Services,BFSI,8.0,0.0,8.67,0.0,-0.04,0.05,-52.05,25.0,0.5,4.1
5141,Rite Zone,RITEZONE,Micro Cap,Manufacturing & Services,Diversified,20.5,25.5,8.67,0.0,0.16,13.79,4.11,26.0,0.5,4.1
5142,Raasi Refractor,502271,Micro Cap,Manufacturing & Services,Diversified,18.35,30.86,8.64,0.0,0.41,14.48,10.53,27.0,0.5,4.1
5143,Transwind Infra.,TRANSWIND,Micro Cap,Power Utilities & Cleantech,Renewable Energy & Power,11.3,9.29,8.64,0.0,0.29,10.09,7.88,28.0,2.0,13.2
5144,Future Ent. DVR,FELDVR,Micro Cap,Manufacturing & Services,Diversified,2.17,0.0,8.54,0.0,6.1,2899.46,0.0,29.0,0.5,4.1
5145,V B Desai Fin.,511110,Micro Cap,Manufacturing & Services,Diversified,18.8,8.88,8.52,0.0,0.29,1.08,9.29,30.0,0.5,4.1
5146,Triveni Glass,502281,Micro Cap,Manufacturing & Services,Diversified,6.75,0.0,8.52,0.0,0.16,0.0,-20.66,31.0,0.5,4.1
5147,Vision Cinemas,526441,Micro Cap,Manufacturing & Services,Diversified,1.2,0.0,8.5,0.0,-0.13,0.0,-1.8,32.0,0.5,4.1
5148,Unipro Technolgy,540189,Micro Cap,IT & Software Services,IT & Software,13.93,0.0,8.48,0.0,0.09,0.54,-27.18,73.0,1.0,8.4
5149,Suryavanshi Spg.,514140,Micro Cap,Manufacturing & Services,Diversified,17.2,7.74,8.44,0.0,0.18,2.17,13.44,34.0,0.5,4.1
5150,Veritaas Adver.,VERITAAS,Micro Cap,Manufacturing & Services,Diversified,29.9,4.72,8.44,0.0,1.05,7.55,17.23,10.0,0.5,4.1
5151,Objectone Inform,535657,Micro Cap,Manufacturing & Services,Diversified,7.99,8.32,8.4,0.0,0.1,2.96,2.99,11.0,0.5,4.1
5152,Intl. Data Mgt.,517044,Micro Cap,Manufacturing & Services,Diversified,37.98,0.0,8.36,0.0,-0.07,0.0,-280.0,12.0,0.5,4.1
5153,Premier,PREMIER,Micro Cap,Manufacturing & Services,Diversified,2.75,0.0,8.35,0.0,-1.76,0.0,0.0,13.0,0.5,4.1
5154,Ishaan Infrastru,540134,Micro Cap,Manufacturing & Services,Diversified,12.89,0.0,8.35,0.0,-0.05,0.0,-3.66,14.0,0.5,4.1
5155,Picturepost Stu.,PPSL,Micro Cap,Manufacturing & Services,Diversified,2.85,9.94,8.35,0.0,0.6,8.22,4.27,15.0,0.5,4.1
5156,Skyline Ventures,538919,Micro Cap,Manufacturing & Services,Diversified,21.0,0.0,8.33,0.0,-0.2,0.0,-7.7,16.0,0.5,4.1
5157,Crane Infra,538770,Micro Cap,Manufacturing & Services,Diversified,11.49,15.41,8.32,0.0,0.2,0.35,2.08,17.0,0.5,4.1
5158,Solve Plastic,BALCO,Micro Cap,Manufacturing & Services,Diversified,19.0,18.86,8.3,0.0,0.02,23.76,7.89,18.0,0.5,4.1
5159,Svam Software,523722,Micro Cap,IT & Software Services,IT & Software,4.9,0.0,8.28,0.0,-0.19,0.4,2.55,84.0,1.0,8.4
5160,Sh. Steel Wire,513488,Micro Cap,Metals & Mining,Metals & Mining,24.9,0.0,8.24,0.0,0.23,2.43,-3.84,15.0,2.0,13.2
5161,Shree Mfg. Co.,503863,Micro Cap,Manufacturing & Services,Diversified,9.93,0.0,8.24,0.0,-0.05,0.0,0.0,21.0,0.5,4.1
5162,Swagtam Trading,539406,Micro Cap,Manufacturing & Services,Diversified,68.95,54.73,8.21,0.0,0.04,0.0,2.14,22.0,0.5,4.1
5163,Phyto Chem (I),524808,Micro Cap,Chemicals & Petrochemicals,Chemicals,19.08,0.0,8.2,0.0,-0.9,0.03,-1.57,23.0,0.5,4.1
5164,Jayatma Industri,531323,Micro Cap,Manufacturing & Services,Diversified,13.27,0.0,8.19,0.0,-0.61,2.71,-1.46,24.0,0.5,4.1
5165,Indo Euro Indch.,524458,Micro Cap,Manufacturing & Services,Diversified,9.05,30.33,8.19,0.0,0.11,4.05,3.79,25.0,0.5,4.1
5166,Jet Solar,538794,Micro Cap,Power Utilities & Cleantech,Renewable Energy & Power,6.9,204.75,8.19,0.0,0.02,0.2,0.25,21.0,2.0,13.2
5167,Ace Engitech,530669,Micro Cap,IT & Software Services,IT & Software,95.3,0.0,8.19,0.0,-0.05,0.0,0.0,52.0,1.0,8.4
5168,Devine Impex,531585,Micro Cap,Manufacturing & Services,Diversified,8.57,102.12,8.17,0.0,0.04,0.26,0.29,28.0,0.5,4.1
5169,Croissance Ltd,531909,Micro Cap,Manufacturing & Services,Diversified,1.19,204.0,8.16,0.0,0.0,0.03,0.84,29.0,0.5,4.1
5170,Billwin Indust.,543209,Micro Cap,Manufacturing & Services,Diversified,19.5,17.34,8.15,0.0,0.14,4.01,5.37,30.0,0.5,4.1
5171,Jayatma Enterp.,539005,Micro Cap,Manufacturing & Services,Diversified,27.13,13.8,8.14,0.0,0.19,0.0,1.27,31.0,0.5,4.1
5172,Kalpa Commer.,539014,Micro Cap,Manufacturing & Services,Diversified,7.93,8.47,8.13,0.0,0.5,9.76,1.38,32.0,0.5,4.1
5173,Nivaka Fashions,542206,Micro Cap,Manufacturing & Services,Diversified,0.79,0.0,8.11,0.0,-0.15,0.01,-59.2,33.0,0.5,4.1
5174,Amforge Inds.,513117,Micro Cap,Automotive & 2W/3W,Auto Ancillary & Components,5.62,80.9,8.09,0.0,0.37,0.0,-1.12,49.0,1.0,7.3
5175,Nutech Global,531304,Micro Cap,IT & Software Services,IT & Software,25.22,40.4,8.08,0.0,-0.1,10.72,8.36,60.0,1.0,8.4
5176,Tarai Foods,519285,Micro Cap,Manufacturing & Services,Diversified,4.55,0.0,8.07,0.0,-0.13,0.0,0.0,11.0,0.5,4.1
5177,Prima Agro,519262,Micro Cap,Manufacturing & Services,Diversified,15.5,18.27,8.04,0.0,0.19,2.74,0.09,12.0,0.5,4.1
5178,Aadi Industries,530027,Micro Cap,Manufacturing & Services,Diversified,8.03,0.0,8.03,0.0,-0.06,0.0,-13.95,13.0,0.5,4.1
5179,Clinitech Lab,544220,Micro Cap,IT & Software Services,IT & Software,35.1,19.07,8.01,0.0,0.12,4.39,7.27,64.0,1.0,8.4
5180,Konndor Indust.,532397,Micro Cap,Manufacturing & Services,Diversified,14.5,0.0,8.0,0.0,-0.02,0.0,0.0,15.0,0.5,4.1
5181,Photoquip India,526588,Micro Cap,Manufacturing & Services,Diversified,13.31,0.0,7.99,0.0,-0.77,1.99,1.57,16.0,0.5,4.1
5182,AFLOAT Enterpris,543377,Micro Cap,Manufacturing & Services,Diversified,6.36,0.0,7.99,0.0,0.17,0.8,0.0,17.0,0.5,4.1
5183,Haria Apparels,538081,Micro Cap,Manufacturing & Services,Diversified,5.19,11.85,7.94,0.0,0.28,0.94,14.67,18.0,0.5,4.1
5184,Ushakiran Fin.,511507,Micro Cap,Manufacturing & Services,Diversified,31.16,0.0,7.91,0.0,0.08,0.2,0.13,19.0,0.5,4.1
5185,BGIL Films & Tec,511664,Micro Cap,Manufacturing & Services,Diversified,6.9,37.24,7.82,0.0,-0.08,0.02,1.28,20.0,0.5,4.1
5186,Stanpacks(India),530931,Micro Cap,Manufacturing & Services,Diversified,12.8,111.43,7.8,0.0,0.18,11.45,4.48,21.0,0.5,4.1
5187,Typhoon Fin Ser,539468,Micro Cap,Manufacturing & Services,Diversified,26.0,111.43,7.8,0.0,0.02,0.08,1.62,22.0,0.5,4.1
5188,Standard Shoe,523351,Micro Cap,Manufacturing & Services,Diversified,14.99,0.0,7.77,0.0,-0.06,0.0,0.0,23.0,0.5,4.1
5189,Shree Hanuman Sg,537709,Micro Cap,Manufacturing & Services,Diversified,4.2,0.0,7.77,0.0,-0.24,0.0,-0.43,24.0,0.5,4.1
5190,Thirani Projects,538464,Micro Cap,Manufacturing & Services,Diversified,3.8,0.0,7.68,0.0,-2.75,0.25,5.92,25.0,0.5,4.1
5191,Shiva Suitings,521003,Micro Cap,Manufacturing & Services,Diversified,49.47,0.0,7.67,0.0,-0.04,0.37,-5.9,26.0,0.5,4.1
5192,First Fintec,532379,Micro Cap,Manufacturing & Services,Diversified,7.36,0.0,7.65,0.0,0.06,0.56,0.09,27.0,0.5,4.1
5193,Hind.Bio Science,532041,Micro Cap,Manufacturing & Services,Diversified,7.45,0.0,7.64,0.0,-0.11,0.0,-2.43,28.0,0.5,4.1
5194,Ambassador Intra,542524,Micro Cap,Manufacturing & Services,Diversified,36.56,0.0,7.64,0.0,-0.03,1.69,4.07,29.0,0.5,4.1
5195,Sujala Trading &,539117,Micro Cap,Manufacturing & Services,Diversified,13.28,0.0,7.6,0.0,-0.09,0.0,-0.1,30.0,0.5,4.1
5196,R O Jewels,543171,Micro Cap,Manufacturing & Services,Diversified,1.5,0.0,7.57,0.0,-0.01,0.0,0.21,31.0,0.5,4.1
5197,Flexituff Vent.,FLEXITUFF,Micro Cap,Manufacturing & Services,Diversified,2.29,0.0,7.52,0.0,-15.68,0.0,-26.79,32.0,0.5,4.1
5198,Peeti Securities,531352,Micro Cap,Manufacturing & Services,Diversified,20.0,28.85,7.5,0.0,0.22,4.55,0.95,33.0,0.5,4.1
5199,Alexander Stamps,511463,Micro Cap,Manufacturing & Services,Diversified,7.99,0.0,7.44,0.0,0.02,0.07,-0.06,34.0,0.5,4.1
5200,ISF,526859,Micro Cap,Manufacturing & Services,Diversified,0.78,0.0,7.41,0.0,0.03,0.34,-12.93,10.0,0.5,4.1
5201,Quality RO Indu.,543460,Micro Cap,Manufacturing & Services,Diversified,29.0,0.0,7.4,0.0,-0.7,6.99,0.44,11.0,0.5,4.1
5202,Magnus Steel,517320,Micro Cap,Metals & Mining,Metals & Mining,21.85,1.14,7.39,0.0,2.41,7.3,170.7,27.0,2.0,13.2
5203,Monind,532078,Micro Cap,Manufacturing & Services,Diversified,19.95,0.0,7.34,0.0,-0.78,0.0,0.0,13.0,0.5,4.1
5204,Yashraj Contain.,530063,Micro Cap,Manufacturing & Services,Diversified,4.3,0.0,7.31,0.0,-0.2,0.0,0.0,14.0,0.5,4.1
5205,Voltaire Leasing,509038,Micro Cap,Manufacturing & Services,Diversified,17.7,0.0,7.29,0.0,0.11,0.16,0.06,15.0,0.5,4.1
5206,Shree Ram Prote.,SRPL,Micro Cap,Manufacturing & Services,Diversified,0.34,0.0,7.28,0.0,-6.36,0.0,-6.2,16.0,0.5,4.1
5207,Olympic Oil Ind.,507609,Micro Cap,Manufacturing & Services,Diversified,25.43,0.0,7.25,0.0,-28.4,0.0,-0.26,17.0,0.5,4.1
5208,Manor Estates,526115,Micro Cap,Manufacturing & Services,Diversified,8.76,0.0,7.22,0.0,-0.17,0.0,0.0,18.0,0.5,4.1
5209,Padmalaya Tele.,PADMALAYAT,Micro Cap,Manufacturing & Services,Diversified,4.22,0.0,7.17,0.0,-0.01,0.0,-3.36,19.0,0.5,4.1
5210,Setubandhan Inf.,SETUINFRA,Micro Cap,Manufacturing & Services,Diversified,0.57,0.0,7.16,0.0,-0.47,0.0,-1.28,20.0,0.5,4.1
5211,Atharv Enter,530187,Micro Cap,Manufacturing & Services,Diversified,4.2,37.58,7.14,0.0,0.05,0.11,1.4,21.0,0.5,4.1
5212,Ganon Products,512443,Micro Cap,Manufacturing & Services,Diversified,7.64,13.2,7.13,0.0,0.04,0.91,12.33,22.0,0.5,4.1
5213,Oscar Global,530173,Micro Cap,Manufacturing & Services,Diversified,21.6,0.0,7.13,0.0,-0.01,0.0,-3.76,23.0,0.5,4.1
5214,Gala Global,539228,Micro Cap,Manufacturing & Services,Diversified,1.3,0.0,7.1,0.0,-0.49,0.0,-3.91,24.0,0.5,4.1
5215,Adline Chem Lab,524604,Micro Cap,Chemicals & Petrochemicals,Chemicals,12.12,0.0,7.09,0.0,0.04,0.0,-933.33,25.0,0.5,4.1
5216,Fraser & Company,539032,Micro Cap,Manufacturing & Services,Diversified,8.73,0.0,7.09,0.0,-0.28,0.25,-10.68,26.0,0.5,4.1
5217,Ashram Online,526187,Micro Cap,Manufacturing & Services,Diversified,5.9,0.0,7.08,0.0,-0.02,0.13,0.84,27.0,0.5,4.1
5218,IGC Industries,539449,Micro Cap,Manufacturing & Services,Diversified,2.04,0.0,7.08,0.0,-14.62,0.0,-7.9,28.0,0.5,4.1
5219,Guj. Credit Corp,511441,Micro Cap,Manufacturing & Services,Diversified,23.55,101.0,7.07,0.0,-0.08,0.0,0.07,29.0,0.5,4.1
5220,Mahesh Developer,542677,Micro Cap,Manufacturing & Services,Diversified,17.03,54.38,7.07,0.0,0.01,0.0,1.24,30.0,0.5,4.1
5221,Trinity League,531846,Micro Cap,Manufacturing & Services,Diversified,8.92,0.0,7.06,0.0,-0.06,0.0,-5.78,31.0,0.5,4.1
5222,Lexoraa Ind,531944,Micro Cap,Manufacturing & Services,Diversified,17.93,0.0,7.04,0.0,-0.28,11.13,0.0,32.0,0.5,4.1
5223,BFL Asset Finves,539662,Micro Cap,Manufacturing & Services,Diversified,6.88,21.94,7.02,0.0,12.5,13.49,-22.79,33.0,0.5,4.1
5224,Promact Plastics,526494,Micro Cap,Manufacturing & Services,Diversified,10.75,0.0,7.0,0.0,16.45,5.12,-207.14,34.0,0.5,4.1
5225,Mystic Electron.,535205,Micro Cap,Manufacturing & Services,Diversified,3.54,15.22,7.0,0.0,0.08,0.0,0.87,10.0,0.5,4.1
5226,Vivanza Biosci.,530057,Micro Cap,Manufacturing & Services,Diversified,1.75,15.22,7.0,0.0,0.15,9.29,6.11,11.0,0.5,4.1
5227,Nikki Glob.Fin.,531272,Micro Cap,Manufacturing & Services,Diversified,20.37,14.22,6.97,0.0,0.22,0.26,13.05,12.0,0.5,4.1
5228,Kuberan Global,543289,Micro Cap,Manufacturing & Services,Diversified,33.0,0.0,6.95,0.0,-0.19,0.0,-19.76,13.0,0.5,4.1
5229,Shanti Overseas,SHANTI,Micro Cap,Manufacturing & Services,Diversified,6.25,0.0,6.94,0.0,0.03,0.0,-14.31,14.0,0.5,4.1
5230,Vellora Impact,531257,Micro Cap,Manufacturing & Services,Diversified,12.43,0.9,6.92,0.0,7.9,141.92,-791.84,15.0,0.5,4.1
5231,Yarn Syndicate,514378,Micro Cap,Manufacturing & Services,Diversified,13.45,0.0,6.92,0.0,-4.5,1.6,2.55,16.0,0.5,4.1
5232,Nihar Info Glob.,531083,Micro Cap,Manufacturing & Services,Diversified,6.62,18.13,6.89,0.0,0.0,3.51,8.72,17.0,0.5,4.1
5233,Risa Internatio.,530251,Micro Cap,Manufacturing & Services,Diversified,0.43,0.0,6.86,0.0,-0.4,0.0,-20.81,18.0,0.5,4.1
5234,Golden Carpets,531928,Micro Cap,Manufacturing & Services,Diversified,10.55,0.0,6.85,0.0,-0.07,0.12,-5.41,19.0,0.5,4.1
5235,Omega Ag Seeds,519479,Micro Cap,Manufacturing & Services,Diversified,8.65,12.67,6.84,0.0,0.16,4.37,92.11,20.0,0.5,4.1
5236,Minaxi Textiles,531456,Micro Cap,Textiles & Apparel,Textiles,1.38,136.4,6.82,0.0,0.1,5.89,21.59,61.0,1.0,7.3
5237,Sahara Maritime,544056,Micro Cap,Manufacturing & Services,Diversified,22.22,8.74,6.82,0.0,0.84,11.14,8.46,22.0,0.5,4.1
5238,Brawn Biotech,530207,Micro Cap,IT & Software Services,IT & Software,22.7,8.01,6.81,0.0,0.15,6.08,0.0,83.0,1.0,8.4
5239,Explicit Finance,530571,Micro Cap,Banking & Financial Services,BFSI,7.35,0.0,6.81,0.0,0.06,0.46,-0.13,24.0,0.5,4.1
5240,Gratex Industrie,526751,Micro Cap,Manufacturing & Services,Diversified,22.43,48.57,6.8,0.0,0.04,1.25,4.47,25.0,0.5,4.1
5241,Jayabharat Cred.,501311,Micro Cap,Manufacturing & Services,Diversified,13.5,0.0,6.75,0.0,-0.27,0.0,0.0,26.0,0.5,4.1
5242,Bansisons Tea,519353,Micro Cap,Manufacturing & Services,Diversified,10.67,0.0,6.75,0.0,-0.02,1.73,-162.24,27.0,0.5,4.1
5243,Sunraj Diamond,523425,Micro Cap,Manufacturing & Services,Diversified,12.67,337.5,6.75,0.0,-0.08,0.44,-1.26,28.0,0.5,4.1
5244,GCM Capital,538319,Micro Cap,Manufacturing & Services,Diversified,3.98,0.0,6.74,0.0,-0.31,1.1,-1.65,29.0,0.5,4.1
5245,Winny Immigratio,WINNY,Micro Cap,Manufacturing & Services,Diversified,31.0,0.0,6.73,0.0,-4.63,0.46,-98.17,30.0,0.5,4.1
5246,Supertex Inds.,526133,Micro Cap,Manufacturing & Services,Diversified,5.9,8.8,6.69,0.0,0.23,5.1,5.53,31.0,0.5,4.1
5247,Sirohia & Sons,538667,Micro Cap,Manufacturing & Services,Diversified,6.52,223.0,6.69,0.0,-0.13,0.0,0.25,32.0,0.5,4.1
5248,Prem. Synthetic,509835,Micro Cap,Manufacturing & Services,Diversified,14.48,0.0,6.65,0.0,0.22,1.34,-4.57,33.0,0.5,4.1
5249,Dr Lalchand. Lab,541299,Micro Cap,Pharmaceuticals & Healthcare,Pharma & Healthcare,7.64,110.0,6.6,0.0,-0.13,2.13,0.79,34.0,0.5,4.1
5250,Premium Capital,511660,Micro Cap,Manufacturing & Services,Diversified,10.02,0.0,6.57,0.0,0.07,4.04,34.21,10.0,0.5,4.1
5251,Vijay Textiles,530151,Micro Cap,Textiles & Apparel,Textiles,3.59,0.0,6.57,0.0,-3.83,1.41,-2.2,26.0,1.0,7.3
5252,Nyssa Corp.,504378,Micro Cap,Manufacturing & Services,Diversified,2.19,0.0,6.57,0.0,-0.56,0.0,-45.8,12.0,0.5,4.1
5253,Vinayak Polycon,534639,Micro Cap,Manufacturing & Services,Diversified,21.3,218.67,6.56,0.0,0.04,6.09,4.23,13.0,0.5,4.1
5254,Hemo Organic,524590,Micro Cap,Manufacturing & Services,Diversified,18.91,0.0,6.55,0.0,-0.07,0.0,-23.81,14.0,0.5,4.1
5255,Modella Woollens,503772,Micro Cap,Manufacturing & Services,Diversified,72.0,0.0,6.55,0.0,-0.04,0.0,0.0,15.0,0.5,4.1
5256,Priya,524580,Micro Cap,Manufacturing & Services,Diversified,21.84,0.0,6.55,0.0,-0.92,0.0,0.0,16.0,0.5,4.1
5257,Reetech Intl,543617,Micro Cap,IT & Software Services,IT & Software,15.5,0.0,6.55,0.0,0.69,0.0,-0.44,62.0,1.0,8.4
5258,Karnawati Innovation,531671,Micro Cap,Manufacturing & Services,Diversified,1.21,1.74,6.54,0.0,1.85,71.47,20.72,18.0,0.5,4.1
5259,Enterprise Intl.,526574,Micro Cap,Manufacturing & Services,Diversified,21.87,11.87,6.53,0.0,0.52,1.16,-0.15,19.0,0.5,4.1
5260,Arcee Industries,520121,Micro Cap,Manufacturing & Services,Diversified,12.64,0.0,6.5,0.0,-0.31,0.0,-13.18,20.0,0.5,4.1
5261,Mehta Securities,511738,Micro Cap,Manufacturing & Services,Diversified,21.05,108.33,6.5,0.0,-0.01,0.08,0.15,21.0,0.5,4.1
5262,Systematix Sec.,531432,Micro Cap,Manufacturing & Services,Diversified,13.0,0.0,6.5,0.0,-0.03,0.08,-0.69,22.0,0.5,4.1
5263,Nouveau Global,531465,Micro Cap,Manufacturing & Services,Diversified,0.35,0.0,6.49,0.0,-0.04,0.0,-2.28,23.0,0.5,4.1
5264,Dharani Finance,511451,Micro Cap,Banking & Financial Services,BFSI,13.0,11.0,6.49,0.0,0.2,0.42,8.02,24.0,0.5,4.1
5265,Integra Capital,531314,Micro Cap,Manufacturing & Services,Diversified,13.71,16.97,6.45,0.0,-0.05,0.04,9.36,25.0,0.5,4.1
5266,Shree Precoated,533110,Micro Cap,Manufacturing & Services,Diversified,15.58,0.0,6.45,0.0,-0.14,0.0,0.0,26.0,0.5,4.1
5267,Prashant India,519014,Micro Cap,Manufacturing & Services,Diversified,15.14,0.0,6.42,0.0,-0.11,0.0,-30.15,27.0,0.5,4.1
5268,Vision Corpn.,531668,Micro Cap,Manufacturing & Services,Diversified,3.2,0.0,6.39,0.0,-0.09,0.0,-7.01,28.0,0.5,4.1
5269,Munoth Commun.,511401,Micro Cap,Manufacturing & Services,Diversified,6.62,0.0,6.39,0.0,0.03,0.34,-2.31,29.0,0.5,4.1
5270,Agarwal Fortune,530765,Micro Cap,Manufacturing & Services,Diversified,18.45,105.67,6.34,0.0,0.03,0.39,11.21,30.0,0.5,4.1
5271,Rich Universe,530271,Micro Cap,Manufacturing & Services,Diversified,8.67,7.96,6.29,0.0,0.15,0.21,5.59,31.0,0.5,4.1
5272,Agio Paper,516020,Micro Cap,Manufacturing & Services,Diversified,3.9,0.0,6.29,0.0,-0.48,0.0,-201.55,32.0,0.5,4.1
5273,Veerkrupa Jewel,543545,Micro Cap,Manufacturing & Services,Diversified,0.48,37.0,6.29,0.0,0.14,34.86,0.55,33.0,0.5,4.1
5274,Natl. Plywood,516062,Micro Cap,Manufacturing & Services,Diversified,2.55,0.0,6.28,0.0,-0.55,2.11,0.0,34.0,0.5,4.1
5275,Ortel Commu.,ORTEL,Micro Cap,Manufacturing & Services,Diversified,1.9,0.0,6.27,0.0,-9.31,10.47,-13.42,10.0,0.5,4.1
5276,Kanungo Financi.,540515,Micro Cap,Manufacturing & Services,Diversified,13.54,10.63,6.27,0.0,0.0,0.0,8.44,11.0,0.5,4.1
5277,Amraworld Agrico,531991,Micro Cap,Manufacturing & Services,Diversified,0.52,0.0,6.26,0.0,-0.06,0.0,-9.96,12.0,0.5,4.1
5278,Decipher Labs,524752,Micro Cap,Pharmaceuticals & Healthcare,Pharma & Healthcare,6.2,0.0,6.26,0.0,-2.19,2.41,-16.67,13.0,0.5,4.1
5279,Epsom Properties,531155,Micro Cap,Manufacturing & Services,Diversified,8.36,0.0,6.23,0.0,-0.12,0.0,-210.0,14.0,0.5,4.1
5280,Space Incubatric,541890,Micro Cap,Manufacturing & Services,Diversified,0.18,0.0,6.23,0.0,-9.7,10.63,0.35,15.0,0.5,4.1
5281,Money Masters,535910,Micro Cap,Manufacturing & Services,Diversified,0.62,11.52,6.22,0.0,0.06,0.31,3.42,16.0,0.5,4.1
5282,United Textiles,521188,Micro Cap,Textiles & Apparel,Textiles,20.66,0.0,6.2,0.0,-1.36,0.29,-12.69,57.0,1.0,7.3
5283,Siddhes. Garment,526877,Micro Cap,Manufacturing & Services,Diversified,18.65,308.5,6.17,0.0,-0.02,0.0,0.09,18.0,0.5,4.1
5284,Inditrade Cap.,532745,Micro Cap,Manufacturing & Services,Diversified,2.64,0.0,6.17,0.0,-96.08,-10.25,-31.28,19.0,0.5,4.1
5285,Kiran Syntex,530443,Micro Cap,Manufacturing & Services,Diversified,14.5,0.0,6.16,0.0,0.0,2.82,0.0,20.0,0.5,4.1
5286,Polytex India,512481,Micro Cap,Manufacturing & Services,Diversified,4.56,0.0,6.16,0.0,-0.03,0.0,-5.26,21.0,0.5,4.1
5287,Gradiente Info.,GRADIENTE,Micro Cap,Manufacturing & Services,Diversified,2.71,1.43,6.1,0.0,1.33,17.29,1.3,22.0,0.5,4.1
5288,Aravali Sec,512344,Micro Cap,Manufacturing & Services,Diversified,4.0,0.0,6.06,0.0,-0.07,0.0,4.49,23.0,0.5,4.1
5289,Amit Internation,531300,Micro Cap,Manufacturing & Services,Diversified,3.18,0.0,6.03,0.0,0.0,0.0,-0.76,24.0,0.5,4.1
5290,Oswal Yarns,514460,Micro Cap,Manufacturing & Services,Diversified,14.96,0.0,6.0,0.0,-0.04,0.39,-3.42,25.0,0.5,4.1
5291,Flora Corporatio,540267,Micro Cap,Manufacturing & Services,Diversified,6.82,0.0,5.96,0.0,-0.64,8.53,6.22,26.0,0.5,4.1
5292,Symbiox Investme,539278,Micro Cap,Manufacturing & Services,Diversified,1.9,37.12,5.94,0.0,0.08,0.26,0.66,27.0,0.5,4.1
5293,Worldwide Alumi.,526525,Micro Cap,Manufacturing & Services,Diversified,18.01,118.4,5.92,0.0,0.01,11.25,2.89,28.0,0.5,4.1
5294,B P Capital,536965,Micro Cap,Manufacturing & Services,Diversified,9.85,0.0,5.92,0.0,-0.05,0.0,-3.07,29.0,0.5,4.1
5295,Castora Agri Commodities,531913,Micro Cap,Manufacturing & Services,Diversified,12.0,45.38,5.9,0.0,0.12,9.78,0.67,30.0,0.5,4.1
5296,A F Enterprises,538351,Micro Cap,Manufacturing & Services,Diversified,1.76,0.0,5.89,0.0,-0.14,5.64,-2.24,31.0,0.5,4.1
5297,Vikalp Securitie,531334,Micro Cap,Manufacturing & Services,Diversified,19.24,0.0,5.87,0.0,-0.02,0.0,-4.72,32.0,0.5,4.1
5298,Ekennis Software,543475,Micro Cap,IT & Software Services,IT & Software,41.74,0.0,5.84,0.0,-0.48,0.7,-9.94,63.0,1.0,8.4
5299,Indo Credit Cap.,526887,Micro Cap,Manufacturing & Services,Diversified,8.03,58.1,5.81,0.0,-0.04,0.0,1.03,34.0,0.5,4.1
5300,Laddu Gopal,537707,Micro Cap,Manufacturing & Services,Diversified,0.43,14.5,5.8,0.0,-0.01,13.21,3.31,10.0,0.5,4.1
5301,Prime Capital Ma,535514,Micro Cap,Manufacturing & Services,Diversified,5.77,0.0,5.77,0.0,-1.4,1.48,-4.73,11.0,0.5,4.1
5302,Eureka Industrie,521137,Micro Cap,Manufacturing & Services,Diversified,6.58,0.0,5.76,0.0,-0.21,0.04,361.9,12.0,0.5,4.1
5303,Goyal Associates,530663,Micro Cap,Manufacturing & Services,Diversified,1.08,0.0,5.72,0.0,0.23,0.39,-4.36,13.0,0.5,4.1
5304,Triveni Enterpri,538569,Micro Cap,Manufacturing & Services,Diversified,1.0,44.0,5.72,0.0,0.03,0.0,1.77,14.0,0.5,4.1
5305,Popees Cares,530565,Micro Cap,Manufacturing & Services,Diversified,9.39,0.0,5.7,0.0,-0.03,0.0,0.0,15.0,0.5,4.1
5306,Wagend Infra,503675,Micro Cap,Manufacturing & Services,Diversified,1.21,142.5,5.7,0.0,-0.01,1.32,0.5,16.0,0.5,4.1
5307,Amerise BioScie,531681,Micro Cap,Manufacturing & Services,Diversified,0.86,0.0,5.68,0.0,-0.08,0.0,0.37,17.0,0.5,4.1
5308,Pasupati Fincap,511734,Micro Cap,Manufacturing & Services,Diversified,12.09,47.33,5.68,0.0,0.34,0.45,0.0,18.0,0.5,4.1
5309,Delta Industrial,539596,Micro Cap,Manufacturing & Services,Diversified,10.5,0.0,5.66,0.0,-0.07,0.0,-0.42,19.0,0.5,4.1
5310,K Z Leasing,511728,Micro Cap,Manufacturing & Services,Diversified,18.58,19.48,5.65,0.0,1.14,0.06,4.87,20.0,0.5,4.1
5311,Filmcity Media,531486,Micro Cap,Manufacturing & Services,Diversified,1.14,0.0,5.65,0.0,-0.06,0.0,-9.49,21.0,0.5,4.1
5312,Transglobe Foods,519367,Micro Cap,Manufacturing & Services,Diversified,390.05,0.0,5.65,0.0,-0.06,0.0,5.88,22.0,0.5,4.1
5313,Universal Arts,532378,Micro Cap,Manufacturing & Services,Diversified,5.66,56.4,5.64,0.0,0.12,0.0,2.21,23.0,0.5,4.1
5314,Magenta Life,544188,Micro Cap,Manufacturing & Services,Diversified,8.18,46.83,5.62,0.0,0.13,8.99,3.6,24.0,0.5,4.1
5315,MFS Intercorp,513721,Micro Cap,Manufacturing & Services,Diversified,12.95,0.0,5.59,0.0,-0.21,0.85,-0.64,25.0,0.5,4.1
5316,Mercury Trade Li,512415,Micro Cap,Manufacturing & Services,Diversified,4.11,0.0,5.59,0.0,-63.64,5.33,0.58,26.0,0.5,4.1
5317,Mahaveer Infoway,539383,Micro Cap,Manufacturing & Services,Diversified,10.05,13.51,5.54,0.0,-0.13,0.0,17.43,27.0,0.5,4.1
5318,Amanaya Ventures,543804,Micro Cap,Manufacturing & Services,Diversified,14.8,26.33,5.53,0.0,0.04,70.03,5.54,28.0,0.5,4.1
5319,Purohit Const.,538993,Micro Cap,Manufacturing & Services,Diversified,12.53,0.0,5.52,0.0,-0.79,0.0,-20.48,29.0,0.5,4.1
5320,CHD Chemicals,539800,Micro Cap,Chemicals & Petrochemicals,Chemicals,5.46,0.0,5.52,0.0,-0.12,1.62,-0.36,30.0,0.5,4.1
5321,Aryan Share,542176,Micro Cap,Manufacturing & Services,Diversified,18.41,6.13,5.52,0.0,0.25,0.33,10.36,31.0,0.5,4.1
5322,Wherrelz IT,543436,Micro Cap,Manufacturing & Services,Diversified,141.35,25.05,5.51,0.0,-0.01,6.86,0.52,32.0,0.5,4.1
5323,Mahan Industries,531515,Micro Cap,Manufacturing & Services,Diversified,12.21,3.27,5.49,0.0,1.72,2.66,1.26,33.0,0.5,4.1
5324,Lak. Prec. Screw,LAKPRE,Micro Cap,Textiles & Apparel,Textiles,5.01,0.0,5.48,0.0,-12.66,51.35,0.28,49.0,1.0,7.3
5325,Futuristic Sec.,523113,Micro Cap,Manufacturing & Services,Diversified,28.0,0.0,5.46,0.0,0.01,0.02,0.0,10.0,0.5,4.1
5326,Abhinav Leasing,538952,Micro Cap,Manufacturing & Services,Diversified,1.09,12.39,5.45,0.0,0.16,0.81,6.27,11.0,0.5,4.1
5327,Adjia Tech,543269,Micro Cap,IT & Software Services,IT & Software,61.82,0.0,5.44,0.0,-0.07,0.0,-7.11,52.0,1.0,8.4
5328,M P Agro Inds.,506543,Micro Cap,Manufacturing & Services,Diversified,9.27,89.67,5.38,0.0,0.01,0.0,1.34,13.0,0.5,4.1
5329,Lead Financial S,531288,Micro Cap,Manufacturing & Services,Diversified,16.2,76.43,5.35,0.0,0.06,0.13,3.1,14.0,0.5,4.1
5330,Omni Ax's,532340,Micro Cap,Manufacturing & Services,Diversified,3.1,0.0,5.34,0.0,-0.06,0.0,-0.52,15.0,0.5,4.1
5331,Omkar Overseas,531496,Micro Cap,Manufacturing & Services,Diversified,10.68,0.0,5.34,0.0,-0.07,0.0,-3000.0,16.0,0.5,4.1
5332,Vintage Secur.,531051,Micro Cap,Manufacturing & Services,Diversified,14.39,31.06,5.28,0.0,0.03,0.0,0.95,17.0,0.5,4.1
5333,Mahalaxmi Seam.,513460,Micro Cap,Capital Goods & Engineering,Capital Goods,10.0,0.0,5.28,0.0,0.16,0.62,15.07,18.0,0.5,4.1
5334,Integ. Thermopl.,530921,Micro Cap,Manufacturing & Services,Diversified,8.39,1.02,5.28,0.0,-1.26,0.23,0.0,19.0,0.5,4.1
5335,JPT Securities,530985,Micro Cap,Manufacturing & Services,Diversified,17.54,0.0,5.27,0.0,-0.09,0.0,-976.81,20.0,0.5,4.1
5336,Ashoka Refinerie,526983,Micro Cap,Manufacturing & Services,Diversified,15.47,0.0,5.26,0.0,-0.04,0.01,-6.0,21.0,0.5,4.1
5337,Brijlaxmi Leas.,532113,Micro Cap,Manufacturing & Services,Diversified,8.1,8.32,5.24,0.0,0.15,0.82,6.46,22.0,0.5,4.1
5338,Sungold Capital,531433,Micro Cap,Manufacturing & Services,Diversified,2.84,261.5,5.23,0.0,0.01,0.39,0.35,23.0,0.5,4.1
5339,Ashiana Agro Ind,519174,Micro Cap,Manufacturing & Services,Diversified,11.3,130.0,5.2,0.0,-0.02,0.12,2.69,24.0,0.5,4.1
5340,Suncity Synth.,530795,Micro Cap,Manufacturing & Services,Diversified,10.52,0.0,5.2,0.0,0.02,0.0,0.0,25.0,0.5,4.1
5341,Sailani Tours N,543541,Micro Cap,Metals & Mining,Metals & Mining,11.0,20.68,5.17,0.0,0.1,11.81,5.25,16.0,2.0,13.2
5342,Shikhar Cons.,526883,Micro Cap,Manufacturing & Services,Diversified,11.25,0.0,5.11,0.0,-0.05,0.0,-4.01,27.0,0.5,4.1
5343,Padmanabh Inds.,526905,Micro Cap,Manufacturing & Services,Diversified,8.34,18.78,5.07,0.0,0.01,1.1,17.39,28.0,0.5,4.1
5344,Elango Industrie,513452,Micro Cap,Manufacturing & Services,Diversified,13.28,0.0,5.07,0.0,-0.05,0.01,-3.51,29.0,0.5,4.1
5345,Amarnath Sec.,538465,Micro Cap,Manufacturing & Services,Diversified,16.88,0.0,5.06,0.0,0.01,0.0,-202.34,30.0,0.5,4.1
5346,Ambitious Plasto,526439,Micro Cap,Manufacturing & Services,Diversified,8.68,29.65,5.04,0.0,0.05,3.58,67.92,31.0,0.5,4.1
5347,Bharatiya Glob.,BGLOBAL,Micro Cap,Manufacturing & Services,Diversified,3.16,1.57,5.01,0.0,-0.08,0.11,-1.03,32.0,0.5,4.1
5348,Gian Lifecare,542918,Micro Cap,Manufacturing & Services,Diversified,4.82,0.0,4.98,0.0,0.1,1.12,2.4,33.0,0.5,4.1
5349,Raghunath Intl.,526813,Micro Cap,Manufacturing & Services,Diversified,9.91,4.55,4.96,0.0,0.14,0.0,7.84,34.0,0.5,4.1
5350,Mahasagar Travel,526795,Micro Cap,Manufacturing & Services,Diversified,6.29,0.0,4.94,0.0,-0.1,10.17,15.82,10.0,0.5,4.1
5351,Betala Glob.Sec.,531530,Micro Cap,Manufacturing & Services,Diversified,35.75,0.0,4.93,0.0,0.01,0.0,-8.42,11.0,0.5,4.1
5352,Gconnect Logitec,544156,Micro Cap,Manufacturing & Services,Diversified,13.21,22.32,4.91,0.0,0.06,1.53,3.48,12.0,0.5,4.1
5353,Olympic Cards,534190,Micro Cap,Manufacturing & Services,Diversified,3.0,0.0,4.89,0.0,-1.07,2.52,-14.04,13.0,0.5,4.1
5354,Auto.Prod.India,505032,Micro Cap,Automotive & 2W/3W,Auto Ancillary & Components,7.86,0.0,4.89,0.0,-0.8,0.04,-23.53,29.0,1.0,7.3
5355,Polymac Thermof.,537573,Micro Cap,Manufacturing & Services,Diversified,10.16,486.0,4.86,0.0,-0.33,8.7,2.03,15.0,0.5,4.1
5356,Kakatiya Textile,521054,Micro Cap,Textiles & Apparel,Textiles,8.29,0.0,4.82,0.0,-0.17,11.84,-87.57,31.0,1.0,7.3
5357,Sun Retail,542025,Micro Cap,Manufacturing & Services,Diversified,0.31,0.0,4.81,0.0,-0.12,8.62,-0.77,17.0,0.5,4.1
5358,Saianand Commer.,512097,Micro Cap,Manufacturing & Services,Diversified,0.21,0.0,4.77,0.0,-0.03,0.07,0.8,18.0,0.5,4.1
5359,UTL Industries,500426,Micro Cap,Manufacturing & Services,Diversified,1.44,0.0,4.75,0.0,-0.06,0.01,1.43,19.0,0.5,4.1
5360,Vallabh Steels,513397,Micro Cap,Metals & Mining,Metals & Mining,9.6,0.0,4.75,0.0,-0.26,0.0,-4.94,35.0,2.0,13.2
5361,Peoples Invest,501144,Micro Cap,Manufacturing & Services,Diversified,235.8,0.0,4.72,0.0,0.02,0.04,0.0,21.0,0.5,4.1
5362,Thakkers Group,507530,Micro Cap,Manufacturing & Services,Diversified,29.55,0.0,4.68,0.0,-0.8,5.55,13.23,22.0,0.5,4.1
5363,Naturo Indiabull,543579,Micro Cap,Manufacturing & Services,Diversified,2.48,0.0,4.68,0.0,-0.2,0.0,0.0,23.0,0.5,4.1
5364,Karnimata Cold,537784,Micro Cap,Manufacturing & Services,Diversified,9.19,5.91,4.67,0.0,0.31,2.14,8.9,24.0,0.5,4.1
5365,Deccan Polypacks,531989,Micro Cap,Manufacturing & Services,Diversified,22.0,0.0,4.65,0.0,-0.06,0.0,-400.0,25.0,0.5,4.1
5366,Seshachal Tech.,531794,Micro Cap,IT & Software Services,IT & Software,66.66,0.0,4.63,0.0,0.06,3.87,1.58,51.0,1.0,8.4
5367,Goldcoin Health,538542,Micro Cap,Manufacturing & Services,Diversified,30.89,0.0,4.63,0.0,-0.09,0.02,-2.23,27.0,0.5,4.1
5368,SGN Telecoms,531812,Micro Cap,Telecom & Data Centers,Telecom Infrastructure,0.57,0.0,4.61,0.0,-0.09,0.0,-115.0,53.0,1.0,8.4
5369,Trustwave,508963,Micro Cap,Manufacturing & Services,Diversified,139.76,0.0,4.57,0.0,-0.13,0.0,2.14,29.0,0.5,4.1
5370,Patron Exim,543798,Micro Cap,Manufacturing & Services,Diversified,1.97,0.0,4.57,0.0,-1.1,0.49,-2.71,30.0,0.5,4.1
5371,Sparc Electrex,531370,Micro Cap,Manufacturing & Services,Diversified,4.46,0.0,4.54,0.0,-0.05,0.0,-28.46,31.0,0.5,4.1
5372,Coral Newsprints,530755,Micro Cap,Manufacturing & Services,Diversified,8.94,0.0,4.52,0.0,-0.14,0.0,0.0,32.0,0.5,4.1
5373,Retro Green,519191,Micro Cap,Power Utilities & Cleantech,Renewable Energy & Power,1.19,0.0,4.52,0.0,-0.06,0.04,0.36,18.0,2.0,13.2
5374,Jainco Projects,526865,Micro Cap,Manufacturing & Services,Diversified,4.5,0.0,4.5,0.0,0.0,0.08,2.49,34.0,0.5,4.1
5375,Superior Finleas,539835,Micro Cap,Manufacturing & Services,Diversified,1.5,150.0,4.5,0.0,-0.04,0.09,0.12,10.0,0.5,4.1
5376,Aditya Ispat,513513,Micro Cap,Manufacturing & Services,Diversified,8.4,0.0,4.49,0.0,-0.83,7.44,-36.24,11.0,0.5,4.1
5377,Aar Shyam (I),542377,Micro Cap,Manufacturing & Services,Diversified,14.95,0.0,4.49,0.0,-0.07,0.02,-23.85,12.0,0.5,4.1
5378,Shelter Infra,526839,Micro Cap,Manufacturing & Services,Diversified,12.5,0.0,4.46,0.0,-0.01,0.55,-0.07,13.0,0.5,4.1
5379,BMB Music,531420,Micro Cap,Manufacturing & Services,Diversified,7.3,0.0,4.42,0.0,0.25,0.9,12.89,14.0,0.5,4.1
5380,Siddha Ventures,530439,Micro Cap,Manufacturing & Services,Diversified,4.4,440.0,4.4,0.0,0.04,0.0,-0.34,15.0,0.5,4.1
5381,Tridev Infra.,531568,Micro Cap,Manufacturing & Services,Diversified,6.7,0.0,4.37,0.0,0.01,0.03,0.0,16.0,0.5,4.1
5382,Rajkot Inv.Trust,539495,Micro Cap,Manufacturing & Services,Diversified,43.5,33.46,4.35,0.0,0.1,0.22,0.55,17.0,0.5,4.1
5383,Gujarat Winding,541627,Micro Cap,Power Utilities & Cleantech,Renewable Energy & Power,8.96,0.0,4.35,0.0,-0.01,0.0,-21.78,28.0,2.0,13.2
5384,Krishna Fil. Ind,500248,Micro Cap,Manufacturing & Services,Diversified,5.57,108.5,4.34,0.0,0.1,0.0,0.0,19.0,0.5,4.1
5385,Naksh Precious,539402,Micro Cap,Manufacturing & Services,Diversified,4.03,0.0,4.24,0.0,0.0,0.26,-8.51,20.0,0.5,4.1
5386,ACE EduTremd Ltd,530093,Micro Cap,Manufacturing & Services,Diversified,4.6,0.0,4.21,0.0,0.01,0.03,-1.25,21.0,0.5,4.1
5387,Finelistings Tec,544173,Micro Cap,Manufacturing & Services,Diversified,11.57,0.0,4.21,0.0,-1.46,1.47,-23.14,22.0,0.5,4.1
5388,KEN Fin.Serv.,530547,Micro Cap,Manufacturing & Services,Diversified,14.0,8.94,4.2,0.0,0.19,1.27,6.36,23.0,0.5,4.1
5389,NB Footwear,523242,Micro Cap,Manufacturing & Services,Diversified,3.11,0.0,4.2,0.0,-0.06,0.0,0.0,24.0,0.5,4.1
5390,Simplex Papers,533019,Micro Cap,Manufacturing & Services,Diversified,1399.9,0.0,4.2,0.0,-0.03,0.0,-31.88,25.0,0.5,4.1
5391,TMT (I),522171,Micro Cap,Manufacturing & Services,Diversified,8.45,0.0,4.19,0.0,-0.05,0.0,-22.22,26.0,0.5,4.1
5392,Cindrella Fin.,531283,Micro Cap,Manufacturing & Services,Diversified,10.0,34.67,4.16,0.0,0.03,0.01,0.46,27.0,0.5,4.1
5393,Foundry Fuel,513579,Micro Cap,Manufacturing & Services,Diversified,5.17,0.0,4.15,0.0,-0.05,0.0,0.0,28.0,0.5,4.1
5394,Purple Agrotech Industries,540159,Micro Cap,IT & Software Services,IT & Software,4.8,46.11,4.15,0.0,0.03,1.41,3.36,79.0,1.0,8.4
5395,Heera Ispat,526967,Micro Cap,Manufacturing & Services,Diversified,6.99,0.0,4.11,0.0,-0.02,0.0,-39.02,30.0,0.5,4.1
5396,Abhishek Infra.,539544,Micro Cap,Manufacturing & Services,Diversified,8.04,0.0,4.06,0.0,-0.04,0.0,-4.83,31.0,0.5,4.1
5397,VXL Instruments,517399,Micro Cap,Manufacturing & Services,Diversified,3.04,0.0,4.05,0.0,-0.07,0.0,0.0,32.0,0.5,4.1
5398,CMI,CMICABLES,Micro Cap,Manufacturing & Services,Diversified,2.53,0.0,4.05,0.0,-2.85,13.46,-4.24,33.0,0.5,4.1
5399,52 Weeks Enter.,531925,Micro Cap,Manufacturing & Services,Diversified,1.16,0.0,4.05,0.0,-16.65,0.0,0.61,34.0,0.5,4.1
5400,Beeyu Overseas,532645,Micro Cap,Manufacturing & Services,Diversified,2.84,0.0,4.02,0.0,-0.02,0.0,-66.67,10.0,0.5,4.1
5401,Aananda Lakshmi,539096,Micro Cap,Manufacturing & Services,Diversified,11.36,2.6,3.98,0.0,-0.24,0.1,0.0,11.0,0.5,4.1
5402,Decorous Investm,539405,Micro Cap,Manufacturing & Services,Diversified,11.51,99.25,3.97,0.0,-0.02,0.0,3.87,12.0,0.5,4.1
5403,Oswal Leasing,509099,Micro Cap,Manufacturing & Services,Diversified,78.64,0.0,3.93,0.0,-0.01,0.03,-1.81,13.0,0.5,4.1
5404,Encode Packaging,530733,Micro Cap,Manufacturing & Services,Diversified,12.47,0.0,3.93,0.0,0.0,0.0,0.0,14.0,0.5,4.1
5405,SBL Infratech,543366,Micro Cap,IT & Software Services,IT & Software,48.1,24.38,3.9,0.0,0.1,30.73,4.18,50.0,1.0,8.4
5406,T. Spiritual,532444,Micro Cap,Manufacturing & Services,Diversified,1.94,0.0,3.88,0.0,-0.08,0.0,-13.65,16.0,0.5,4.1
5407,Evoq Remedies,543500,Micro Cap,Manufacturing & Services,Diversified,1.56,0.0,3.88,0.0,-0.29,0.0,-0.56,17.0,0.5,4.1
5408,Innocorp,531929,Micro Cap,Manufacturing & Services,Diversified,4.88,387.0,3.87,0.0,-0.03,0.0,0.0,18.0,0.5,4.1
5409,Multipurpose Trd,504356,Micro Cap,Manufacturing & Services,Diversified,7.75,32.0,3.84,0.0,0.01,0.08,4.0,19.0,0.5,4.1
5410,Revati Media,524504,Micro Cap,Manufacturing & Services,Diversified,12.81,0.0,3.84,0.0,-0.07,0.0,-10.63,20.0,0.5,4.1
5411,Sea TV Network,533268,Micro Cap,Manufacturing & Services,Diversified,3.19,0.0,3.83,0.0,-0.44,2.41,0.0,21.0,0.5,4.1
5412,MPS Pharmaa,531686,Micro Cap,Pharmaceuticals & Healthcare,Pharma & Healthcare,1.99,0.0,3.8,0.0,-0.24,0.0,-13.14,22.0,0.5,4.1
5413,Hanman Fit,538731,Micro Cap,Manufacturing & Services,Diversified,3.55,0.0,3.73,0.0,-0.09,0.11,-6.79,23.0,0.5,4.1
5414,Befound Movement,511585,Micro Cap,Manufacturing & Services,Diversified,3.71,0.0,3.71,0.0,-0.2,1.3,3.0,24.0,0.5,4.1
5415,Anand Proj.,501630,Micro Cap,Manufacturing & Services,Diversified,39.81,0.0,3.7,0.0,-0.06,0.25,0.0,25.0,0.5,4.1
5416,City Online Ser.,538674,Micro Cap,Manufacturing & Services,Diversified,7.15,0.0,3.69,0.0,-0.19,2.04,-92.31,26.0,0.5,4.1
5417,Vardhman Concr.,531444,Micro Cap,Textiles & Apparel,Textiles,5.1,0.0,3.65,0.0,-0.05,0.0,-2.33,42.0,1.0,7.3
5418,Pagaria Energy,531396,Micro Cap,Power Utilities & Cleantech,Renewable Energy & Power,8.4,0.0,3.65,0.0,-0.03,0.0,-3.08,33.0,2.0,13.2
5419,Boston Commerce,531458,Micro Cap,Manufacturing & Services,Diversified,5.2,0.0,3.64,0.0,-0.65,0.0,0.11,29.0,0.5,4.1
5420,Sturdy Industrie,530611,Micro Cap,Manufacturing & Services,Diversified,0.24,0.0,3.63,0.0,-0.24,0.0,-10.9,30.0,0.5,4.1
5421,Virgo Global,532354,Micro Cap,Manufacturing & Services,Diversified,3.41,0.0,3.58,0.0,-0.06,0.0,-33.09,31.0,0.5,4.1
5422,Geetanjali Cred.,539486,Micro Cap,Manufacturing & Services,Diversified,8.11,21.06,3.58,0.0,0.15,0.2,0.63,32.0,0.5,4.1
5423,Silver Pearl,543536,Micro Cap,Manufacturing & Services,Diversified,4.53,29.67,3.56,0.0,0.04,0.03,1.26,33.0,0.5,4.1
5424,Williamson Fin.,519214,Micro Cap,Manufacturing & Services,Diversified,4.2,0.0,3.51,0.0,-0.07,0.0,-5.8,34.0,0.5,4.1
5425,Integ. Hitech,532303,Micro Cap,IT & Software Services,IT & Software,3.5,31.82,3.5,0.0,0.09,0.0,0.0,70.0,1.0,8.4
5426,Shyama Computro.,531219,Micro Cap,Manufacturing & Services,Diversified,3.4,28.5,3.42,0.0,0.01,0.08,1.48,11.0,0.5,4.1
5427,Transpact Enter.,542765,Micro Cap,Manufacturing & Services,Diversified,86.0,37.0,3.33,0.0,0.04,0.09,14.04,12.0,0.5,4.1
5428,Perfect Infraeng,PERFECT,Micro Cap,Manufacturing & Services,Diversified,1.9,4.05,3.32,0.0,0.71,2.66,0.92,13.0,0.5,4.1
5429,Unitech Internat,531867,Micro Cap,IT & Software Services,IT & Software,3.27,0.0,3.3,0.0,-0.34,0.0,-536.59,74.0,1.0,8.4
5430,Quintegra Soln.,QUINTEGRA,Micro Cap,Manufacturing & Services,Diversified,1.21,0.0,3.24,0.0,-0.05,0.0,-34.04,15.0,0.5,4.1
5431,Olympic Managem,511632,Micro Cap,Manufacturing & Services,Diversified,10.6,0.0,3.19,0.0,0.01,0.05,-1.8,16.0,0.5,4.1
5432,Ekam Leasing,530581,Micro Cap,Manufacturing & Services,Diversified,5.31,0.0,3.19,0.0,0.29,0.37,-52.83,17.0,0.5,4.1
5433,Rajvir Inds.,RAJVIR,Micro Cap,Manufacturing & Services,Diversified,7.74,0.0,3.09,0.0,-8.52,6.45,0.0,18.0,0.5,4.1
5434,Diamant Infra.,508860,Micro Cap,Manufacturing & Services,Diversified,0.86,0.0,3.03,0.0,0.04,0.0,0.15,19.0,0.5,4.1
5435,GCM Commodity,535917,Micro Cap,Manufacturing & Services,Diversified,4.05,0.0,3.01,0.0,-1.22,0.04,-69.37,20.0,0.5,4.1
5436,Khyati Multimed.,531692,Micro Cap,Manufacturing & Services,Diversified,2.78,16.67,3.0,0.0,-0.04,0.0,15.23,21.0,0.5,4.1
5437,Indo Gulf Inds.,506945,Micro Cap,Manufacturing & Services,Diversified,3.12,0.0,2.98,0.0,-2.46,45.69,30.0,22.0,0.5,4.1
5438,Patidar Buildcon,524031,Micro Cap,Manufacturing & Services,Diversified,5.22,0.0,2.87,0.0,-0.03,0.09,-1.19,23.0,0.5,4.1
5439,PFL Infotech,531769,Micro Cap,IT & Software Services,IT & Software,3.81,0.0,2.85,0.0,-0.03,0.0,0.0,84.0,1.0,8.4
5440,Radhagobind Comm,539673,Micro Cap,Manufacturing & Services,Diversified,1.96,0.0,2.82,0.0,-0.07,0.05,0.0,25.0,0.5,4.1
5441,Unishire Urban,537582,Micro Cap,Manufacturing & Services,Diversified,1.15,0.0,2.8,0.0,-0.3,15.38,-1.32,26.0,0.5,4.1
5442,Spectra Industri,513687,Micro Cap,Manufacturing & Services,Diversified,3.94,0.0,2.79,0.0,-1.23,0.0,-40.85,27.0,0.5,4.1
5443,Swadha Nature,531039,Micro Cap,Manufacturing & Services,Diversified,6.82,0.0,2.79,0.0,-0.07,0.0,-17.61,28.0,0.5,4.1
5444,Svarnim Trade Ud,539911,Micro Cap,Manufacturing & Services,Diversified,11.45,0.0,2.78,0.0,-0.05,0.0,0.0,29.0,0.5,4.1
5445,G-Tech Info.,532139,Micro Cap,IT & Software Services,IT & Software,7.89,276.0,2.76,0.0,0.0,0.0,8.0,50.0,1.0,8.4
5446,Jalan Transol.,JALAN,Micro Cap,Manufacturing & Services,Diversified,1.8,52.4,2.62,0.0,-0.03,1.35,0.0,31.0,0.5,4.1
5447,SSPN FINANCE,539026,Micro Cap,Banking & Financial Services,BFSI,6.8,257.0,2.57,0.0,0.01,0.15,1.71,32.0,0.5,4.1
5448,Mafia Trends,543613,Micro Cap,Manufacturing & Services,Diversified,5.6,5.28,2.48,0.0,0.03,5.08,7.62,33.0,0.5,4.1
5449,Vasa Retail,VASA,Micro Cap,Manufacturing & Services,Diversified,4.05,0.0,2.43,0.0,-0.05,0.0,-1.93,34.0,0.5,4.1
5450,Vaishno Cement,526941,Micro Cap,Cement & Building Materials,Cement & Materials,2.7,0.0,2.42,0.0,-0.08,0.0,-104.17,35.0,2.0,13.2
5451,Rajeswari Infra.,526823,Micro Cap,Manufacturing & Services,Diversified,4.35,0.0,2.41,0.0,-0.28,0.0,0.0,11.0,0.5,4.1
5452,Tricom Fruit,531716,Micro Cap,Manufacturing & Services,Diversified,1.21,0.0,2.31,0.0,-0.07,0.0,0.0,12.0,0.5,4.1
5453,Cresanto Global,531207,Micro Cap,Manufacturing & Services,Diversified,5.12,0.0,2.19,0.0,-0.06,0.0,0.0,13.0,0.5,4.1
5454,Fourth Gen.,532403,Micro Cap,Manufacturing & Services,Diversified,6.11,0.0,2.17,0.0,-0.26,0.0,-10.98,14.0,0.5,4.1
5455,Aurique,517230,Micro Cap,Manufacturing & Services,Diversified,16.32,3.48,2.12,0.18,0.06,1.05,0.0,15.0,0.5,4.1
5456,Madhur Inds,519279,Micro Cap,Manufacturing & Services,Diversified,5.01,0.0,2.05,0.0,-0.06,0.0,-4.51,16.0,0.5,4.1
5457,Baron Infotech,532336,Micro Cap,IT & Software Services,IT & Software,1.9,0.0,1.94,0.0,-0.09,0.0,-7.55,62.0,1.0,8.4
5458,Omnipotent,543400,Micro Cap,Manufacturing & Services,Diversified,2.51,0.0,1.52,0.0,-0.33,0.0,-2.11,18.0,0.5,4.1
5459,Silveroak Comm,512197,Micro Cap,Manufacturing & Services,Diversified,5.47,0.0,1.5,0.0,-0.14,0.0,-77.32,19.0,0.5,4.1
5460,JLA Infraville,538765,Micro Cap,Manufacturing & Services,Diversified,2.12,0.0,1.38,0.0,-0.11,0.0,-1.41,20.0,0.5,4.1
5461,Sybly Industries,531499,Micro Cap,Manufacturing & Services,Diversified,1.16,0.0,1.06,0.0,-0.02,0.0,-1.54,21.0,0.5,4.1
